price,MatriculationMonth,MatriculationYear,km,cv,FuelType,gearboxType,Consume,city,province,Brand,Model,Preparation,Engine,Seats,ConsumeFuel,ConsumeFuelNotUrban,Emissions,Color,Metallizzato,Airbag,NumberDoors,EmissionClass,AirConditioning,Interior
5357,Gennaio,2009,85478.0,114.0,Benzina,Cambio manuale,,Roma,Torino,AUDI,A4,A4 1.3 Business 5p.,1318.0,4.0,4.4,,88.0,Grigio,,Airbag conducente,2 o 3 porte,Euro 4,Climatizzatore manuale,
2319,Giugno,2008,268867.0,113.0,Benzina,Cambio manuale,,Roma,Roma,VOLKSWAGEN,Passat,Passat 1.7 Comfort 5p.,1670.0,5.0,4.4,,69.0,Nero,,Airbag anteriori e laterali,nan,nan,Climatizzatore manuale,
1004,Giugno,2004,227227.0,71.0,Diesel,Cambio automatico,,Roma,Torino,OPEL,Astra,Astra 1.3 Base 5p.,938.0,5.0,5.2,,104.0,Grigio,,Airbag conducente,2 o 3 porte,Euro 6,Climatizzatore automatico,
4675,Marzo,2016,42868.0,76.0,Diesel,Cambio manuale,,Roma,Roma,FORD,Fiesta,Fiesta 1.4 Base 5p.,1136.0,4.0,5.8,,68.0,Grigio,,nan,4 o 5 porte,nan,nan,
6049,Gennaio,2017,32798.0,74.0,Benzina,Cambio automatico,,Roma,Milano,VOLKSWAGEN,Polo,Polo 1.8 Base 5p.,1065.0,5.0,2.8,,132.0,Bianco,,nan,nan,Euro 5,Climatizzatore manuale,
4294,Marzo,2014,41368.0,82.0,Metano,Cambio manuale,,Roma,Roma,FORD,Focus,Focus 1.2 Business 5p.,1272.0,4.0,3.4,,97.0,Grigio,,nan,nan,Euro 4,Climatizzatore automatico,
2182,Giugno,2010,156368.0,73.0,Benzina,Cambio automatico,,Roma,Milano,RENAULT,Clio,Clio 1.5 Comfort 5p.,1143.0,4.0,3.7,,137.0,Grigio,,nan,2 o 3 porte,nan,Climatizzatore automatico,
7249,Gennaio,2019,500.0,105.0,Diesel,Cambio manuale,,Roma,Roma,PEUGEOT,208,208 1.8 Comfort 5p.,1423.0,5.0,4.9,,116.0,Nero,,Airbag anteriori e laterali,4 o 5 porte,Euro 5,nan,
12766,Gennaio,2015,77637.0,141.0,Diesel,Cambio automatico,,Roma,Milano,BMW,X1,X1 1.7 Sport 5p.,2153.0,4.0,4.8,,147.0,Bianco,,Airbag anteriori e laterali,nan,Euro 4,nan,
1437,No Mese,2009,206900.0,69.0,Diesel,Cambio manuale,,Roma,Milano,FIAT,Tipo,Tipo 1.3 Sport 5p.,901.0,5.0,6.8,,174.0,Grigio,,Airbag anteriori e laterali,nan,Euro 5,Climatizzatore automatico,
1064,No Mese,2004,312877.0,72.0,Diesel,Cambio manuale,,Roma,Milano,VOLKSWAGEN,Golf,Golf 1.6 Business 5p.,966.0,7.0,5.5,,151.0,Grigio,,Airbag anteriori e laterali,4 o 5 porte,Euro 4,nan,
1224,Giugno,2004,123785.0,75.0,Diesel,Cambio manuale,,Roma,Torino,PEUGEOT,308,308 1.8 Comfort 5p.,965.0,7.0,3.0,,94.0,Grigio,,Airbag conducente,2 o 3 porte,Euro 5,nan,
1225,Giugno,2008,257867.0,92.0,Elettrico,Cambio manuale,,Roma,Torino,FIAT,Tipo,Tipo 1.8 Sport 5p.,1495.0,7.0,3.6,,117.0,Bianco,,Airbag anteriori e laterali,nan,Euro 5,Climatizzatore automatico,
5837,Marzo,2017,15578.0,81.0,Benzina,Cambio automatico,,Roma,Roma,DR,DR5,DR5 1.8 Base 5p.,1243.0,7.0,6.2,,149.0,Bianco,,Airbag conducente,2 o 3 porte,Euro 6,nan,
12259,Giugno,2016,37117.0,108.0,Diesel,Cambio manuale,,Roma,Milano,AUDI,A4,A4 1.6 Base 5p.,1679.0,5.0,5.0,,116.0,Bianco,,nan,2 o 3 porte,Euro 6,nan,
1990,Giugno,2011,82432.0,47.0,Diesel,Cambio automatico,,Roma,Milano,FIAT,Panda,Panda 1.3 Business 5p.,599.0,4.0,5.1,,154.0,Grigio,,Airbag anteriori e laterali,2 o 3 porte,Euro 6,nan,
3268,Marzo,2010,35079.0,117.0,Diesel,Cambio manuale,,Roma,Milano,PEUGEOT,208,208 1.2 Comfort 5p.,1528.0,5.0,7.0,,115.0,Grigio,,Airbag conducente,2 o 3 porte,Euro 5,Climatizzatore automatico,
3113,No Mese,2011,73873.0,73.0,Benzina,Cambio manuale,,Roma,Torino,PEUGEOT,208,208 1.2 Comfort 5p.,1052.0,5.0,7.2,,104.0,Nero,,Airbag conducente,4 o 5 porte,nan,Climatizzatore manuale,
1913,Marzo,2010,143619.0,79.0,Diesel,Cambio manuale,,Roma,Milano,FIAT,Panda,Panda 1.8 Comfort 5p.,1051.0,4.0,5.5,,130.0,Nero,,Airbag anteriori e laterali,4 o 5 porte,Euro 4,nan,
11689,Marzo,2018,14874.0,125.0,Diesel,Cambio automatico,,Roma,Torino,VOLKSWAGEN,Polo,Polo 1.3 Base 5p.,2208.0,5.0,4.7,,127.0,Bianco,,nan,4 o 5 porte,nan,Climatizzatore manuale,
2458,No Mese,2012,91946.0,40.0,Diesel,Cambio manuale,,Roma,Milano,VOLKSWAGEN,Passat,Passat 1.5 Base 5p.,521.0,7.0,5.6,,139.0,Bianco,,nan,2 o 3 porte,nan,nan,
2641,Gennaio,2010,105633.0,76.0,Diesel,Cambio manuale,,Roma,Roma,RENAULT,Megane,Megane 1.7 Base 5p.,1104.0,7.0,4.1,,122.0,Nero,,Airbag anteriori e laterali,nan,Euro 6,nan,
2362,Gennaio,2006,126366.0,112.0,Diesel,Cambio manuale,,Roma,Roma,PEUGEOT,208,208 1.2 Sport 5p.,1798.0,4.0,7.7,,101.0,Bianco,,nan,nan,Euro 5,nan,
998,Gennaio,2007,258872.0,50.0,Diesel,Cambio manuale,,Roma,Torino,RENAULT,Megane,Megane 1.6 Base 5p.,773.0,5.0,4.0,,141.0,Grigio,,Airbag conducente,2 o 3 porte,nan,nan,
12594,Gennaio,2018,13386.0,91.0,Diesel,Cambio manuale,,Roma,Roma,MERCEDES-BENZ,Classe C,Classe C 1.7 Comfort 5p.,1313.0,4.0,6.4,,173.0,Nero,,nan,4 o 5 porte,nan,Climatizzatore manuale,
5024,Marzo,2009,91865.0,108.0,Diesel,Cambio manuale,,Roma,Roma,AUDI,Q3,Q3 1.7 Comfort 5p.,1666.0,7.0,5.1,,124.0,Bianco,,Airbag conducente,2 o 3 porte,Euro 6,nan,
4872,Marzo,2015,51953.0,80.0,Diesel,Cambio manuale,,Roma,Torino,RENAULT,Clio,Clio 1.8 Base 5p.,947.0,5.0,3.8,,129.0,Nero,,Airbag anteriori e laterali,2 o 3 porte,Euro 6,Climatizzatore manuale,
4749,No Mese,2015,90511.0,84.0,Diesel,Cambio automatico,,Roma,Milano,VOLKSWAGEN,Golf,Golf 1.2 Business 5p.,1100.0,5.0,5.6,,130.0,Bianco,,Airbag conducente,4 o 5 porte,Euro 4,Climatizzatore manuale,
7538,No Mese,2018,10919.0,87.0,Benzina,Cambio manuale,,Roma,Roma,FORD,Fiesta,Fiesta 1.5 Business 5p.,1341.0,4.0,5.1,,94.0,Grigio,,Airbag anteriori e laterali,4 o 5 porte,Euro 4,nan,
7486,Gennaio,2014,30667.0,79.0,Diesel,Cambio manuale,,Roma,Torino,AUDI,A4,A4 1.2 Business 5p.,1018.0,5.0,6.0,,156.0,Grigio,,Airbag conducente,2 o 3 porte,Euro 4,Climatizzatore manuale,
2225,Gennaio,2011,186590.0,65.0,GPL,Cambio manuale,,Roma,Roma,FORD,Focus,Focus 1.3 Comfort 5p.,845.0,5.0,6.2,,125.0,Nero,,Airbag conducente,nan,Euro 5,nan,
47870,No Mese,2008,128545.0,251.0,Diesel,Cambio manuale,,Roma,Roma,FERRARI,California,California 1.7 Sport 5p.,3507.0,5.0,4.3,,95.0,Grigio,,Airbag anteriori e laterali,nan,Euro 5,nan,
1343,Gennaio,2006,203697.0,74.0,Diesel,Cambio manuale,,Roma,Roma,PEUGEOT,308,308 1.2 Base 5p.,1190.0,5.0,4.8,,116.0,Nero,,Airbag conducente,4 o 5 porte,Euro 5,Climatizzatore automatico,
10005,No Mese,2017,39554.0,131.0,GPL,Cambio manuale,,Roma,Milano,VOLKSWAGEN,Passat,Passat 1.7 Sport 5p.,1538.0,5.0,4.7,,119.0,Nero,,Airbag anteriori e laterali,nan,nan,Climatizzatore automatico,
4417,Gennaio,2007,132408.0,109.0,Metano,Cambio manuale,,Roma,Torino,BMW,Serie 3,Serie 3 1.8 Comfort 5p.,1488.0,5.0,8.3,,123.0,Nero,,nan,nan,Euro 4,Climatizzatore automatico,
4453,Gennaio,2007,210156.0,135.0,Diesel,Cambio manuale,,Roma,Torino,BMW,Serie 3,Serie 3 1.2 Comfort 5p.,,5.0,3.8,,93.0,Grigio,,Airbag conducente,4 o 5 porte,Euro 6,nan,
2357,Marzo,2010,241817.0,121.0,Diesel,Cambio manuale,,Roma,Milano,OPEL,Corsa,Corsa 1.7 Base 5p.,1631.0,5.0,5.1,,96.0,Grigio,,Airbag conducente,2 o 3 porte,Euro 4,Climatizzatore automatico,
1337,Giugno,2005,265259.0,92.0,Diesel,Cambio manuale,,Roma,Roma,VOLKSWAGEN,Passat,Passat 1.2 Comfort 5p.,1605.0,5.0,4.0,,152.0,Bianco,,Airbag anteriori e laterali,2 o 3 porte,Euro 4,nan,
5228,Marzo,2017,24778.0,88.0,Benzina,Cambio manuale,,Roma,Milano,PEUGEOT,208,208 1.8 Business 5p.,1208.0,4.0,7.4,,102.0,Nero,,Airbag conducente,2 o 3 porte,Euro 6,Climatizzatore automatico,
4904,No Mese,2018,20235.0,70.0,Benzina,Cambio manuale,,Roma,Torino,RENAULT,Megane,Megane 1.3 Base 5p.,1188.0,5.0,6.1,,87.0,Bianco,,nan,4 o 5 porte,Euro 6,Climatizzatore manuale,
2503,Gennaio,2005,336719.0,121.0,GPL,Cambio manuale,,Roma,Roma,BMW,Serie 3,Serie 3 1.2 Base 5p.,1755.0,7.0,3.5,,143.0,Bianco,,nan,4 o 5 porte,nan,Climatizzatore automatico,
5302,Marzo,2018,7444.0,62.0,Diesel,Cambio automatico,,Roma,Milano,OPEL,Corsa,Corsa 1.4 Comfort 5p.,904.0,5.0,5.2,,97.0,Nero,,nan,nan,Euro 5,Climatizzatore manuale,
4879,Giugno,2017,30509.0,80.0,Diesel,Cambio automatico,,Roma,Milano,FIAT,Tipo,Tipo 1.6 Comfort 5p.,1211.0,5.0,6.4,,134.0,Nero,,Airbag anteriori e laterali,2 o 3 porte,Euro 6,Climatizzatore automatico,
7232,Giugno,2011,153098.0,161.0,GPL,Cambio manuale,,Roma,Roma,MERCEDES-BENZ,Classe C,Classe C 1.3 Sport 5p.,2113.0,5.0,5.6,,155.0,Nero,,Airbag anteriori e laterali,4 o 5 porte,Euro 5,Climatizzatore manuale,
715,Gennaio,2003,192982.0,55.0,Diesel,Cambio manuale,,Roma,Roma,FIAT,500,500 1.6 Base 5p.,786.0,5.0,6.0,,127.0,Bianco,,Airbag anteriori e laterali,2 o 3 porte,Euro 5,Climatizzatore automatico,
1689,Gennaio,2004,192272.0,104.0,Benzina,Cambio manuale,,Roma,Roma,FORD,Fiesta,Fiesta 1.4 Business 5p.,1295.0,7.0,6.0,,155.0,Bianco,,nan,2 o 3 porte,nan,Climatizzatore manuale,
10589,Gennaio,2019,500.0,119.0,Diesel,Cambio manuale,,Roma,Torino,VOLKSWAGEN,Passat,Passat 1.3 Base 5p.,1590.0,5.0,5.4,,102.0,Grigio,,Airbag anteriori e laterali,2 o 3 porte,Euro 4,nan,
5630,No Mese,2019,500.0,63.0,Diesel,Cambio manuale,,Roma,Roma,FORD,Fiesta,Fiesta 1.5 Business 5p.,974.0,5.0,5.3,,149.0,Bianco,,Airbag anteriori e laterali,nan,Euro 5,Climatizzatore manuale,
5873,Gennaio,2014,62686.0,123.0,Benzina,Cambio manuale,,Roma,Torino,PEUGEOT,308,308 1.3 Business 5p.,1887.0,7.0,4.7,,159.0,Bianco,,nan,2 o 3 porte,Euro 4,Climatizzatore automatico,
2081,Gennaio,2008,104842.0,84.0,Diesel,Cambio manuale,,Roma,Milano,OPEL,Astra,Astra 1.2 Base 5p.,1355.0,5.0,6.5,,158.0,Bianco,,Airbag anteriori e laterali,nan,Euro 6,Climatizzatore automatico,
6797,Giugno,2008,12851.0,144.0,Diesel,Cambio manuale,,Roma,Roma,BMW,X1,X1 1.4 Base 5p.,1892.0,7.0,5.4,,120.0,Bianco,,Airbag conducente,nan,Euro 4,Climatizzatore automatico,
4409,Gennaio,2015,55188.0,102.0,Diesel,Cambio manuale,,Roma,Milano,OPEL,Corsa,Corsa 1.5 Base 5p.,1360.0,5.0,6.4,,92.0,Grigio,,Airbag anteriori e laterali,4 o 5 porte,Euro 4,Climatizzatore automatico,
4535,Giugno,2008,217128.0,143.0,Diesel,Cambio manuale,,Roma,Roma,AUDI,Q3,Q3 1.3 Comfort 5p.,2231.0,7.0,7.1,,141.0,Nero,,Airbag anteriori e laterali,2 o 3 porte,Euro 4,Climatizzatore automatico,
6857,Gennaio,2019,500.0,96.0,Benzina,Cambio manuale,,Roma,Milano,FORD,Focus,Focus 1.5 Sport 5p.,1122.0,5.0,5.8,,87.0,Nero,,Airbag conducente,2 o 3 porte,Euro 5,Climatizzatore automatico,
3902,Giugno,2013,132615.0,95.0,Diesel,Cambio manuale,,Roma,Torino,OPEL,Corsa,Corsa 1.6 Base 5p.,1485.0,5.0,6.5,,141.0,Grigio,,Airbag conducente,4 o 5 porte,nan,nan,
6192,Marzo,2014,40762.0,96.0,Metano,Cambio automatico,,Roma,Milano,OPEL,Corsa,Corsa 1.8 Sport 5p.,1303.0,5.0,6.6,,127.0,Grigio,,Airbag conducente,nan,Euro 4,Climatizzatore manuale,
2129,Gennaio,2011,75786.0,58.0,Diesel,Cambio manuale,,Roma,Torino,FIAT,Tipo,Tipo 1.7 Sport 5p.,818.0,5.0,5.4,,98.0,Grigio,,nan,2 o 3 porte,Euro 4,nan,
3157,Gennaio,2007,183020.0,133.0,Benzina,Cambio manuale,,Roma,Milano,VOLKSWAGEN,Polo,Polo 1.6 Base 5p.,2200.0,5.0,5.1,,156.0,Grigio,,nan,4 o 5 porte,Euro 5,nan,
5572,No Mese,2019,500.0,66.0,Diesel,Cambio manuale,,Roma,Milano,FIAT,Panda,Panda 1.7 Business 5p.,1018.0,5.0,4.7,,138.0,Grigio,,nan,4 o 5 porte,Euro 4,Climatizzatore manuale,
1931,No Mese,2007,243615.0,96.0,Diesel,Cambio manuale,,Roma,Roma,VOLKSWAGEN,Passat,Passat 1.6 Business 5p.,1240.0,7.0,4.8,,115.0,Bianco,,Airbag anteriori e laterali,2 o 3 porte,Euro 6,Climatizzatore manuale,
2153,No Mese,2013,62949.0,61.0,Diesel,Cambio manuale,,Roma,Roma,FIAT,Panda,Panda 1.4 Sport 5p.,874.0,5.0,5.0,,75.0,Bianco,,Airbag anteriori e laterali,2 o 3 porte,Euro 4,Climatizzatore automatico,
4474,Gennaio,2011,69690.0,134.0,Benzina,Cambio automatico,,Roma,Milano,FORD,Focus,Focus 1.4 Business 5p.,1540.0,5.0,7.3,,122.0,Nero,,Airbag anteriori e laterali,nan,Euro 6,Climatizzatore manuale,
4899,Giugno,2013,38361.0,125.0,Diesel,Cambio manuale,,Roma,Milano,FORD,Focus,Focus 1.8 Sport 5p.,1738.0,5.0,6.4,,132.0,Nero,,Airbag anteriori e laterali,2 o 3 porte,nan,Climatizzatore manuale,
15407,Gennaio,2019,500.0,132.0,Benzina,Cambio manuale,,Roma,Roma,BMW,Serie 3,Serie 3 1.3 Business 5p.,1607.0,5.0,4.5,,135.0,Grigio,,Airbag anteriori e laterali,nan,Euro 5,Climatizzatore manuale,
18235,Giugno,2018,22870.0,159.0,Diesel,Cambio manuale,,Roma,Torino,AUDI,A4,A4 1.8 Business 5p.,2215.0,5.0,7.2,,127.0,Bianco,,nan,4 o 5 porte,nan,nan,
3480,No Mese,2011,93291.0,142.0,Benzina,Cambio manuale,,Roma,Milano,RENAULT,Megane,Megane 1.6 Sport 5p.,1957.0,4.0,7.3,,175.0,Grigio,,Airbag anteriori e laterali,nan,Euro 6,Climatizzatore automatico,
1863,No Mese,2007,216641.0,93.0,GPL,Cambio manuale,,Roma,Torino,PEUGEOT,208,208 1.3 Comfort 5p.,1374.0,7.0,7.2,,152.0,Grigio,,Airbag anteriori e laterali,2 o 3 porte,Euro 4,Climatizzatore manuale,
2780,No Mese,2009,150279.0,119.0,Diesel,Cambio automatico,,Roma,Torino,OPEL,Astra,Astra 1.5 Sport 5p.,1742.0,5.0,6.2,,77.0,Nero,,Airbag anteriori e laterali,4 o 5 porte,Euro 5,Climatizzatore manuale,
4532,Marzo,2013,132972.0,108.0,Diesel,Cambio automatico,,Roma,Torino,VOLKSWAGEN,Polo,Polo 1.2 Comfort 5p.,1431.0,5.0,5.1,,142.0,Grigio,,Airbag anteriori e laterali,2 o 3 porte,Euro 5,nan,
5112,No Mese,2018,16512.0,49.0,Diesel,Cambio manuale,,Roma,Torino,VOLKSWAGEN,Passat,Passat 1.4 Comfort 5p.,711.0,5.0,3.9,,151.0,Grigio,,nan,2 o 3 porte,nan,Climatizzatore automatico,
4633,Gennaio,2016,44739.0,76.0,Benzina,Cambio manuale,,Roma,Roma,RENAULT,Megane,Megane 1.5 Base 5p.,997.0,4.0,5.5,,130.0,Bianco,,Airbag conducente,4 o 5 porte,nan,nan,
7135,Marzo,2007,39980.0,183.0,Diesel,Cambio automatico,,Roma,Milano,AUDI,Q3,Q3 1.2 Business 5p.,2070.0,4.0,3.9,,123.0,Nero,,Airbag anteriori e laterali,2 o 3 porte,Euro 5,Climatizzatore automatico,
3040,Giugno,2013,102515.0,89.0,Benzina,Cambio manuale,,Roma,Roma,PEUGEOT,308,308 1.7 Sport 5p.,1122.0,5.0,3.6,,119.0,Nero,,Airbag anteriori e laterali,nan,Euro 4,Climatizzatore manuale,
5649,Gennaio,2004,63186.0,164.0,Diesel,Cambio manuale,,Roma,Milano,BMW,Serie 3,Serie 3 1.3 Comfort 5p.,2168.0,4.0,5.1,,119.0,Nero,,Airbag conducente,nan,Euro 5,Climatizzatore automatico,
4435,Gennaio,2009,101081.0,109.0,Diesel,Cambio automatico,,Roma,Torino,BMW,Serie 1,Serie 1 1.7 Comfort 5p.,1497.0,5.0,5.7,,141.0,Grigio,,Airbag conducente,4 o 5 porte,Euro 5,Climatizzatore manuale,
3264,Marzo,2012,102277.0,79.0,Diesel,Cambio manuale,,Roma,Milano,PEUGEOT,208,208 1.6 Base 5p.,1223.0,5.0,6.6,,106.0,Grigio,,nan,4 o 5 porte,nan,nan,
5293,Marzo,2012,131689.0,124.0,Benzina,Cambio automatico,,Roma,Torino,VOLKSWAGEN,Passat,Passat 1.5 Comfort 5p.,1514.0,5.0,4.9,,64.0,Grigio,,Airbag anteriori e laterali,4 o 5 porte,nan,nan,
2399,Gennaio,2008,143904.0,119.0,Metano,Cambio manuale,,Roma,Milano,RENAULT,Megane,Megane 1.3 Business 5p.,1741.0,4.0,6.1,,136.0,Grigio,,Airbag conducente,nan,Euro 4,Climatizzatore automatico,
2526,Marzo,2011,172129.0,86.0,Benzina,Cambio automatico,,Roma,Torino,OPEL,Corsa,Corsa 1.5 Base 5p.,1198.0,5.0,3.6,,154.0,Grigio,,Airbag anteriori e laterali,2 o 3 porte,Euro 6,nan,
3388,Giugno,2017,31870.0,48.0,GPL,Cambio automatico,,Roma,Torino,FIAT,500,500 1.4 Sport 5p.,650.0,5.0,5.4,,137.0,Grigio,,Airbag anteriori e laterali,2 o 3 porte,Euro 6,Climatizzatore automatico,
5182,Gennaio,2018,14346.0,52.0,Metano,Cambio manuale,,Roma,Milano,FORD,Fiesta,Fiesta 1.6 Business 5p.,660.0,5.0,6.4,,179.0,Bianco,,nan,2 o 3 porte,Euro 6,nan,
4452,Gennaio,2014,77150.0,119.0,Diesel,Cambio manuale,,Roma,Milano,FORD,Fiesta,Fiesta 1.8 Comfort 5p.,1690.0,7.0,4.9,,146.0,Bianco,,Airbag conducente,2 o 3 porte,Euro 6,nan,
1007,No Mese,2006,248581.0,85.0,Benzina,Cambio automatico,,Roma,Torino,FIAT,Panda,Panda 1.3 Base 5p.,1315.0,5.0,6.2,,138.0,Nero,,nan,nan,Euro 6,Climatizzatore automatico,
974,No Mese,2005,242021.0,74.0,Benzina,Cambio manuale,,Roma,Milano,OPEL,Astra,Astra 1.8 Base 5p.,1047.0,5.0,7.7,,145.0,Nero,,nan,nan,nan,Climatizzatore manuale,
4500,Giugno,2015,67040.0,101.0,Benzina,Cambio manuale,,Roma,Milano,OPEL,Astra,Astra 1.4 Sport 5p.,951.0,5.0,4.8,,159.0,Bianco,,Airbag conducente,4 o 5 porte,Euro 6,Climatizzatore manuale,
2044,Giugno,2008,145816.0,95.0,Diesel,Cambio automatico,,Roma,Torino,FIAT,500,500 1.8 Comfort 5p.,1497.0,7.0,7.0,,184.0,Bianco,,Airbag anteriori e laterali,4 o 5 porte,nan,Climatizzatore manuale,
6892,Gennaio,2014,37019.0,129.0,Benzina,Cambio manuale,,Roma,Milano,VOLKSWAGEN,Passat,Passat 1.8 Business 5p.,1544.0,7.0,6.2,,138.0,Nero,,Airbag conducente,2 o 3 porte,Euro 4,Climatizzatore manuale,
12583,Giugno,2016,33117.0,132.0,Diesel,Cambio manuale,,Roma,Milano,MERCEDES-BENZ,Classe C,Classe C 1.7 Comfort 5p.,1762.0,4.0,4.1,,112.0,Nero,,Airbag conducente,nan,Euro 5,Climatizzatore manuale,
2259,Gennaio,2008,169628.0,126.0,Diesel,Cambio automatico,,Roma,Torino,RENAULT,Clio,Clio 1.8 Base 5p.,1796.0,7.0,6.5,,83.0,Bianco,,Airbag conducente,2 o 3 porte,Euro 6,nan,
11772,No Mese,2018,9998.0,150.0,Benzina,Cambio manuale,,Roma,Roma,VOLKSWAGEN,Polo,Polo 1.6 Sport 5p.,2377.0,5.0,5.3,,90.0,Bianco,,Airbag anteriori e laterali,4 o 5 porte,nan,nan,
17675,Giugno,2018,11660.0,114.0,Benzina,Cambio manuale,,Roma,Torino,AUDI,A3,A3 1.2 Base 5p.,1579.0,4.0,6.2,,109.0,Grigio,,Airbag anteriori e laterali,nan,nan,Climatizzatore manuale,
5737,Marzo,2015,52742.0,78.0,Diesel,Cambio automatico,,Roma,Torino,RENAULT,Clio,Clio 1.2 Comfort 5p.,1110.0,4.0,5.6,,99.0,Grigio,,Airbag anteriori e laterali,2 o 3 porte,nan,Climatizzatore automatico,
1599,Gennaio,2007,274793.0,126.0,Diesel,Cambio manuale,,Roma,Roma,PEUGEOT,208,208 1.7 Sport 5p.,1994.0,5.0,3.1,,158.0,Bianco,,Airbag anteriori e laterali,4 o 5 porte,Euro 4,Climatizzatore manuale,
5531,Marzo,2006,191980.0,165.0,Diesel,Cambio manuale,,Roma,Roma,MERCEDES-BENZ,Classe C,Classe C 1.4 Business 5p.,2510.0,5.0,4.8,,104.0,Bianco,,Airbag conducente,nan,Euro 5,Climatizzatore manuale,
3470,Marzo,2015,80087.0,86.0,Benzina,Cambio manuale,,Roma,Milano,OPEL,Astra,Astra 1.7 Comfort 5p.,1182.0,4.0,3.9,,145.0,Grigio,,nan,nan,nan,nan,
4857,Marzo,2019,500.0,40.0,Diesel,Cambio manuale,,Roma,Roma,VOLKSWAGEN,Passat,Passat 1.7 Comfort 5p.,672.0,4.0,4.1,,156.0,Bianco,,Airbag anteriori e laterali,4 o 5 porte,Euro 5,nan,
3908,Giugno,2007,188780.0,124.0,Diesel,Cambio manuale,,Roma,Torino,BMW,Serie 1,Serie 1 1.2 Business 5p.,1584.0,5.0,5.7,,131.0,Nero,,nan,4 o 5 porte,Euro 6,Climatizzatore manuale,
3455,Marzo,2004,130547.0,130.0,Benzina,Cambio manuale,,Roma,Torino,MERCEDES-BENZ,Classe A,Classe A 1.2 Sport 5p.,1559.0,4.0,6.2,,139.0,Grigio,,Airbag conducente,4 o 5 porte,Euro 5,Climatizzatore manuale,
5196,No Mese,2016,66267.0,99.0,Diesel,Cambio manuale,,Roma,Roma,RENAULT,Clio,Clio 1.5 Sport 5p.,1622.0,7.0,4.5,,124.0,Grigio,,nan,2 o 3 porte,Euro 4,Climatizzatore automatico,
3102,No Mese,2004,110591.0,102.0,Benzina,Cambio manuale,,Roma,Roma,BMW,X1,X1 1.6 Base 5p.,1211.0,5.0,4.4,,142.0,Grigio,,Airbag anteriori e laterali,4 o 5 porte,Euro 5,Climatizzatore automatico,
9170,Gennaio,2013,76714.0,116.0,GPL,Cambio automatico,,Roma,Roma,MERCEDES-BENZ,Classe A,Classe A 1.5 Base 5p.,1648.0,5.0,5.6,,133.0,Nero,,Airbag anteriori e laterali,nan,Euro 6,nan,
1422,Gennaio,2006,96155.0,94.0,Elettrico,Cambio manuale,,Roma,Milano,FIAT,500,500 1.8 Base 5p.,1398.0,7.0,5.0,,148.0,Nero,,nan,4 o 5 porte,Euro 5,nan,
2938,No Mese,2005,189437.0,94.0,Diesel,Cambio automatico,,Roma,Milano,AUDI,Q3,Q3 1.3 Business 5p.,1263.0,4.0,5.1,,92.0,Bianco,,Airbag conducente,2 o 3 porte,Euro 4,nan,
4636,Giugno,2015,58775.0,68.0,Diesel,Cambio automatico,,Roma,Milano,RENAULT,Clio,Clio 1.8 Sport 5p.,878.0,5.0,4.0,,116.0,Grigio,,nan,4 o 5 porte,nan,Climatizzatore automatico,
1512,Gennaio,2004,225686.0,99.0,Diesel,Cambio automatico,,Roma,Milano,OPEL,Corsa,Corsa 1.5 Comfort 5p.,1170.0,7.0,7.9,,117.0,Bianco,,nan,nan,Euro 5,Climatizzatore automatico,
3606,No Mese,2007,292056.0,110.0,Diesel,Cambio manuale,,Roma,Milano,MERCEDES-BENZ,Classe C,Classe C 1.6 Comfort 5p.,1538.0,5.0,6.5,,128.0,Grigio,,Airbag anteriori e laterali,4 o 5 porte,Euro 4,Climatizzatore manuale,
5187,Gennaio,2012,139511.0,106.0,Benzina,Cambio manuale,,Roma,Torino,AUDI,A4,A4 1.3 Sport 5p.,1489.0,5.0,5.6,,108.0,Nero,,Airbag conducente,2 o 3 porte,nan,nan,
4822,Gennaio,2017,34585.0,79.0,Diesel,Cambio manuale,,Roma,Milano,FIAT,Panda,Panda 1.7 Sport 5p.,1225.0,5.0,5.3,,144.0,Nero,,nan,2 o 3 porte,Euro 6,nan,
4228,Marzo,2017,19172.0,67.0,Diesel,Cambio manuale,,Roma,Roma,RENAULT,Megane,Megane 1.7 Comfort 5p.,988.0,7.0,4.4,,125.0,Grigio,,Airbag conducente,4 o 5 porte,Euro 6,nan,
3131,No Mese,2004,75553.0,102.0,Diesel,Cambio manuale,,Roma,Torino,BMW,Serie 3,Serie 3 1.5 Comfort 5p.,1540.0,5.0,7.2,,142.0,Bianco,,nan,4 o 5 porte,Euro 6,nan,
5980,No Mese,2014,60804.0,56.0,Diesel,Cambio automatico,,Roma,Milano,AUDI,A3,A3 1.4 Comfort 5p.,751.0,5.0,5.7,,122.0,Bianco,,Airbag anteriori e laterali,4 o 5 porte,nan,nan,
2959,No Mese,2014,100889.0,65.0,Benzina,Cambio manuale,,Roma,Roma,VOLKSWAGEN,Passat,Passat 1.2 Business 5p.,960.0,4.0,3.3,,105.0,Bianco,,Airbag anteriori e laterali,2 o 3 porte,nan,Climatizzatore manuale,
6455,Marzo,2007,167816.0,155.0,GPL,Cambio automatico,,Roma,Torino,BMW,X1,X1 1.4 Business 5p.,,4.0,9.4,,175.0,Bianco,,nan,4 o 5 porte,nan,Climatizzatore manuale,
2200,Giugno,2012,103152.0,57.0,Diesel,Cambio manuale,,Roma,Milano,OPEL,Astra,Astra 1.7 Comfort 5p.,885.0,4.0,4.9,,99.0,Nero,,nan,4 o 5 porte,Euro 6,Climatizzatore manuale,
3448,Gennaio,2015,48019.0,86.0,Diesel,Cambio automatico,,Roma,Milano,FIAT,Tipo,Tipo 1.5 Comfort 5p.,1275.0,7.0,6.5,,104.0,Grigio,,Airbag anteriori e laterali,4 o 5 porte,nan,Climatizzatore manuale,
2032,No Mese,2008,136133.0,76.0,Diesel,Cambio automatico,,Roma,Milano,OPEL,Astra,Astra 1.7 Base 5p.,1013.0,5.0,4.7,,132.0,Bianco,,Airbag anteriori e laterali,2 o 3 porte,Euro 5,Climatizzatore automatico,
1673,No Mese,2010,84907.0,59.0,Benzina,Cambio manuale,,Roma,Milano,RENAULT,Clio,Clio 1.3 Comfort 5p.,726.0,5.0,6.9,,120.0,Bianco,,Airbag conducente,2 o 3 porte,nan,Climatizzatore automatico,
7142,Gennaio,2019,500.0,84.0,Diesel,Cambio automatico,,Roma,Torino,RENAULT,Clio,Clio 1.5 Sport 5p.,,5.0,6.5,,101.0,Bianco,,Airbag conducente,2 o 3 porte,nan,Climatizzatore automatico,
3121,No Mese,2013,145393.0,79.0,Diesel,Cambio manuale,,Roma,Roma,VOLKSWAGEN,Polo,Polo 1.2 Business 5p.,1140.0,5.0,5.7,,151.0,Bianco,,Airbag anteriori e laterali,4 o 5 porte,Euro 4,Climatizzatore manuale,
2136,Marzo,2005,205847.0,93.0,Benzina,Cambio manuale,,Roma,Milano,FORD,Fiesta,Fiesta 1.6 Comfort 5p.,1204.0,7.0,5.7,,130.0,Nero,,nan,nan,Euro 6,Climatizzatore automatico,
5322,Gennaio,2009,123258.0,134.0,Benzina,Cambio manuale,,Roma,Milano,AUDI,A4,A4 1.3 Business 5p.,1733.0,5.0,4.9,,162.0,Nero,,Airbag anteriori e laterali,4 o 5 porte,Euro 4,Climatizzatore manuale,
2924,Gennaio,2011,120842.0,86.0,Benzina,Cambio manuale,,Roma,Milano,FORD,Fiesta,Fiesta 1.7 Comfort 5p.,1283.0,5.0,5.3,,81.0,Grigio,,nan,nan,Euro 6,Climatizzatore automatico,
11804,No Mese,2018,22074.0,118.0,Diesel,Cambio manuale,,Roma,Milano,AUDI,A3,A3 1.6 Base 5p.,1677.0,7.0,5.5,,150.0,Bianco,,Airbag anteriori e laterali,4 o 5 porte,Euro 4,Climatizzatore automatico,
3042,No Mese,2004,180209.0,109.0,Diesel,Cambio manuale,,Roma,Roma,BMW,Serie 3,Serie 3 1.3 Comfort 5p.,1428.0,4.0,7.6,,132.0,Grigio,,Airbag anteriori e laterali,2 o 3 porte,Euro 6,Climatizzatore automatico,
2502,Giugno,2006,248180.0,87.0,GPL,Cambio manuale,,Roma,Torino,BMW,Serie 3,Serie 3 1.2 Business 5p.,1611.0,5.0,4.0,,146.0,Grigio,,Airbag conducente,nan,Euro 6,Climatizzatore manuale,
720,Gennaio,2007,292429.0,40.0,Diesel,Cambio manuale,,Roma,Milano,RENAULT,Clio,Clio 1.7 Sport 5p.,560.0,4.0,7.8,,105.0,Grigio,,Airbag conducente,2 o 3 porte,Euro 6,nan,
4420,Gennaio,2014,57822.0,74.0,Diesel,Cambio manuale,,Roma,Milano,VOLKSWAGEN,Golf,Golf 1.7 Business 5p.,975.0,7.0,6.1,,165.0,Nero,,Airbag anteriori e laterali,4 o 5 porte,Euro 6,Climatizzatore manuale,
2282,No Mese,2013,91946.0,54.0,Diesel,Cambio automatico,,Roma,Torino,FIAT,Tipo,Tipo 1.3 Comfort 5p.,849.0,5.0,6.2,,105.0,Grigio,,nan,nan,Euro 5,Climatizzatore automatico,
2114,Marzo,2008,195983.0,110.0,Metano,Cambio automatico,,Roma,Roma,RENAULT,Megane,Megane 1.4 Sport 5p.,1775.0,5.0,7.0,,133.0,Bianco,,Airbag anteriori e laterali,nan,Euro 6,nan,
3699,Marzo,2016,57641.0,70.0,Benzina,Cambio manuale,,Roma,Torino,RENAULT,Clio,Clio 1.5 Business 5p.,973.0,5.0,6.4,,76.0,Grigio,,Airbag anteriori e laterali,4 o 5 porte,Euro 4,nan,
4848,No Mese,2019,500.0,66.0,Diesel,Cambio manuale,,Roma,Milano,FORD,Fiesta,Fiesta 1.6 Base 5p.,1028.0,7.0,7.3,,145.0,Nero,,Airbag anteriori e laterali,nan,Euro 5,Climatizzatore automatico,
1990,Gennaio,2010,102127.0,89.0,Benzina,Cambio automatico,,Roma,Torino,FIAT,Tipo,Tipo 1.6 Base 5p.,1103.0,5.0,4.3,,110.0,Bianco,,Airbag anteriori e laterali,4 o 5 porte,Euro 4,Climatizzatore automatico,
4565,Marzo,2018,21340.0,107.0,Benzina,Cambio manuale,,Roma,Roma,FIAT,Panda,Panda 1.4 Business 5p.,,5.0,4.7,,126.0,Bianco,,nan,nan,Euro 5,nan,
3894,Gennaio,2008,77947.0,54.0,Benzina,Cambio automatico,,Roma,Milano,MERCEDES-BENZ,Classe A,Classe A 1.4 Comfort 5p.,856.0,5.0,4.9,,132.0,Nero,,Airbag conducente,nan,Euro 5,Climatizzatore automatico,
3244,Marzo,2007,89061.0,115.0,Benzina,Cambio automatico,,Roma,Roma,FORD,Focus,Focus 1.6 Sport 5p.,1143.0,5.0,5.5,,171.0,Nero,,Airbag anteriori e laterali,4 o 5 porte,nan,Climatizzatore automatico,
3015,No Mese,2004,317995.0,179.0,Benzina,Cambio manuale,,Roma,Milano,MERCEDES-BENZ,Classe A,Classe A 1.2 Base 5p.,2698.0,5.0,6.0,,147.0,Grigio,,Airbag conducente,4 o 5 porte,Euro 4,nan,
15347,Marzo,2019,500.0,86.0,Diesel,Cambio automatico,,Roma,Torino,AUDI,A4,A4 1.8 Business 5p.,1120.0,5.0,6.1,,126.0,Bianco,,Airbag conducente,2 o 3 porte,Euro 6,Climatizzatore manuale,
3486,Gennaio,2016,44611.0,55.0,Diesel,Cambio automatico,,Roma,Torino,PEUGEOT,208,208 1.7 Base 5p.,810.0,5.0,6.2,,109.0,Grigio,,Airbag anteriori e laterali,nan,Euro 4,Climatizzatore manuale,
4340,No Mese,2007,53425.0,99.0,Diesel,Cambio manuale,,Roma,Torino,AUDI,A4,A4 1.6 Sport 5p.,1536.0,7.0,7.7,,165.0,Bianco,,nan,nan,Euro 6,Climatizzatore automatico,
5595,No Mese,2006,118927.0,198.0,Diesel,Cambio manuale,,Roma,Torino,MERCEDES-BENZ,Classe C,Classe C 1.3 Sport 5p.,3522.0,5.0,6.8,,109.0,Nero,,nan,2 o 3 porte,Euro 4,Climatizzatore manuale,
1875,Giugno,2006,215969.0,134.0,Benzina,Cambio manuale,,Roma,Torino,PEUGEOT,208,208 1.5 Sport 5p.,1570.0,7.0,6.0,,113.0,Bianco,,Airbag conducente,4 o 5 porte,Euro 4,Climatizzatore manuale,
6281,Marzo,2018,16103.0,73.0,Diesel,Cambio manuale,,Roma,Roma,FIAT,Tipo,Tipo 1.2 Base 5p.,970.0,7.0,6.2,,174.0,Bianco,,nan,2 o 3 porte,Euro 6,nan,
1486,Giugno,2007,213958.0,64.0,Diesel,Cambio automatico,,Roma,Roma,PEUGEOT,308,308 1.8 Comfort 5p.,1090.0,5.0,2.9,,121.0,Bianco,,nan,2 o 3 porte,Euro 6,Climatizzatore automatico,
1323,Giugno,2003,240088.0,110.0,Diesel,Cambio automatico,,Roma,Torino,OPEL,Corsa,Corsa 1.8 Sport 5p.,1472.0,5.0,5.4,,108.0,Nero,,Airbag conducente,2 o 3 porte,Euro 5,Climatizzatore manuale,
12041,Giugno,2016,55993.0,126.0,Diesel,Cambio manuale,,Roma,Milano,AUDI,Q3,Q3 1.2 Sport 5p.,1887.0,5.0,2.5,,74.0,Nero,,Airbag conducente,4 o 5 porte,Euro 4,Climatizzatore automatico,
3026,Giugno,2012,118077.0,110.0,Benzina,Cambio manuale,,Roma,Milano,FORD,Focus,Focus 1.7 Base 5p.,1596.0,5.0,3.4,,121.0,Bianco,,nan,nan,Euro 6,Climatizzatore manuale,
19241,No Mese,2019,500.0,113.0,Diesel,Cambio automatico,,Roma,Milano,BMW,Serie 3,Serie 3 1.3 Sport 5p.,1597.0,5.0,6.7,,114.0,Nero,,Airbag conducente,4 o 5 porte,Euro 6,Climatizzatore automatico,
2921,Gennaio,2013,62329.0,52.0,GPL,Cambio manuale,,Roma,Roma,FORD,Fiesta,Fiesta 1.3 Business 5p.,734.0,5.0,5.3,,123.0,Bianco,,nan,4 o 5 porte,Euro 5,Climatizzatore automatico,
1857,Gennaio,2007,275865.0,100.0,Diesel,Cambio manuale,,Roma,Milano,PEUGEOT,208,208 1.2 Business 5p.,1372.0,4.0,5.1,,102.0,Nero,,Airbag anteriori e laterali,nan,Euro 5,Climatizzatore automatico,
835,Giugno,2004,109481.0,40.0,GPL,Cambio manuale,,Roma,Milano,RENAULT,Clio,Clio 1.4 Comfort 5p.,493.0,5.0,4.8,,181.0,Bianco,,Airbag conducente,nan,Euro 6,nan,
1198,Gennaio,2003,176780.0,100.0,Diesel,Cambio manuale,,Roma,Torino,VOLKSWAGEN,Golf,Golf 1.8 Business 5p.,1242.0,7.0,6.4,,144.0,Nero,,nan,4 o 5 porte,Euro 5,nan,
2314,No Mese,2007,107318.0,110.0,Benzina,Cambio automatico,,Roma,Roma,FORD,Focus,Focus 1.4 Base 5p.,1327.0,5.0,5.2,,116.0,Nero,,Airbag conducente,2 o 3 porte,nan,nan,
7358,Gennaio,2017,28693.0,102.0,GPL,Cambio automatico,,Roma,Roma,FIAT,500,500 1.3 Sport 5p.,1608.0,5.0,5.0,,160.0,Nero,,nan,nan,Euro 5,nan,
1349,Giugno,2004,251967.0,102.0,Diesel,Cambio manuale,,Roma,Milano,PEUGEOT,308,308 1.8 Base 5p.,1105.0,5.0,4.8,,103.0,Nero,,Airbag anteriori e laterali,nan,nan,Climatizzatore automatico,
2418,Gennaio,2003,186094.0,113.0,Diesel,Cambio manuale,,Roma,Roma,MERCEDES-BENZ,Classe C,Classe C 1.5 Business 5p.,1444.0,5.0,3.9,,146.0,Bianco,,Airbag conducente,2 o 3 porte,Euro 6,Climatizzatore manuale,
6573,No Mese,2016,64123.0,96.0,Elettrico,Cambio manuale,,Roma,Milano,PEUGEOT,308,308 1.2 Business 5p.,1643.0,5.0,3.8,,80.0,Nero,,Airbag anteriori e laterali,nan,Euro 6,Climatizzatore automatico,
1367,Marzo,2004,80906.0,60.0,Diesel,Cambio manuale,,Roma,Milano,VOLKSWAGEN,Polo,Polo 1.2 Sport 5p.,910.0,5.0,4.1,,124.0,Nero,,Airbag conducente,nan,Euro 6,Climatizzatore manuale,
7512,Gennaio,2018,25512.0,123.0,Metano,Cambio automatico,,Roma,Roma,OPEL,Astra,Astra 1.7 Business 5p.,1998.0,5.0,5.4,,110.0,Grigio,,Airbag anteriori e laterali,2 o 3 porte,Euro 4,Climatizzatore manuale,
6188,Giugno,2017,28917.0,100.0,Diesel,Cambio manuale,,Roma,Milano,VOLKSWAGEN,Polo,Polo 1.3 Comfort 5p.,1348.0,5.0,6.0,,146.0,Grigio,,Airbag conducente,2 o 3 porte,Euro 5,nan,
3077,Gennaio,2014,102153.0,73.0,Diesel,Cambio manuale,,Roma,Torino,FORD,Fiesta,Fiesta 1.5 Business 5p.,903.0,5.0,3.7,,100.0,Nero,,Airbag anteriori e laterali,4 o 5 porte,nan,Climatizzatore manuale,
1259,Marzo,2005,183516.0,104.0,Benzina,Cambio manuale,,Roma,Torino,FIAT,500,500 1.4 Comfort 5p.,1486.0,5.0,5.8,,75.0,Grigio,,Airbag conducente,nan,Euro 4,Climatizzatore automatico,
9963,Marzo,2017,20245.0,81.0,Diesel,Cambio manuale,,Roma,Roma,MERCEDES-BENZ,Classe A,Classe A 1.4 Business 5p.,1064.0,4.0,5.9,,134.0,Grigio,,Airbag conducente,4 o 5 porte,Euro 4,nan,
1723,Gennaio,2010,161811.0,86.0,Diesel,Cambio automatico,,Roma,Roma,OPEL,Corsa,Corsa 1.7 Comfort 5p.,1126.0,5.0,4.2,,140.0,Nero,,Airbag conducente,nan,Euro 4,nan,
890,Giugno,2004,190082.0,64.0,Diesel,Cambio manuale,,Roma,Torino,PEUGEOT,208,208 1.3 Sport 5p.,792.0,4.0,7.6,,94.0,Grigio,,nan,4 o 5 porte,nan,Climatizzatore manuale,
2452,Giugno,2012,70027.0,40.0,Diesel,Cambio automatico,,Roma,Torino,FIAT,Panda,Panda 1.3 Sport 5p.,628.0,5.0,5.8,,167.0,Nero,,Airbag conducente,2 o 3 porte,Euro 5,Climatizzatore manuale,
808,Marzo,2003,297730.0,78.0,Diesel,Cambio automatico,,Roma,Roma,FIAT,500,500 1.3 Comfort 5p.,1244.0,7.0,7.2,,115.0,Nero,,Airbag conducente,nan,Euro 4,Climatizzatore automatico,
6062,No Mese,2011,183852.0,134.0,Diesel,Cambio manuale,,Roma,Roma,MERCEDES-BENZ,Classe C,Classe C 1.6 Comfort 5p.,2030.0,5.0,3.0,,126.0,Bianco,,Airbag anteriori e laterali,nan,Euro 4,nan,
4874,Giugno,2010,116526.0,85.0,Diesel,Cambio manuale,,Roma,Torino,AUDI,A4,A4 1.6 Base 5p.,1328.0,7.0,4.7,,57.0,Grigio,,Airbag conducente,2 o 3 porte,Euro 5,Climatizzatore manuale,
6845,Gennaio,2010,246725.0,158.0,Metano,Cambio manuale,,Roma,Roma,BMW,Serie 1,Serie 1 1.4 Comfort 5p.,2754.0,4.0,5.4,,112.0,Grigio,,nan,nan,Euro 6,nan,
15206,Gennaio,2019,500.0,121.0,Diesel,Cambio manuale,,Roma,Torino,BMW,X1,X1 1.3 Sport 5p.,1484.0,5.0,6.1,,151.0,Grigio,,Airbag anteriori e laterali,4 o 5 porte,Euro 4,nan,
8178,No Mese,2010,41738.0,155.0,Benzina,Cambio manuale,,Roma,Roma,MERCEDES-BENZ,Classe C,Classe C 1.2 Comfort 5p.,2108.0,5.0,7.1,,114.0,Grigio,,Airbag anteriori e laterali,2 o 3 porte,nan,Climatizzatore manuale,
7952,No Mese,2013,37662.0,103.0,Diesel,Cambio automatico,,Roma,Roma,BMW,Serie 1,Serie 1 1.8 Business 5p.,1433.0,5.0,6.1,,141.0,Grigio,,nan,nan,nan,Climatizzatore automatico,
1538,Giugno,2006,373775.0,120.0,Benzina,Cambio manuale,,Roma,Milano,PEUGEOT,308,308 1.7 Sport 5p.,1613.0,5.0,5.3,,151.0,Grigio,,nan,4 o 5 porte,Euro 4,Climatizzatore manuale,
5952,No Mese,2018,11365.0,67.0,Diesel,Cambio automatico,,Roma,Torino,FIAT,Tipo,Tipo 1.4 Base 5p.,944.0,5.0,5.9,,175.0,Grigio,,nan,4 o 5 porte,nan,Climatizzatore automatico,
1601,Giugno,2005,237362.0,96.0,Diesel,Cambio manuale,,Roma,Milano,VOLKSWAGEN,Polo,Polo 1.6 Base 5p.,1385.0,5.0,6.4,,135.0,Nero,,Airbag anteriori e laterali,2 o 3 porte,Euro 4,Climatizzatore manuale,
2700,No Mese,2005,24272.0,105.0,Diesel,Cambio manuale,,Roma,Roma,VOLKSWAGEN,Polo,Polo 1.4 Base 5p.,1371.0,5.0,6.9,,92.0,Nero,,nan,nan,Euro 6,Climatizzatore automatico,
4466,Gennaio,2019,500.0,66.0,Diesel,Cambio manuale,,Roma,Milano,FIAT,500,500 1.5 Comfort 5p.,988.0,4.0,6.7,,97.0,Grigio,,nan,4 o 5 porte,Euro 4,nan,
1108,Giugno,2004,174145.0,71.0,Metano,Cambio manuale,,Roma,Milano,RENAULT,Clio,Clio 1.7 Sport 5p.,983.0,5.0,6.4,,130.0,Bianco,,Airbag conducente,4 o 5 porte,nan,Climatizzatore automatico,
3120,No Mese,2013,55505.0,95.0,Diesel,Cambio automatico,,Roma,Roma,FIAT,Tipo,Tipo 1.3 Base 5p.,1055.0,5.0,6.9,,92.0,Nero,,Airbag anteriori e laterali,nan,Euro 6,Climatizzatore automatico,
8242,Giugno,2013,93508.0,100.0,Diesel,Cambio manuale,,Roma,Torino,MERCEDES-BENZ,Classe A,Classe A 1.8 Base 5p.,1440.0,5.0,5.1,,160.0,Bianco,,nan,4 o 5 porte,Euro 5,nan,
9836,Giugno,2018,500.0,118.0,Diesel,Cambio manuale,,Roma,Torino,PEUGEOT,308,308 1.3 Sport 5p.,1810.0,5.0,5.9,,154.0,Nero,,nan,nan,Euro 4,Climatizzatore automatico,
3813,No Mese,2012,97977.0,93.0,Diesel,Cambio manuale,,Roma,Milano,FORD,Focus,Focus 1.8 Sport 5p.,1235.0,5.0,3.2,,171.0,Nero,,Airbag conducente,4 o 5 porte,Euro 5,Climatizzatore manuale,
1274,No Mese,2004,227842.0,66.0,Benzina,Cambio manuale,,Roma,Milano,VOLKSWAGEN,Passat,Passat 1.7 Business 5p.,858.0,7.0,5.9,,187.0,Bianco,,nan,nan,Euro 4,nan,
2997,Giugno,2004,215699.0,142.0,Diesel,Cambio manuale,,Roma,Roma,BMW,X1,X1 1.7 Business 5p.,1694.0,5.0,5.8,,157.0,Bianco,,Airbag anteriori e laterali,4 o 5 porte,nan,Climatizzatore manuale,
8708,Gennaio,2012,86959.0,166.0,Diesel,Cambio manuale,,Roma,Torino,MERCEDES-BENZ,Classe A,Classe A 1.7 Business 5p.,2394.0,5.0,6.5,,132.0,Bianco,,Airbag anteriori e laterali,2 o 3 porte,Euro 4,Climatizzatore manuale,
2571,Giugno,2004,38602.0,107.0,Diesel,Cambio manuale,,Roma,Roma,DR,DR5,DR5 1.4 Comfort 5p.,1379.0,4.0,5.3,,86.0,Bianco,,Airbag conducente,nan,Euro 4,Climatizzatore automatico,
2567,Marzo,2012,90388.0,99.0,Diesel,Cambio manuale,,Roma,Roma,FIAT,Panda,Panda 1.2 Sport 5p.,1413.0,5.0,4.7,,144.0,Bianco,,Airbag conducente,4 o 5 porte,nan,nan,
3640,No Mese,2013,107831.0,95.0,Diesel,Cambio manuale,,Roma,Torino,RENAULT,Megane,Megane 1.6 Base 5p.,1293.0,5.0,4.4,,137.0,Nero,,Airbag anteriori e laterali,2 o 3 porte,Euro 6,nan,
29590,Marzo,2013,71746.0,196.0,Benzina,Cambio manuale,,Roma,Roma,PORSCHE,Macan,Macan 1.8 Comfort 5p.,2493.0,4.0,3.3,,103.0,Grigio,,Airbag conducente,nan,Euro 6,nan,
3326,No Mese,2010,150664.0,129.0,Diesel,Cambio automatico,,Roma,Torino,PEUGEOT,208,208 1.6 Business 5p.,1859.0,4.0,5.3,,143.0,Bianco,,Airbag conducente,nan,Euro 4,nan,
4649,Marzo,2008,83892.0,95.0,Diesel,Cambio manuale,,Roma,Torino,AUDI,A3,A3 1.2 Sport 5p.,1691.0,5.0,4.8,,69.0,Bianco,,Airbag conducente,2 o 3 porte,nan,Climatizzatore automatico,
2344,Marzo,2011,105888.0,67.0,Benzina,Cambio manuale,,Roma,Roma,FORD,Fiesta,Fiesta 1.2 Sport 5p.,930.0,7.0,5.8,,125.0,Grigio,,nan,nan,Euro 5,Climatizzatore automatico,
12361,No Mese,2014,61235.0,132.0,Diesel,Cambio manuale,,Roma,Torino,MERCEDES-BENZ,Classe C,Classe C 1.7 Comfort 5p.,1788.0,5.0,5.9,,97.0,Grigio,,nan,4 o 5 porte,nan,nan,
9713,No Mese,2014,79055.0,92.0,Diesel,Cambio automatico,,Roma,Roma,MERCEDES-BENZ,Classe C,Classe C 1.8 Sport 5p.,1249.0,7.0,6.0,,143.0,Nero,,Airbag anteriori e laterali,4 o 5 porte,Euro 4,Climatizzatore automatico,
8437,No Mese,2018,16282.0,84.0,Diesel,Cambio automatico,,Roma,Torino,VOLKSWAGEN,Golf,Golf 1.6 Sport 5p.,1261.0,5.0,5.9,,124.0,Nero,,Airbag conducente,nan,Euro 5,Climatizzatore manuale,
1201,No Mese,2004,278539.0,67.0,Elettrico,Cambio manuale,,Roma,Milano,FORD,Fiesta,Fiesta 1.4 Sport 5p.,1009.0,5.0,4.1,,99.0,Nero,,nan,4 o 5 porte,nan,Climatizzatore manuale,
1887,Gennaio,2010,161197.0,77.0,Benzina,Cambio manuale,,Roma,Milano,RENAULT,Clio,Clio 1.6 Sport 5p.,795.0,5.0,6.2,,115.0,Grigio,,Airbag anteriori e laterali,4 o 5 porte,Euro 6,nan,
14056,Marzo,2018,18291.0,102.0,Benzina,Cambio manuale,,Roma,Torino,MERCEDES-BENZ,Classe A,Classe A 1.3 Business 5p.,1227.0,5.0,3.4,,159.0,Nero,,Airbag conducente,2 o 3 porte,Euro 5,Climatizzatore manuale,
1082,Giugno,2008,267464.0,83.0,Diesel,Cambio manuale,,Roma,Torino,FIAT,Panda,Panda 1.3 Base 5p.,1200.0,5.0,6.2,,145.0,Grigio,,nan,2 o 3 porte,Euro 4,Climatizzatore manuale,
1491,Giugno,2005,196630.0,83.0,GPL,Cambio manuale,,Roma,Torino,PEUGEOT,308,308 1.3 Base 5p.,1223.0,5.0,5.7,,113.0,Nero,,nan,nan,Euro 6,nan,
3167,Gennaio,2009,129570.0,102.0,Diesel,Cambio manuale,,Roma,Roma,PEUGEOT,308,308 1.2 Business 5p.,1493.0,5.0,6.5,,148.0,Nero,,Airbag conducente,nan,nan,Climatizzatore manuale,
7780,Giugno,2014,91016.0,98.0,GPL,Cambio manuale,,Roma,Torino,AUDI,Q3,Q3 1.2 Base 5p.,1292.0,5.0,5.6,,96.0,Bianco,,nan,nan,Euro 6,Climatizzatore automatico,
3099,Marzo,2014,120704.0,77.0,Diesel,Cambio automatico,,Roma,Torino,FIAT,500,500 1.2 Business 5p.,1097.0,4.0,3.6,,127.0,Grigio,,Airbag anteriori e laterali,2 o 3 porte,nan,Climatizzatore manuale,
1992,Gennaio,2004,266291.0,150.0,Diesel,Cambio manuale,,Roma,Roma,VOLKSWAGEN,Golf,Golf 1.2 Sport 5p.,1771.0,5.0,4.0,,134.0,Nero,,Airbag anteriori e laterali,2 o 3 porte,Euro 5,nan,
5488,No Mese,2007,114600.0,153.0,Benzina,Cambio manuale,,Roma,Torino,AUDI,Q3,Q3 1.3 Sport 5p.,2305.0,4.0,6.1,,150.0,Grigio,,Airbag conducente,2 o 3 porte,Euro 4,Climatizzatore manuale,
4869,Gennaio,2010,172319.0,77.0,Benzina,Cambio automatico,,Roma,Milano,MERCEDES-BENZ,Classe C,Classe C 1.2 Business 5p.,1089.0,7.0,4.7,,116.0,Bianco,,Airbag anteriori e laterali,2 o 3 porte,Euro 6,Climatizzatore manuale,
818,No Mese,2008,280981.0,40.0,Benzina,Cambio manuale,,Roma,Milano,OPEL,Astra,Astra 1.2 Comfort 5p.,589.0,4.0,5.5,,126.0,Bianco,,Airbag conducente,4 o 5 porte,nan,Climatizzatore automatico,
4082,Gennaio,2015,61308.0,65.0,GPL,Cambio manuale,,Roma,Torino,OPEL,Astra,Astra 1.4 Base 5p.,933.0,4.0,6.5,,88.0,Nero,,Airbag anteriori e laterali,4 o 5 porte,Euro 6,Climatizzatore automatico,
4552,Marzo,2004,56758.0,150.0,Diesel,Cambio manuale,,Roma,Milano,BMW,X1,X1 1.5 Comfort 5p.,2005.0,5.0,5.4,,120.0,Bianco,,nan,nan,Euro 4,nan,
8295,Giugno,2019,500.0,82.0,Diesel,Cambio manuale,,Roma,Milano,VOLKSWAGEN,Golf,Golf 1.3 Sport 5p.,1210.0,5.0,5.4,,129.0,Nero,,Airbag anteriori e laterali,4 o 5 porte,Euro 6,Climatizzatore automatico,
11658,Gennaio,2018,6235.0,81.0,Benzina,Cambio automatico,,Roma,Roma,AUDI,A4,A4 1.3 Comfort 5p.,955.0,5.0,4.2,,105.0,Nero,,Airbag anteriori e laterali,2 o 3 porte,Euro 5,nan,
2369,Giugno,2011,108028.0,90.0,Diesel,Cambio manuale,,Roma,Milano,FIAT,Panda,Panda 1.2 Business 5p.,1242.0,7.0,5.3,,130.0,Bianco,,Airbag conducente,2 o 3 porte,Euro 5,Climatizzatore automatico,
963,Marzo,2004,152607.0,66.0,Elettrico,Cambio automatico,,Roma,Roma,PEUGEOT,308,308 1.8 Comfort 5p.,912.0,5.0,6.5,,96.0,Nero,,Airbag anteriori e laterali,2 o 3 porte,nan,Climatizzatore automatico,
8960,No Mese,2009,148393.0,144.0,Metano,Cambio automatico,,Roma,Roma,AUDI,A4,A4 1.8 Comfort 5p.,2094.0,5.0,4.7,,97.0,Grigio,,Airbag conducente,nan,Euro 4,Climatizzatore manuale,
1058,Giugno,2007,220711.0,53.0,Diesel,Cambio automatico,,Roma,Torino,FIAT,Panda,Panda 1.2 Business 5p.,790.0,5.0,7.2,,129.0,Bianco,,nan,2 o 3 porte,Euro 4,nan,
3862,Gennaio,2011,55103.0,92.0,Diesel,Cambio manuale,,Roma,Milano,FORD,Focus,Focus 1.2 Base 5p.,1258.0,7.0,6.3,,83.0,Grigio,,Airbag conducente,2 o 3 porte,Euro 6,Climatizzatore manuale,
9787,Gennaio,2017,7445.0,125.0,Benzina,Cambio manuale,,Roma,Roma,VOLKSWAGEN,Passat,Passat 1.6 Business 5p.,2053.0,7.0,5.4,,146.0,Bianco,,nan,nan,nan,Climatizzatore manuale,
3340,Gennaio,2003,268892.0,202.0,Diesel,Cambio manuale,,Roma,Milano,AUDI,A4,A4 1.4 Sport 5p.,2761.0,4.0,7.7,,137.0,Bianco,,Airbag anteriori e laterali,2 o 3 porte,Euro 5,Climatizzatore automatico,
2304,Giugno,2009,189131.0,88.0,Diesel,Cambio manuale,,Roma,Torino,VOLKSWAGEN,Passat,Passat 1.5 Base 5p.,1015.0,5.0,4.6,,80.0,Bianco,,nan,2 o 3 porte,nan,Climatizzatore automatico,
2517,No Mese,2011,104881.0,88.0,Diesel,Cambio manuale,,Roma,Torino,RENAULT,Megane,Megane 1.7 Business 5p.,1298.0,5.0,3.3,,72.0,Bianco,,Airbag anteriori e laterali,nan,nan,Climatizzatore automatico,
3178,Giugno,2008,162480.0,145.0,Diesel,Cambio manuale,,Roma,Milano,PEUGEOT,308,308 1.4 Sport 5p.,2043.0,7.0,6.0,,144.0,Nero,,nan,2 o 3 porte,Euro 6,Climatizzatore automatico,
5169,Marzo,2016,22221.0,105.0,Diesel,Cambio automatico,,Roma,Roma,FIAT,500,500 1.3 Business 5p.,1451.0,5.0,5.9,,84.0,Bianco,,Airbag anteriori e laterali,nan,Euro 6,nan,
4875,Marzo,2014,58052.0,121.0,Diesel,Cambio manuale,,Roma,Milano,FORD,Focus,Focus 1.5 Comfort 5p.,1776.0,7.0,3.7,,179.0,Bianco,,Airbag anteriori e laterali,2 o 3 porte,Euro 4,Climatizzatore manuale,
6258,No Mese,2017,21080.0,74.0,Benzina,Cambio manuale,,Roma,Torino,VOLKSWAGEN,Golf,Golf 1.6 Sport 5p.,968.0,5.0,5.1,,115.0,Nero,,Airbag conducente,4 o 5 porte,nan,Climatizzatore manuale,
1297,Marzo,2003,229032.0,113.0,Benzina,Cambio manuale,,Roma,Torino,VOLKSWAGEN,Golf,Golf 1.8 Base 5p.,1245.0,5.0,8.0,,93.0,Nero,,nan,4 o 5 porte,Euro 4,Climatizzatore automatico,
11970,Gennaio,2018,6992.0,167.0,Diesel,Cambio automatico,,Roma,Milano,VOLKSWAGEN,Polo,Polo 1.7 Comfort 5p.,2681.0,5.0,6.1,,136.0,Grigio,,nan,4 o 5 porte,Euro 4,Climatizzatore manuale,
6047,Marzo,2016,24107.0,85.0,Metano,Cambio manuale,,Roma,Torino,FORD,Fiesta,Fiesta 1.2 Base 5p.,1228.0,5.0,4.7,,121.0,Bianco,,Airbag anteriori e laterali,2 o 3 porte,Euro 4,Climatizzatore automatico,
1854,No Mese,2010,106986.0,66.0,Diesel,Cambio manuale,,Roma,Roma,FIAT,Tipo,Tipo 1.6 Business 5p.,971.0,5.0,6.4,,158.0,Nero,,Airbag anteriori e laterali,4 o 5 porte,Euro 6,Climatizzatore automatico,
10946,Giugno,2019,500.0,100.0,Diesel,Cambio automatico,,Roma,Milano,VOLKSWAGEN,Polo,Polo 1.7 Business 5p.,1489.0,5.0,5.4,,129.0,Grigio,,nan,nan,Euro 5,Climatizzatore manuale,
7913,No Mese,2017,37986.0,91.0,Diesel,Cambio manuale,,Roma,Roma,VOLKSWAGEN,Passat,Passat 1.4 Comfort 5p.,1207.0,5.0,6.2,,88.0,Grigio,,Airbag conducente,nan,Euro 4,Climatizzatore automatico,
6497,Giugno,2010,68584.0,143.0,Diesel,Cambio manuale,,Roma,Torino,BMW,Serie 1,Serie 1 1.3 Base 5p.,2146.0,5.0,4.7,,160.0,Bianco,,Airbag conducente,4 o 5 porte,Euro 4,Climatizzatore manuale,
14923,Gennaio,2019,500.0,123.0,Benzina,Cambio manuale,,Roma,Torino,BMW,Serie 3,Serie 3 1.6 Comfort 5p.,1673.0,4.0,4.5,,124.0,Nero,,Airbag anteriori e laterali,nan,Euro 5,nan,
3683,Giugno,2010,105804.0,125.0,Diesel,Cambio manuale,,Roma,Torino,RENAULT,Clio,Clio 1.7 Comfort 5p.,2030.0,5.0,4.6,,63.0,Grigio,,nan,nan,Euro 5,Climatizzatore manuale,
1064,Giugno,2004,235438.0,102.0,Benzina,Cambio manuale,,Roma,Roma,FIAT,Panda,Panda 1.5 Business 5p.,1309.0,4.0,5.0,,112.0,Nero,,Airbag anteriori e laterali,nan,Euro 6,Climatizzatore manuale,
9809,Marzo,2018,11543.0,131.0,Diesel,Cambio automatico,,Roma,Roma,OPEL,Corsa,Corsa 1.6 Sport 5p.,1734.0,5.0,5.9,,122.0,Nero,,Airbag conducente,2 o 3 porte,Euro 6,Climatizzatore manuale,
4803,Giugno,2014,32880.0,95.0,Diesel,Cambio automatico,,Roma,Torino,OPEL,Corsa,Corsa 1.5 Comfort 5p.,1145.0,7.0,6.7,,153.0,Bianco,,Airbag anteriori e laterali,2 o 3 porte,nan,Climatizzatore automatico,
4021,Giugno,2013,108365.0,110.0,GPL,Cambio automatico,,Roma,Milano,OPEL,Astra,Astra 1.7 Base 5p.,1745.0,7.0,4.7,,127.0,Grigio,,nan,4 o 5 porte,Euro 4,nan,
4951,Gennaio,2017,30690.0,70.0,Diesel,Cambio manuale,,Roma,Roma,FORD,Fiesta,Fiesta 1.2 Base 5p.,1021.0,4.0,5.8,,159.0,Grigio,,Airbag anteriori e laterali,2 o 3 porte,Euro 5,Climatizzatore automatico,
1458,Giugno,2004,391694.0,123.0,Diesel,Cambio automatico,,Roma,Torino,VOLKSWAGEN,Polo,Polo 1.6 Business 5p.,2035.0,5.0,3.1,,92.0,Grigio,,Airbag conducente,nan,Euro 5,Climatizzatore automatico,
1353,No Mese,2007,249366.0,120.0,Diesel,Cambio manuale,,Roma,Milano,FIAT,Panda,Panda 1.2 Comfort 5p.,1665.0,7.0,6.6,,116.0,Grigio,,nan,2 o 3 porte,Euro 5,Climatizzatore manuale,
3900,Gennaio,2014,61306.0,83.0,Diesel,Cambio automatico,,Roma,Roma,FIAT,500,500 1.7 Base 5p.,1181.0,5.0,5.2,,147.0,Bianco,,nan,2 o 3 porte,Euro 6,Climatizzatore manuale,
1016,Gennaio,2006,216906.0,61.0,Diesel,Cambio manuale,,Roma,Torino,FIAT,500,500 1.5 Sport 5p.,751.0,4.0,5.2,,155.0,Grigio,,nan,2 o 3 porte,Euro 4,Climatizzatore automatico,
957,Gennaio,2005,278889.0,56.0,Benzina,Cambio manuale,,Roma,Roma,FORD,Focus,Focus 1.8 Sport 5p.,761.0,4.0,6.5,,125.0,Grigio,,Airbag anteriori e laterali,2 o 3 porte,Euro 6,nan,
1719,Gennaio,2005,119855.0,107.0,Diesel,Cambio manuale,,Roma,Roma,VOLKSWAGEN,Golf,Golf 1.2 Sport 5p.,1641.0,7.0,7.5,,153.0,Nero,,Airbag conducente,2 o 3 porte,Euro 5,Climatizzatore manuale,
2236,No Mese,2010,156643.0,97.0,Diesel,Cambio manuale,,Roma,Torino,RENAULT,Clio,Clio 1.3 Sport 5p.,1511.0,5.0,5.7,,139.0,Grigio,,nan,2 o 3 porte,Euro 6,nan,
7609,Marzo,2010,140358.0,154.0,Diesel,Cambio manuale,,Roma,Milano,AUDI,Q3,Q3 1.7 Base 5p.,1955.0,5.0,6.1,,135.0,Grigio,,nan,4 o 5 porte,Euro 4,Climatizzatore automatico,
3060,Gennaio,2003,236044.0,125.0,Diesel,Cambio automatico,,Roma,Milano,MERCEDES-BENZ,Classe C,Classe C 1.5 Comfort 5p.,1758.0,4.0,4.6,,123.0,Grigio,,Airbag anteriori e laterali,4 o 5 porte,Euro 4,Climatizzatore manuale,
1375,Marzo,2008,231618.0,53.0,GPL,Cambio manuale,,Roma,Torino,FORD,Focus,Focus 1.5 Business 5p.,756.0,7.0,5.4,,126.0,Nero,,Airbag anteriori e laterali,nan,nan,Climatizzatore manuale,
6644,Giugno,2019,500.0,81.0,Diesel,Cambio manuale,,Roma,Roma,PEUGEOT,308,308 1.5 Business 5p.,1185.0,4.0,4.5,,153.0,Grigio,,Airbag conducente,2 o 3 porte,nan,nan,
2478,Giugno,2008,118710.0,45.0,Diesel,Cambio automatico,,Roma,Milano,MERCEDES-BENZ,Classe C,Classe C 1.5 Comfort 5p.,811.0,5.0,5.3,,176.0,Nero,,Airbag anteriori e laterali,2 o 3 porte,Euro 4,Climatizzatore manuale,
7968,Gennaio,2011,106585.0,172.0,Diesel,Cambio manuale,,Roma,Milano,BMW,Serie 3,Serie 3 1.6 Comfort 5p.,2406.0,7.0,5.6,,89.0,Nero,,nan,4 o 5 porte,Euro 5,nan,
1380,Gennaio,2007,190014.0,80.0,Diesel,Cambio automatico,,Roma,Torino,FIAT,Tipo,Tipo 1.8 Sport 5p.,1181.0,5.0,5.8,,103.0,Grigio,,Airbag anteriori e laterali,4 o 5 porte,Euro 4,nan,
1297,Marzo,2004,188404.0,81.0,Diesel,Cambio automatico,,Roma,Milano,RENAULT,Clio,Clio 1.8 Comfort 5p.,1260.0,5.0,6.1,,113.0,Bianco,,Airbag conducente,2 o 3 porte,nan,Climatizzatore automatico,
3120,No Mese,2003,208139.0,149.0,Diesel,Cambio manuale,,Roma,Torino,AUDI,A4,A4 1.8 Base 5p.,2079.0,5.0,5.8,,137.0,Nero,,nan,nan,Euro 5,Climatizzatore automatico,
813,Gennaio,2004,315300.0,64.0,Diesel,Cambio manuale,,Roma,Torino,RENAULT,Megane,Megane 1.8 Sport 5p.,932.0,5.0,7.7,,196.0,Bianco,,Airbag anteriori e laterali,4 o 5 porte,nan,Climatizzatore manuale,
4789,No Mese,2009,181366.0,109.0,Diesel,Cambio manuale,,Roma,Milano,MERCEDES-BENZ,Classe A,Classe A 1.4 Base 5p.,1608.0,5.0,6.3,,120.0,Nero,,Airbag conducente,4 o 5 porte,Euro 4,nan,
6319,Marzo,2015,73340.0,120.0,Diesel,Cambio manuale,,Roma,Milano,VOLKSWAGEN,Golf,Golf 1.4 Comfort 5p.,2102.0,5.0,5.1,,85.0,Grigio,,nan,2 o 3 porte,Euro 4,nan,
4172,No Mese,2008,105214.0,89.0,Benzina,Cambio manuale,,Roma,Roma,AUDI,Q3,Q3 1.8 Base 5p.,1356.0,5.0,6.5,,118.0,Grigio,,nan,2 o 3 porte,Euro 4,Climatizzatore automatico,
12265,No Mese,2018,11787.0,137.0,Diesel,Cambio manuale,,Roma,Torino,BMW,Serie 3,Serie 3 1.7 Business 5p.,1710.0,5.0,7.5,,113.0,Grigio,,nan,4 o 5 porte,nan,Climatizzatore manuale,
2516,No Mese,2004,291682.0,115.0,Benzina,Cambio automatico,,Roma,Torino,BMW,X1,X1 1.3 Sport 5p.,1498.0,5.0,4.5,,157.0,Bianco,,nan,4 o 5 porte,Euro 4,nan,
2276,No Mese,2008,186568.0,116.0,Diesel,Cambio manuale,,Roma,Torino,FORD,Focus,Focus 1.5 Comfort 5p.,1596.0,5.0,7.3,,159.0,Nero,,Airbag anteriori e laterali,nan,Euro 6,nan,
5794,Giugno,2012,75176.0,151.0,Diesel,Cambio manuale,,Roma,Roma,FORD,Focus,Focus 1.7 Comfort 5p.,2219.0,5.0,4.8,,104.0,Nero,,Airbag conducente,2 o 3 porte,nan,nan,
3382,No Mese,2013,64333.0,89.0,Diesel,Cambio manuale,,Roma,Milano,RENAULT,Megane,Megane 1.7 Base 5p.,1223.0,5.0,7.1,,117.0,Grigio,,nan,2 o 3 porte,Euro 5,nan,
10320,Gennaio,2011,138933.0,179.0,Diesel,Cambio automatico,,Roma,Roma,BMW,X1,X1 1.8 Sport 5p.,2595.0,7.0,6.7,,140.0,Nero,,nan,nan,Euro 4,Climatizzatore manuale,
2632,Marzo,2009,134285.0,90.0,Benzina,Cambio manuale,,Roma,Milano,FORD,Fiesta,Fiesta 1.3 Comfort 5p.,1326.0,4.0,6.3,,123.0,Nero,,Airbag conducente,2 o 3 porte,Euro 6,Climatizzatore manuale,
16366,Giugno,2018,14832.0,135.0,Benzina,Cambio automatico,,Roma,Milano,MERCEDES-BENZ,Classe C,Classe C 1.8 Business 5p.,1918.0,5.0,5.9,,100.0,Nero,,Airbag conducente,nan,nan,Climatizzatore manuale,
2283,Gennaio,2006,127035.0,102.0,Benzina,Cambio automatico,,Roma,Milano,PEUGEOT,208,208 1.4 Sport 5p.,1301.0,5.0,5.5,,149.0,Grigio,,Airbag conducente,2 o 3 porte,Euro 5,Climatizzatore automatico,
1083,No Mese,2004,131325.0,57.0,GPL,Cambio manuale,,Roma,Milano,RENAULT,Clio,Clio 1.4 Sport 5p.,734.0,7.0,5.7,,105.0,Bianco,,Airbag anteriori e laterali,4 o 5 porte,Euro 4,nan,
5553,Gennaio,2015,83138.0,117.0,Diesel,Cambio manuale,,Roma,Roma,PEUGEOT,208,208 1.3 Base 5p.,1502.0,4.0,5.8,,163.0,Nero,,nan,2 o 3 porte,Euro 4,Climatizzatore manuale,
1444,Marzo,2009,141590.0,68.0,Diesel,Cambio manuale,,Roma,Milano,FIAT,Panda,Panda 1.4 Base 5p.,966.0,5.0,6.8,,161.0,Grigio,,nan,4 o 5 porte,Euro 6,Climatizzatore automatico,
16025,Giugno,2015,41438.0,140.0,Diesel,Cambio automatico,,Roma,Torino,BMW,Serie 1,Serie 1 1.3 Base 5p.,2074.0,7.0,3.2,,121.0,Nero,,Airbag anteriori e laterali,4 o 5 porte,Euro 6,nan,
579,No Mese,2005,178799.0,42.0,Diesel,Cambio manuale,,Roma,Roma,FIAT,Panda,Panda 1.4 Business 5p.,585.0,4.0,3.0,,151.0,Nero,,Airbag conducente,2 o 3 porte,Euro 5,Climatizzatore manuale,
5079,Gennaio,2006,102172.0,123.0,Benzina,Cambio manuale,,Roma,Milano,AUDI,A4,A4 1.8 Sport 5p.,1620.0,5.0,5.7,,112.0,Grigio,,Airbag anteriori e laterali,nan,Euro 5,Climatizzatore automatico,
3487,Giugno,2014,85775.0,93.0,Benzina,Cambio manuale,,Roma,Torino,FIAT,500,500 1.6 Comfort 5p.,1191.0,7.0,5.1,,72.0,Nero,,nan,nan,Euro 5,Climatizzatore manuale,
5320,No Mese,2008,127893.0,131.0,Benzina,Cambio manuale,,Roma,Torino,BMW,X1,X1 1.2 Base 5p.,2115.0,5.0,4.0,,104.0,Grigio,,Airbag anteriori e laterali,2 o 3 porte,nan,nan,
7374,No Mese,2009,189120.0,198.0,Benzina,Cambio manuale,,Roma,Roma,BMW,Serie 3,Serie 3 1.4 Comfort 5p.,2709.0,7.0,5.8,,76.0,Nero,,Airbag conducente,2 o 3 porte,Euro 6,Climatizzatore manuale,
2572,Marzo,2006,164039.0,140.0,Diesel,Cambio manuale,,Roma,Torino,VOLKSWAGEN,Polo,Polo 1.2 Base 5p.,1703.0,5.0,6.9,,132.0,Nero,,nan,4 o 5 porte,Euro 4,Climatizzatore automatico,
1982,Marzo,2010,118093.0,98.0,Diesel,Cambio automatico,,Roma,Roma,FIAT,Tipo,Tipo 1.8 Business 5p.,1488.0,4.0,5.1,,141.0,Nero,,Airbag anteriori e laterali,4 o 5 porte,Euro 4,Climatizzatore automatico,
8134,No Mese,2014,39953.0,101.0,Benzina,Cambio manuale,,Roma,Milano,BMW,Serie 3,Serie 3 1.7 Comfort 5p.,1355.0,7.0,5.1,,138.0,Grigio,,Airbag conducente,4 o 5 porte,Euro 5,Climatizzatore automatico,
1139,No Mese,2004,308195.0,81.0,Diesel,Cambio automatico,,Roma,Milano,FORD,Fiesta,Fiesta 1.7 Sport 5p.,1367.0,7.0,4.4,,140.0,Grigio,,nan,nan,nan,Climatizzatore automatico,
1260,Marzo,2006,177055.0,76.0,Diesel,Cambio manuale,,Roma,Torino,OPEL,Corsa,Corsa 1.2 Sport 5p.,1090.0,5.0,6.2,,174.0,Bianco,,nan,4 o 5 porte,Euro 4,Climatizzatore manuale,
1248,Gennaio,2008,237920.0,56.0,Benzina,Cambio manuale,,Roma,Milano,FORD,Fiesta,Fiesta 1.2 Sport 5p.,977.0,5.0,4.3,,141.0,Nero,,Airbag conducente,2 o 3 porte,Euro 6,Climatizzatore manuale,
3785,Giugno,2012,105831.0,89.0,Diesel,Cambio manuale,,Roma,Milano,VOLKSWAGEN,Polo,Polo 1.2 Sport 5p.,1303.0,5.0,5.2,,106.0,Bianco,,Airbag conducente,nan,Euro 4,Climatizzatore manuale,
7780,Marzo,2011,109641.0,173.0,Diesel,Cambio manuale,,Roma,Milano,MERCEDES-BENZ,Classe A,Classe A 1.6 Base 5p.,2229.0,5.0,6.0,,118.0,Grigio,,nan,nan,Euro 4,nan,
1914,No Mese,2004,229988.0,119.0,Diesel,Cambio automatico,,Roma,Torino,FORD,Focus,Focus 1.7 Comfort 5p.,1666.0,5.0,5.3,,173.0,Nero,,nan,4 o 5 porte,nan,Climatizzatore manuale,
1363,Giugno,2003,165143.0,117.0,Diesel,Cambio manuale,,Roma,Torino,RENAULT,Megane,Megane 1.3 Base 5p.,1490.0,5.0,5.4,,134.0,Nero,,Airbag conducente,2 o 3 porte,Euro 5,Climatizzatore manuale,
3637,No Mese,2014,101493.0,78.0,Diesel,Cambio manuale,,Roma,Milano,FORD,Fiesta,Fiesta 1.7 Sport 5p.,1089.0,5.0,6.6,,131.0,Nero,,Airbag conducente,2 o 3 porte,Euro 6,nan,
14332,Marzo,2014,61873.0,187.0,Benzina,Cambio automatico,,Roma,Torino,AUDI,A3,A3 1.8 Base 5p.,2182.0,5.0,4.6,,112.0,Nero,,nan,nan,nan,Climatizzatore manuale,
6500,Gennaio,2007,173840.0,178.0,Diesel,Cambio automatico,,Roma,Milano,AUDI,A3,A3 1.7 Comfort 5p.,1728.0,5.0,5.5,,49.0,Grigio,,Airbag anteriori e laterali,nan,nan,Climatizzatore automatico,
4551,No Mese,2009,126842.0,126.0,Diesel,Cambio manuale,,Roma,Roma,MERCEDES-BENZ,Classe C,Classe C 1.4 Comfort 5p.,1607.0,7.0,2.7,,152.0,Nero,,Airbag conducente,2 o 3 porte,Euro 6,Climatizzatore automatico,
4582,No Mese,2013,98560.0,98.0,Diesel,Cambio manuale,,Roma,Milano,FORD,Focus,Focus 1.3 Business 5p.,1227.0,7.0,6.4,,153.0,Bianco,,Airbag anteriori e laterali,4 o 5 porte,Euro 6,Climatizzatore automatico,
10293,Marzo,2019,500.0,103.0,Diesel,Cambio automatico,,Roma,Torino,PEUGEOT,208,208 1.2 Comfort 5p.,1343.0,,5.3,,108.0,Nero,,Airbag conducente,4 o 5 porte,Euro 5,nan,
3812,Gennaio,2016,38258.0,96.0,GPL,Cambio manuale,,Roma,Torino,FIAT,Panda,Panda 1.4 Business 5p.,1545.0,7.0,7.0,,90.0,Grigio,,Airbag conducente,nan,Euro 6,Climatizzatore manuale,
2793,Marzo,2006,230867.0,113.0,Diesel,Cambio automatico,,Roma,Roma,VOLKSWAGEN,Polo,Polo 1.8 Base 5p.,1412.0,5.0,5.8,,132.0,Grigio,,Airbag anteriori e laterali,4 o 5 porte,Euro 6,Climatizzatore automatico,
2592,Marzo,2011,150030.0,87.0,Diesel,Cambio manuale,,Roma,Milano,OPEL,Astra,Astra 1.3 Base 5p.,1331.0,7.0,5.8,,125.0,Grigio,,nan,2 o 3 porte,nan,Climatizzatore automatico,
1241,Marzo,2005,207922.0,70.0,Diesel,Cambio manuale,,Roma,Roma,FORD,Focus,Focus 1.3 Comfort 5p.,1003.0,5.0,3.4,,131.0,Grigio,,Airbag conducente,2 o 3 porte,Euro 6,nan,
25376,Marzo,2014,78493.0,178.0,GPL,Cambio manuale,,Roma,Milano,PORSCHE,Macan,Macan 1.3 Sport 5p.,2659.0,5.0,5.1,,122.0,Grigio,,nan,2 o 3 porte,Euro 4,Climatizzatore manuale,
10639,Marzo,2015,31575.0,131.0,Metano,Cambio manuale,,Roma,Torino,BMW,X1,X1 1.6 Comfort 5p.,1842.0,5.0,5.2,,110.0,Grigio,,Airbag anteriori e laterali,2 o 3 porte,Euro 6,Climatizzatore automatico,
7253,No Mese,2014,62097.0,61.0,Diesel,Cambio automatico,,Roma,Torino,MERCEDES-BENZ,Classe C,Classe C 1.6 Comfort 5p.,917.0,7.0,3.8,,115.0,Grigio,,Airbag anteriori e laterali,4 o 5 porte,Euro 6,Climatizzatore manuale,
3076,No Mese,2009,188582.0,154.0,Metano,Cambio manuale,,Roma,Roma,VOLKSWAGEN,Golf,Golf 1.5 Business 5p.,1847.0,4.0,2.9,,128.0,Nero,,Airbag anteriori e laterali,2 o 3 porte,Euro 5,Climatizzatore manuale,
5299,Gennaio,2016,30007.0,96.0,Diesel,Cambio manuale,,Roma,Milano,PEUGEOT,308,308 1.2 Base 5p.,1278.0,5.0,6.5,,135.0,Nero,,Airbag conducente,4 o 5 porte,Euro 5,Climatizzatore manuale,
4613,Giugno,2015,56268.0,109.0,Diesel,Cambio manuale,,Roma,Roma,FORD,Fiesta,Fiesta 1.2 Sport 5p.,1488.0,5.0,5.4,,82.0,Nero,,Airbag conducente,4 o 5 porte,nan,Climatizzatore automatico,
4653,Marzo,2007,11222.0,106.0,Benzina,Cambio manuale,,Roma,Roma,BMW,X1,X1 1.5 Business 5p.,,5.0,6.3,,98.0,Grigio,,Airbag conducente,nan,nan,nan,
7024,No Mese,2010,137373.0,118.0,Benzina,Cambio automatico,,Roma,Torino,BMW,Serie 3,Serie 3 1.5 Comfort 5p.,1345.0,5.0,3.8,,108.0,Nero,,nan,2 o 3 porte,Euro 5,Climatizzatore automatico,
4127,No Mese,2008,172505.0,84.0,Diesel,Cambio automatico,,Roma,Torino,BMW,Serie 1,Serie 1 1.2 Base 5p.,1259.0,5.0,6.0,,177.0,Grigio,,Airbag conducente,nan,nan,Climatizzatore automatico,
6006,No Mese,2017,31641.0,79.0,Benzina,Cambio manuale,,Roma,Torino,VOLKSWAGEN,Golf,Golf 1.3 Sport 5p.,1144.0,4.0,4.6,,101.0,Bianco,,Airbag conducente,nan,Euro 6,Climatizzatore manuale,
3315,Marzo,2006,152624.0,86.0,Diesel,Cambio manuale,,Roma,Torino,MERCEDES-BENZ,Classe A,Classe A 1.4 Business 5p.,1136.0,4.0,4.9,,143.0,Nero,,nan,nan,Euro 4,nan,
2469,No Mese,2008,275280.0,117.0,Diesel,Cambio manuale,,Roma,Roma,FORD,Fiesta,Fiesta 1.3 Base 5p.,1553.0,5.0,4.3,,116.0,Nero,,Airbag conducente,2 o 3 porte,nan,Climatizzatore automatico,
2129,Giugno,2014,97659.0,40.0,Diesel,Cambio manuale,,Roma,Roma,PEUGEOT,308,308 1.3 Business 5p.,622.0,4.0,5.0,,71.0,Grigio,,nan,nan,Euro 5,Climatizzatore manuale,
7278,Gennaio,2011,150452.0,132.0,Benzina,Cambio manuale,,Roma,Roma,MERCEDES-BENZ,Classe A,Classe A 1.5 Base 5p.,1697.0,7.0,4.8,,70.0,Nero,,Airbag conducente,2 o 3 porte,nan,Climatizzatore manuale,
3456,Marzo,2004,211204.0,151.0,Benzina,Cambio manuale,,Roma,Milano,AUDI,A3,A3 1.7 Sport 5p.,2455.0,4.0,5.2,,80.0,Nero,,Airbag conducente,4 o 5 porte,Euro 4,nan,
8439,No Mese,2015,20746.0,121.0,Diesel,Cambio automatico,,Roma,Torino,VOLKSWAGEN,Polo,Polo 1.2 Comfort 5p.,2084.0,5.0,5.6,,130.0,Grigio,,Airbag conducente,2 o 3 porte,Euro 4,Climatizzatore manuale,
3100,Giugno,2005,187675.0,85.0,Benzina,Cambio automatico,,Roma,Roma,AUDI,Q3,Q3 1.4 Sport 5p.,1345.0,5.0,4.7,,139.0,Nero,,Airbag conducente,nan,nan,Climatizzatore manuale,
1095,Gennaio,2007,155876.0,66.0,Diesel,Cambio manuale,,Roma,Roma,FORD,Focus,Focus 1.5 Sport 5p.,929.0,4.0,4.9,,150.0,Grigio,,Airbag conducente,2 o 3 porte,Euro 5,nan,
6639,No Mese,2017,36565.0,100.0,Diesel,Cambio automatico,,Roma,Milano,FORD,Fiesta,Fiesta 1.3 Sport 5p.,1117.0,4.0,7.4,,149.0,Grigio,,Airbag anteriori e laterali,2 o 3 porte,nan,Climatizzatore manuale,
1694,Giugno,2003,165847.0,82.0,Diesel,Cambio manuale,,Roma,Milano,FORD,Fiesta,Fiesta 1.6 Comfort 5p.,1012.0,5.0,3.3,,140.0,Grigio,,nan,2 o 3 porte,Euro 4,nan,
869,Marzo,2005,299434.0,68.0,Diesel,Cambio manuale,,Roma,Roma,RENAULT,Megane,Megane 1.6 Comfort 5p.,901.0,4.0,4.6,,83.0,Grigio,,Airbag conducente,2 o 3 porte,Euro 4,nan,
4625,Giugno,2008,151024.0,146.0,Diesel,Cambio manuale,,Roma,Torino,MERCEDES-BENZ,Classe A,Classe A 1.7 Comfort 5p.,2008.0,5.0,7.4,,105.0,Bianco,,Airbag conducente,nan,Euro 4,Climatizzatore manuale,
7255,Marzo,2017,19999.0,97.0,GPL,Cambio automatico,,Roma,Milano,PEUGEOT,308,308 1.7 Comfort 5p.,1429.0,4.0,5.6,,118.0,Grigio,,nan,4 o 5 porte,nan,Climatizzatore manuale,
2938,No Mese,2012,122100.0,78.0,Diesel,Cambio manuale,,Roma,Milano,FORD,Fiesta,Fiesta 1.4 Sport 5p.,1231.0,5.0,3.8,,105.0,Bianco,,Airbag anteriori e laterali,4 o 5 porte,Euro 5,Climatizzatore manuale,
3111,Marzo,2013,137859.0,61.0,Diesel,Cambio automatico,,Roma,Milano,VOLKSWAGEN,Passat,Passat 1.8 Base 5p.,821.0,4.0,3.6,,147.0,Bianco,,Airbag anteriori e laterali,4 o 5 porte,Euro 6,Climatizzatore manuale,
17332,Marzo,2017,19302.0,183.0,Diesel,Cambio manuale,,Roma,Torino,MERCEDES-BENZ,Classe A,Classe A 1.7 Sport 5p.,2654.0,5.0,5.3,,138.0,Nero,,nan,4 o 5 porte,Euro 6,Climatizzatore automatico,
5460,Gennaio,2015,60428.0,100.0,Diesel,Cambio automatico,,Roma,Milano,FIAT,Tipo,Tipo 1.5 Base 5p.,1392.0,5.0,5.3,,103.0,Bianco,,nan,4 o 5 porte,Euro 6,Climatizzatore automatico,
4018,Gennaio,2017,45098.0,82.0,Benzina,Cambio manuale,,Roma,Milano,FIAT,500,500 1.7 Sport 5p.,1160.0,4.0,3.3,,121.0,Bianco,,Airbag anteriori e laterali,nan,Euro 5,Climatizzatore manuale,
3114,Gennaio,2003,202211.0,124.0,Metano,Cambio automatico,,Roma,Roma,MERCEDES-BENZ,Classe C,Classe C 1.2 Comfort 5p.,1788.0,5.0,3.3,,88.0,Grigio,,Airbag conducente,2 o 3 porte,nan,Climatizzatore manuale,
3850,Gennaio,2010,187467.0,83.0,Diesel,Cambio automatico,,Roma,Milano,BMW,X1,X1 1.8 Comfort 5p.,1036.0,4.0,6.5,,123.0,Nero,,Airbag conducente,4 o 5 porte,nan,Climatizzatore manuale,
2670,Marzo,2005,253688.0,93.0,GPL,Cambio automatico,,Roma,Torino,BMW,Serie 1,Serie 1 1.3 Comfort 5p.,1030.0,4.0,4.2,,153.0,Nero,,Airbag conducente,2 o 3 porte,nan,Climatizzatore manuale,
3020,Gennaio,2010,91582.0,94.0,Diesel,Cambio manuale,,Roma,Torino,PEUGEOT,208,208 1.8 Base 5p.,1397.0,5.0,3.8,,129.0,Nero,,Airbag anteriori e laterali,4 o 5 porte,Euro 6,nan,
872,Giugno,2004,215275.0,56.0,Diesel,Cambio manuale,,Roma,Torino,FIAT,500,500 1.8 Sport 5p.,785.0,7.0,7.3,,139.0,Grigio,,Airbag conducente,2 o 3 porte,nan,Climatizzatore manuale,
5462,Gennaio,2013,91109.0,126.0,Diesel,Cambio manuale,,Roma,Milano,FORD,Focus,Focus 1.8 Base 5p.,1834.0,4.0,3.3,,130.0,Bianco,,Airbag conducente,4 o 5 porte,Euro 5,Climatizzatore manuale,
4789,No Mese,2012,51271.0,140.0,Diesel,Cambio automatico,,Roma,Torino,FORD,Fiesta,Fiesta 1.3 Comfort 5p.,2049.0,7.0,6.2,,91.0,Bianco,,nan,4 o 5 porte,nan,Climatizzatore automatico,
1698,Giugno,2007,159757.0,137.0,Diesel,Cambio manuale,,Roma,Milano,RENAULT,Megane,Megane 1.2 Business 5p.,2276.0,4.0,5.0,,104.0,Bianco,,Airbag conducente,4 o 5 porte,Euro 5,Climatizzatore automatico,
2322,Giugno,2009,173918.0,88.0,Diesel,Cambio automatico,,Roma,Roma,RENAULT,Clio,Clio 1.2 Business 5p.,1293.0,5.0,6.4,,124.0,Nero,,nan,4 o 5 porte,Euro 5,Climatizzatore automatico,
4735,Marzo,2009,63462.0,113.0,GPL,Cambio manuale,,Roma,Milano,BMW,X1,X1 1.2 Base 5p.,1592.0,5.0,6.9,,137.0,Bianco,,Airbag anteriori e laterali,2 o 3 porte,Euro 5,nan,
4384,Marzo,2016,59450.0,77.0,Diesel,Cambio manuale,,Roma,Torino,FIAT,Panda,Panda 1.6 Business 5p.,1175.0,5.0,4.3,,146.0,Nero,,nan,4 o 5 porte,Euro 4,Climatizzatore manuale,
2009,No Mese,2008,73837.0,70.0,Diesel,Cambio manuale,,Roma,Torino,PEUGEOT,308,308 1.5 Base 5p.,937.0,5.0,5.5,,134.0,Bianco,,Airbag conducente,nan,Euro 6,Climatizzatore manuale,
2777,Marzo,2007,242359.0,90.0,Benzina,Cambio manuale,,Roma,Roma,BMW,Serie 1,Serie 1 1.2 Base 5p.,1125.0,5.0,6.5,,78.0,Nero,,Airbag conducente,2 o 3 porte,Euro 6,Climatizzatore manuale,
3547,Giugno,2003,51858.0,134.0,Benzina,Cambio manuale,,Roma,Roma,BMW,Serie 1,Serie 1 1.8 Comfort 5p.,2018.0,5.0,4.8,,90.0,Grigio,,nan,nan,Euro 6,Climatizzatore manuale,
3626,No Mese,2015,87324.0,91.0,Benzina,Cambio manuale,,Roma,Torino,FIAT,Panda,Panda 1.5 Sport 5p.,1350.0,5.0,8.3,,82.0,Nero,,Airbag conducente,nan,Euro 4,Climatizzatore manuale,
1397,Giugno,2010,74948.0,53.0,Diesel,Cambio manuale,,Roma,Milano,FIAT,500,500 1.8 Comfort 5p.,705.0,7.0,5.1,,124.0,Nero,,Airbag conducente,2 o 3 porte,Euro 5,Climatizzatore manuale,
3651,No Mese,2015,54107.0,92.0,Diesel,Cambio manuale,,Roma,Torino,FIAT,Tipo,Tipo 1.3 Business 5p.,1173.0,4.0,7.7,,120.0,Nero,,nan,4 o 5 porte,Euro 5,Climatizzatore automatico,
4133,Marzo,2014,99169.0,83.0,Diesel,Cambio automatico,,Roma,Torino,FORD,Fiesta,Fiesta 1.2 Business 5p.,1136.0,5.0,2.8,,125.0,Grigio,,Airbag anteriori e laterali,nan,Euro 5,Climatizzatore manuale,
2297,Giugno,2008,132454.0,114.0,Benzina,Cambio automatico,,Roma,Roma,FORD,Fiesta,Fiesta 1.4 Base 5p.,1479.0,7.0,6.0,,107.0,Nero,,Airbag anteriori e laterali,2 o 3 porte,Euro 5,Climatizzatore manuale,
3319,No Mese,2012,45689.0,70.0,Benzina,Cambio manuale,,Roma,Milano,FORD,Focus,Focus 1.5 Comfort 5p.,1105.0,7.0,7.7,,119.0,Grigio,,Airbag conducente,4 o 5 porte,Euro 6,nan,
2314,Giugno,2006,191002.0,116.0,Benzina,Cambio manuale,,Roma,Roma,VOLKSWAGEN,Polo,Polo 1.2 Base 5p.,1728.0,4.0,5.3,,70.0,Nero,,Airbag conducente,2 o 3 porte,Euro 6,Climatizzatore manuale,
4827,Marzo,2015,33527.0,96.0,Benzina,Cambio manuale,,Roma,Milano,VOLKSWAGEN,Polo,Polo 1.5 Comfort 5p.,1055.0,5.0,5.0,,138.0,Grigio,,Airbag conducente,nan,Euro 6,nan,
1750,Giugno,2006,68183.0,47.0,Diesel,Cambio automatico,,Roma,Torino,PEUGEOT,308,308 1.5 Comfort 5p.,778.0,5.0,6.4,,143.0,Bianco,,Airbag conducente,nan,Euro 6,Climatizzatore manuale,
1886,Giugno,2005,86168.0,79.0,Diesel,Cambio automatico,,Roma,Milano,FORD,Focus,Focus 1.6 Business 5p.,1327.0,4.0,5.0,,133.0,Bianco,,nan,4 o 5 porte,Euro 6,Climatizzatore automatico,
2032,Gennaio,2012,122492.0,40.0,Benzina,Cambio manuale,,Roma,Milano,FORD,Focus,Focus 1.8 Comfort 5p.,653.0,7.0,6.3,,94.0,Nero,,Airbag conducente,nan,Euro 6,Climatizzatore manuale,
2553,Giugno,2007,80551.0,102.0,Diesel,Cambio automatico,,Roma,Torino,FORD,Fiesta,Fiesta 1.7 Base 5p.,1719.0,7.0,4.2,,133.0,Bianco,,nan,4 o 5 porte,Euro 4,Climatizzatore manuale,
5229,Marzo,2007,129205.0,114.0,Diesel,Cambio automatico,,Roma,Milano,AUDI,A4,A4 1.5 Sport 5p.,1618.0,5.0,5.7,,141.0,Bianco,,nan,2 o 3 porte,nan,Climatizzatore automatico,
1805,No Mese,2011,138745.0,48.0,Diesel,Cambio manuale,,Roma,Roma,PEUGEOT,308,308 1.7 Base 5p.,598.0,5.0,3.9,,112.0,Nero,,Airbag conducente,4 o 5 porte,Euro 4,Climatizzatore manuale,
2078,Gennaio,2008,189925.0,63.0,Diesel,Cambio manuale,,Roma,Roma,PEUGEOT,208,208 1.8 Base 5p.,913.0,4.0,6.2,,82.0,Grigio,,nan,2 o 3 porte,Euro 6,Climatizzatore manuale,
861,Marzo,2007,227279.0,40.0,Diesel,Cambio manuale,,Roma,Roma,PEUGEOT,208,208 1.4 Comfort 5p.,661.0,5.0,5.2,,89.0,Grigio,,nan,4 o 5 porte,nan,Climatizzatore automatico,
8813,Giugno,2018,17100.0,108.0,Elettrico,Cambio manuale,,Roma,Milano,VOLKSWAGEN,Passat,Passat 1.7 Business 5p.,1338.0,5.0,5.0,,94.0,Nero,,Airbag anteriori e laterali,2 o 3 porte,Euro 4,Climatizzatore automatico,
4215,Gennaio,2014,73170.0,120.0,Diesel,Cambio automatico,,Roma,Torino,PEUGEOT,208,208 1.7 Base 5p.,1872.0,4.0,3.4,,143.0,Bianco,,Airbag conducente,2 o 3 porte,nan,Climatizzatore automatico,
11083,Giugno,2015,68897.0,149.0,Diesel,Cambio manuale,,Roma,Roma,AUDI,A4,A4 1.8 Business 5p.,2271.0,5.0,5.3,,144.0,Nero,,Airbag anteriori e laterali,nan,Euro 5,nan,
1439,Marzo,2007,178621.0,108.0,Diesel,Cambio manuale,,Roma,Roma,RENAULT,Clio,Clio 1.2 Base 5p.,1727.0,4.0,7.8,,184.0,Grigio,,Airbag conducente,2 o 3 porte,nan,Climatizzatore manuale,
1759,No Mese,2003,185380.0,116.0,Diesel,Cambio automatico,,Roma,Roma,FORD,Fiesta,Fiesta 1.4 Comfort 5p.,1629.0,7.0,3.9,,103.0,Nero,,nan,2 o 3 porte,Euro 4,Climatizzatore automatico,
3888,Gennaio,2014,46140.0,87.0,Diesel,Cambio manuale,,Roma,Roma,RENAULT,Clio,Clio 1.2 Comfort 5p.,1118.0,5.0,4.1,,62.0,Nero,,nan,4 o 5 porte,nan,Climatizzatore manuale,
3475,No Mese,2010,118565.0,100.0,Diesel,Cambio automatico,,Roma,Torino,VOLKSWAGEN,Passat,Passat 1.6 Business 5p.,1508.0,5.0,5.0,,82.0,Grigio,,Airbag conducente,nan,Euro 4,Climatizzatore manuale,
7785,Gennaio,2015,76996.0,70.0,Diesel,Cambio automatico,,Roma,Torino,AUDI,A3,A3 1.8 Comfort 5p.,1063.0,5.0,7.1,,139.0,Grigio,,nan,4 o 5 porte,Euro 4,nan,
4514,Giugno,2004,124179.0,174.0,Diesel,Cambio manuale,,Roma,Torino,BMW,Serie 1,Serie 1 1.3 Sport 5p.,3058.0,5.0,6.5,,109.0,Bianco,,Airbag conducente,nan,Euro 4,Climatizzatore manuale,
19697,Giugno,2017,23688.0,163.0,Diesel,Cambio automatico,,Roma,Roma,MERCEDES-BENZ,Classe A,Classe A 1.6 Business 5p.,2593.0,4.0,7.5,,122.0,Nero,,Airbag conducente,nan,Euro 6,nan,
2129,Gennaio,2007,173354.0,91.0,Diesel,Cambio manuale,,Roma,Torino,VOLKSWAGEN,Polo,Polo 1.4 Base 5p.,1134.0,7.0,4.7,,76.0,Nero,,nan,nan,Euro 4,Climatizzatore automatico,
5638,Gennaio,2017,25721.0,74.0,Benzina,Cambio automatico,,Roma,Milano,PEUGEOT,208,208 1.8 Sport 5p.,1191.0,5.0,4.8,,115.0,Bianco,,Airbag conducente,4 o 5 porte,nan,Climatizzatore manuale,
2757,Gennaio,2010,114267.0,103.0,Diesel,Cambio manuale,,Roma,Torino,OPEL,Corsa,Corsa 1.6 Sport 5p.,1411.0,4.0,6000.0,,134.0,Nero,,nan,4 o 5 porte,nan,nan,
3139,Gennaio,2016,28432.0,59.0,Benzina,Cambio manuale,,Roma,Roma,FIAT,Tipo,Tipo 1.5 Base 5p.,780.0,5.0,6.7,,141.0,Bianco,,nan,4 o 5 porte,Euro 4,Climatizzatore manuale,
3297,Gennaio,2013,86937.0,107.0,Metano,Cambio manuale,,Roma,Milano,FIAT,500,500 1.2 Business 5p.,1576.0,7.0,5.3,,109.0,Bianco,,nan,nan,Euro 6,Climatizzatore manuale,
5428,Gennaio,2009,161070.0,126.0,Diesel,Cambio automatico,,Roma,Milano,BMW,Serie 1,Serie 1 1.5 Sport 5p.,1426.0,4.0,4.6,,121.0,Bianco,,Airbag conducente,2 o 3 porte,nan,Climatizzatore manuale,
873,No Mese,2008,201512.0,52.0,Diesel,Cambio manuale,,Roma,Torino,FIAT,500,500 1.6 Comfort 5p.,853.0,4.0,5.3,,94.0,Grigio,,nan,2 o 3 porte,nan,nan,
4029,Giugno,2013,134955.0,125.0,Benzina,Cambio automatico,,Roma,Torino,PEUGEOT,208,208 1.4 Comfort 5p.,1523.0,5.0,5.6,,142.0,Grigio,,nan,2 o 3 porte,Euro 4,Climatizzatore automatico,
1397,Marzo,2005,133850.0,96.0,Metano,Cambio manuale,,Roma,Torino,OPEL,Astra,Astra 1.4 Sport 5p.,1440.0,5.0,5.4,,106.0,Grigio,,Airbag anteriori e laterali,2 o 3 porte,Euro 5,nan,
15754,Gennaio,2017,28211.0,142.0,Diesel,Cambio manuale,,Roma,Torino,BMW,Serie 1,Serie 1 1.6 Base 5p.,2129.0,4.0,5.3,,124.0,Bianco,,nan,nan,Euro 4,Climatizzatore manuale,
2582,Gennaio,2011,158047.0,120.0,Diesel,Cambio manuale,,Roma,Milano,FIAT,500,500 1.8 Comfort 5p.,1449.0,5.0,4.4,,145.0,Bianco,,Airbag anteriori e laterali,4 o 5 porte,Euro 4,nan,
2035,No Mese,2007,87129.0,78.0,Diesel,Cambio manuale,,Roma,Roma,PEUGEOT,308,308 1.6 Sport 5p.,1049.0,4.0,5.7,,168.0,Grigio,,nan,nan,Euro 5,nan,
4632,No Mese,2017,32611.0,57.0,Diesel,Cambio automatico,,Roma,Torino,OPEL,Corsa,Corsa 1.3 Base 5p.,674.0,5.0,4.3,,92.0,Grigio,,Airbag conducente,2 o 3 porte,Euro 4,Climatizzatore automatico,
2928,No Mese,2011,136577.0,108.0,Diesel,Cambio automatico,,Roma,Torino,FIAT,Panda,Panda 1.7 Business 5p.,1486.0,5.0,6.9,,123.0,Nero,,nan,4 o 5 porte,Euro 4,Climatizzatore automatico,
2607,Giugno,2005,223489.0,66.0,Benzina,Cambio manuale,,Roma,Torino,MERCEDES-BENZ,Classe A,Classe A 1.6 Base 5p.,887.0,7.0,7.0,,131.0,Grigio,,Airbag conducente,nan,Euro 6,Climatizzatore automatico,
6536,No Mese,2017,13924.0,103.0,Diesel,Cambio manuale,,Roma,Torino,FIAT,500,500 1.2 Base 5p.,,4.0,5.6,,99.0,Bianco,,Airbag anteriori e laterali,nan,Euro 6,Climatizzatore manuale,
3943,Giugno,2009,218652.0,91.0,Diesel,Cambio automatico,,Roma,Roma,MERCEDES-BENZ,Classe A,Classe A 1.2 Business 5p.,1395.0,7.0,4.4,,131.0,Grigio,,nan,nan,Euro 4,nan,
3077,Gennaio,2012,102570.0,113.0,Diesel,Cambio manuale,,Roma,Roma,FIAT,500,500 1.7 Base 5p.,1903.0,5.0,5.0,,153.0,Grigio,,Airbag conducente,4 o 5 porte,nan,Climatizzatore manuale,
1055,Giugno,2004,293538.0,65.0,Diesel,Cambio automatico,,Roma,Torino,VOLKSWAGEN,Golf,Golf 1.7 Sport 5p.,982.0,5.0,4.6,,114.0,Grigio,,Airbag conducente,4 o 5 porte,Euro 5,Climatizzatore automatico,
1010,Gennaio,2006,187789.0,45.0,Diesel,Cambio manuale,,Roma,Roma,PEUGEOT,208,208 1.5 Business 5p.,585.0,4.0,4.0,,93.0,Nero,,nan,2 o 3 porte,Euro 4,Climatizzatore automatico,
14439,Marzo,2016,50399.0,168.0,Diesel,Cambio manuale,,Roma,Torino,MERCEDES-BENZ,Classe C,Classe C 1.6 Business 5p.,2800.0,7.0,7.2,,140.0,Nero,,Airbag conducente,4 o 5 porte,Euro 5,nan,
12139,Giugno,2014,67670.0,132.0,Diesel,Cambio manuale,,Roma,Milano,MERCEDES-BENZ,Classe C,Classe C 1.3 Sport 5p.,1551.0,4.0,6.4,,121.0,Bianco,,nan,2 o 3 porte,nan,nan,
3101,No Mese,2012,107589.0,96.0,Benzina,Cambio manuale,,Roma,Torino,RENAULT,Megane,Megane 1.3 Sport 5p.,1121.0,5.0,4.2,,156.0,Bianco,,nan,4 o 5 porte,nan,Climatizzatore automatico,
2847,Giugno,2013,102580.0,66.0,Benzina,Cambio manuale,,Roma,Milano,FIAT,Tipo,Tipo 1.5 Comfort 5p.,969.0,7.0,5.7,,129.0,Nero,,Airbag anteriori e laterali,nan,Euro 4,Climatizzatore automatico,
2250,Marzo,2008,178372.0,40.0,Benzina,Cambio automatico,,Roma,Roma,BMW,Serie 3,Serie 3 1.6 Business 5p.,635.0,5.0,4.9,,134.0,Grigio,,Airbag anteriori e laterali,nan,Euro 4,Climatizzatore manuale,
13537,Gennaio,2013,63536.0,153.0,Diesel,Cambio automatico,,Roma,Roma,MERCEDES-BENZ,Classe C,Classe C 1.2 Base 5p.,2274.0,5.0,5.8,,120.0,Grigio,,nan,2 o 3 porte,nan,Climatizzatore manuale,
12172,Marzo,2010,184800.0,128.0,Diesel,Cambio manuale,,Roma,Milano,PORSCHE,Cayenne,Cayenne 1.2 Business 5p.,2014.0,5.0,6.4,,109.0,Grigio,,Airbag conducente,nan,Euro 5,Climatizzatore manuale,
3412,Gennaio,2011,167768.0,94.0,GPL,Cambio automatico,,Roma,Milano,VOLKSWAGEN,Passat,Passat 1.7 Business 5p.,1386.0,4.0,5.6,,117.0,Bianco,,Airbag anteriori e laterali,2 o 3 porte,Euro 6,Climatizzatore automatico,
777,Giugno,2008,271213.0,40.0,Diesel,Cambio manuale,,Roma,Torino,FIAT,500,500 1.5 Sport 5p.,502.0,5.0,7.4,,118.0,Bianco,,nan,4 o 5 porte,Euro 5,Climatizzatore automatico,
3187,Marzo,2013,88998.0,80.0,Benzina,Cambio manuale,,Roma,Roma,OPEL,Astra,Astra 1.3 Base 5p.,1310.0,7.0,5.3,,155.0,Bianco,,Airbag conducente,2 o 3 porte,nan,Climatizzatore manuale,
2702,Gennaio,2005,190529.0,95.0,Benzina,Cambio automatico,,Roma,Roma,MERCEDES-BENZ,Classe C,Classe C 1.7 Base 5p.,1318.0,5.0,5.5,,170.0,Nero,,nan,nan,Euro 4,nan,
2254,Giugno,2007,101397.0,106.0,Diesel,Cambio manuale,,Roma,Milano,PEUGEOT,308,308 1.2 Comfort 5p.,1683.0,5.0,7.0,,127.0,Nero,,Airbag anteriori e laterali,2 o 3 porte,Euro 4,nan,
1947,Marzo,2010,128777.0,72.0,Diesel,Cambio manuale,,Roma,Torino,OPEL,Astra,Astra 1.8 Business 5p.,970.0,5.0,6.0,,108.0,Bianco,,Airbag anteriori e laterali,nan,Euro 4,nan,
5941,Giugno,2015,53809.0,130.0,GPL,Cambio manuale,,Roma,Roma,DR,DR5,DR5 1.3 Sport 5p.,1739.0,5.0,6.5,,151.0,Grigio,,nan,4 o 5 porte,Euro 4,nan,
1899,Marzo,2010,91240.0,44.0,Benzina,Cambio manuale,,Roma,Milano,VOLKSWAGEN,Passat,Passat 1.2 Business 5p.,523.0,7.0,6.1,,106.0,Nero,,Airbag conducente,nan,nan,Climatizzatore manuale,
1451,No Mese,2005,260528.0,117.0,Metano,Cambio automatico,,Roma,Torino,FIAT,500,500 1.8 Comfort 5p.,1626.0,5.0,5.2,,93.0,Bianco,,nan,nan,nan,Climatizzatore manuale,
3239,Giugno,2010,104853.0,118.0,Benzina,Cambio manuale,,Roma,Roma,RENAULT,Clio,Clio 1.2 Sport 5p.,1660.0,5.0,6.4,,143.0,Grigio,,Airbag anteriori e laterali,2 o 3 porte,nan,Climatizzatore automatico,
14508,Marzo,2014,61485.0,188.0,Diesel,Cambio manuale,,Roma,Milano,MERCEDES-BENZ,Classe C,Classe C 1.4 Business 5p.,2633.0,5.0,4.6,,153.0,Bianco,,nan,nan,Euro 6,Climatizzatore manuale,
1899,Giugno,2003,225325.0,130.0,Diesel,Cambio manuale,,Roma,Milano,VOLKSWAGEN,Golf,Golf 1.6 Sport 5p.,1899.0,4.0,6000.0,,102.0,Bianco,,nan,nan,nan,nan,
8511,Marzo,2019,500.0,82.0,Diesel,Cambio manuale,,Roma,Milano,OPEL,Corsa,Corsa 1.8 Business 5p.,972.0,4.0,5.3,,124.0,Grigio,,Airbag conducente,nan,nan,Climatizzatore automatico,
8000,No Mese,2012,142148.0,129.0,Benzina,Cambio manuale,,Roma,Roma,MERCEDES-BENZ,Classe C,Classe C 1.6 Sport 5p.,1724.0,4.0,4.9,,50.0,Grigio,,Airbag anteriori e laterali,nan,Euro 4,Climatizzatore manuale,
3360,Gennaio,2015,54138.0,64.0,Diesel,Cambio manuale,,Roma,Torino,FIAT,500,500 1.4 Comfort 5p.,763.0,4.0,6.4,,107.0,Bianco,,Airbag anteriori e laterali,4 o 5 porte,Euro 6,nan,
22298,Giugno,2018,10671.0,139.0,Diesel,Cambio automatico,,Roma,Roma,MERCEDES-BENZ,Classe A,Classe A 1.5 Sport 5p.,2064.0,7.0,4.9,,139.0,Bianco,,Airbag conducente,2 o 3 porte,Euro 6,nan,
712,Giugno,2004,258669.0,65.0,Diesel,Cambio manuale,,Roma,Torino,FIAT,500,500 1.6 Business 5p.,796.0,4.0,5.6,,140.0,Grigio,,Airbag anteriori e laterali,nan,nan,nan,
2630,Giugno,2013,95631.0,69.0,Diesel,Cambio automatico,,Roma,Milano,FIAT,Tipo,Tipo 1.2 Base 5p.,921.0,7.0,7.2,,154.0,Nero,,nan,4 o 5 porte,nan,nan,
1195,Marzo,2005,392487.0,92.0,Diesel,Cambio manuale,,Roma,Roma,FORD,Fiesta,Fiesta 1.3 Business 5p.,1171.0,5.0,5.2,,87.0,Grigio,,Airbag conducente,4 o 5 porte,Euro 4,Climatizzatore manuale,
5121,Marzo,2014,94179.0,61.0,Diesel,Cambio manuale,,Roma,Milano,AUDI,A3,A3 1.7 Sport 5p.,904.0,5.0,7.4,,92.0,Nero,,nan,2 o 3 porte,Euro 4,Climatizzatore automatico,
6626,Giugno,2016,36715.0,140.0,Benzina,Cambio manuale,,Roma,Roma,PEUGEOT,308,308 1.3 Comfort 5p.,1968.0,5.0,4.6,,110.0,Grigio,,Airbag conducente,4 o 5 porte,Euro 4,Climatizzatore automatico,
3635,No Mese,2016,63699.0,83.0,Benzina,Cambio manuale,,Roma,Milano,FIAT,Panda,Panda 1.4 Business 5p.,976.0,7.0,5.7,,106.0,Grigio,,nan,2 o 3 porte,Euro 6,nan,
1890,No Mese,2006,251034.0,132.0,GPL,Cambio manuale,,Roma,Milano,PEUGEOT,308,308 1.6 Base 5p.,1774.0,5.0,3.7,,146.0,Grigio,,Airbag anteriori e laterali,4 o 5 porte,Euro 6,Climatizzatore manuale,
3375,Giugno,2015,41702.0,57.0,Diesel,Cambio manuale,,Roma,Milano,FIAT,500,500 1.6 Comfort 5p.,,5.0,6.5,,102.0,Nero,,Airbag conducente,2 o 3 porte,Euro 5,Climatizzatore automatico,
4872,Marzo,2010,148498.0,134.0,Metano,Cambio manuale,,Roma,Torino,VOLKSWAGEN,Passat,Passat 1.7 Business 5p.,1906.0,4.0,7.1,,100.0,Nero,,Airbag anteriori e laterali,2 o 3 porte,Euro 5,Climatizzatore automatico,
3553,Marzo,2003,283010.0,170.0,Diesel,Cambio manuale,,Roma,Roma,AUDI,A3,A3 1.6 Base 5p.,2520.0,4.0,5.6,,132.0,Grigio,,nan,nan,Euro 4,Climatizzatore automatico,
1672,Marzo,2009,78879.0,43.0,Diesel,Cambio automatico,,Roma,Roma,PEUGEOT,208,208 1.2 Business 5p.,615.0,7.0,5.3,,146.0,Nero,,Airbag conducente,2 o 3 porte,Euro 6,Climatizzatore automatico,
5845,Gennaio,2010,115942.0,123.0,Diesel,Cambio manuale,,Roma,Roma,BMW,X1,X1 1.7 Base 5p.,1946.0,5.0,5.3,,100.0,Grigio,,Airbag anteriori e laterali,nan,Euro 5,nan,
6011,Giugno,2019,500.0,92.0,Diesel,Cambio automatico,,Roma,Milano,FIAT,500,500 1.7 Comfort 5p.,1188.0,5.0,5.0,,136.0,Grigio,,Airbag conducente,2 o 3 porte,Euro 5,Climatizzatore manuale,
1560,Marzo,2005,174865.0,108.0,Diesel,Cambio manuale,,Roma,Torino,VOLKSWAGEN,Golf,Golf 1.3 Base 5p.,1273.0,4.0,5.5,,118.0,Nero,,Airbag conducente,nan,nan,Climatizzatore automatico,
13666,Marzo,2006,134294.0,232.0,GPL,Cambio manuale,,Roma,Milano,PORSCHE,Macan,Macan 1.8 Sport 5p.,2683.0,5.0,4.8,,118.0,Nero,,nan,nan,Euro 5,Climatizzatore manuale,
8313,Gennaio,2013,106724.0,155.0,Diesel,Cambio manuale,,Roma,Torino,MERCEDES-BENZ,Classe C,Classe C 1.6 Base 5p.,2078.0,5.0,5.7,,127.0,Grigio,,Airbag anteriori e laterali,nan,Euro 6,nan,
1566,Giugno,2006,120764.0,79.0,Diesel,Cambio manuale,,Roma,Roma,RENAULT,Megane,Megane 1.6 Business 5p.,1125.0,5.0,5.4,,96.0,Grigio,,nan,4 o 5 porte,nan,Climatizzatore manuale,
5907,Marzo,2007,170340.0,173.0,Diesel,Cambio manuale,,Roma,Milano,MERCEDES-BENZ,Classe C,Classe C 1.6 Sport 5p.,2147.0,4.0,6.8,,138.0,Bianco,,nan,2 o 3 porte,Euro 6,Climatizzatore manuale,
8482,Marzo,2013,122779.0,144.0,Diesel,Cambio manuale,,Roma,Milano,BMW,Serie 3,Serie 3 1.6 Business 5p.,2170.0,5.0,5.4,,135.0,Bianco,,nan,4 o 5 porte,nan,nan,
11713,No Mese,2013,110212.0,141.0,Benzina,Cambio manuale,,Roma,Roma,MERCEDES-BENZ,Classe A,Classe A 1.3 Base 5p.,2275.0,4.0,7.0,,146.0,Grigio,,nan,4 o 5 porte,nan,nan,
3710,Giugno,2009,500.0,125.0,Benzina,Cambio manuale,,Roma,Roma,OPEL,Astra,Astra 1.4 Comfort 5p.,1552.0,5.0,5.3,,106.0,Bianco,,Airbag anteriori e laterali,nan,Euro 5,nan,
3209,Marzo,2014,48012.0,57.0,Diesel,Cambio automatico,,Roma,Roma,PEUGEOT,208,208 1.7 Sport 5p.,639.0,5.0,5.3,,136.0,Bianco,,Airbag conducente,4 o 5 porte,nan,nan,
2583,Marzo,2008,105006.0,98.0,Diesel,Cambio automatico,,Roma,Roma,OPEL,Corsa,Corsa 1.8 Sport 5p.,1598.0,4.0,5.0,,118.0,Nero,,Airbag conducente,2 o 3 porte,Euro 4,Climatizzatore automatico,
3034,Giugno,2015,44777.0,76.0,Diesel,Cambio automatico,,Roma,Roma,FIAT,500,500 1.6 Sport 5p.,979.0,4.0,5.9,,153.0,Nero,,Airbag anteriori e laterali,2 o 3 porte,Euro 5,Climatizzatore manuale,
2405,Marzo,2007,59194.0,105.0,Diesel,Cambio automatico,,Roma,Roma,OPEL,Astra,Astra 1.4 Comfort 5p.,1547.0,5.0,6.6,,137.0,Grigio,,Airbag conducente,2 o 3 porte,Euro 6,Climatizzatore manuale,
6503,No Mese,2019,500.0,82.0,GPL,Cambio manuale,,Roma,Milano,OPEL,Corsa,Corsa 1.7 Sport 5p.,1072.0,7.0,4.7,,113.0,Bianco,,Airbag conducente,2 o 3 porte,Euro 4,nan,
8073,Giugno,2019,500.0,130.0,Diesel,Cambio manuale,,Roma,Roma,RENAULT,Megane,Megane 1.6 Business 5p.,1372.0,5.0,6.4,,95.0,Grigio,,Airbag anteriori e laterali,2 o 3 porte,Euro 5,Climatizzatore manuale,
5531,Giugno,2014,96612.0,102.0,Metano,Cambio automatico,,Roma,Roma,VOLKSWAGEN,Polo,Polo 1.3 Comfort 5p.,1464.0,4.0,4.3,,97.0,Grigio,,Airbag anteriori e laterali,2 o 3 porte,Euro 4,nan,
2381,Gennaio,2009,180239.0,106.0,Diesel,Cambio manuale,,Roma,Milano,OPEL,Astra,Astra 1.5 Base 5p.,1303.0,5.0,6.2,,121.0,Grigio,,Airbag anteriori e laterali,4 o 5 porte,nan,Climatizzatore manuale,
18844,No Mese,2019,500.0,127.0,Benzina,Cambio automatico,,Roma,Milano,AUDI,A3,A3 1.8 Sport 5p.,1576.0,4.0,5.9,,170.0,Nero,,Airbag anteriori e laterali,nan,Euro 5,nan,
1862,Marzo,2009,82500.0,71.0,Metano,Cambio manuale,,Roma,Torino,RENAULT,Megane,Megane 1.6 Base 5p.,1176.0,5.0,5.1,,161.0,Bianco,,Airbag conducente,nan,nan,nan,
4011,Giugno,2016,33666.0,78.0,Diesel,Cambio manuale,,Roma,Roma,FIAT,Tipo,Tipo 1.8 Comfort 5p.,1012.0,5.0,6.4,,123.0,Grigio,,Airbag conducente,nan,Euro 4,Climatizzatore automatico,
5586,Marzo,2010,127802.0,105.0,Benzina,Cambio manuale,,Roma,Torino,BMW,Serie 1,Serie 1 1.6 Business 5p.,1427.0,5.0,7.5,,163.0,Grigio,,Airbag anteriori e laterali,2 o 3 porte,Euro 4,Climatizzatore automatico,
8996,Gennaio,2011,72220.0,119.0,Diesel,Cambio manuale,,Roma,Roma,MERCEDES-BENZ,Classe C,Classe C 1.8 Comfort 5p.,1826.0,5.0,7.8,,129.0,Grigio,,nan,4 o 5 porte,nan,Climatizzatore manuale,
2082,Marzo,2011,197389.0,92.0,Benzina,Cambio automatico,,Roma,Milano,RENAULT,Clio,Clio 1.6 Base 5p.,1091.0,5.0,4.9,,115.0,Nero,,Airbag anteriori e laterali,nan,Euro 6,Climatizzatore automatico,
4903,No Mese,2012,76735.0,91.0,Diesel,Cambio manuale,,Roma,Roma,FORD,Focus,Focus 1.2 Business 5p.,1342.0,5.0,6.3,,180.0,Grigio,,Airbag anteriori e laterali,2 o 3 porte,Euro 5,nan,
5548,Marzo,2015,81822.0,131.0,Diesel,Cambio manuale,,Roma,Torino,OPEL,Corsa,Corsa 1.5 Comfort 5p.,2129.0,7.0,3.7,,122.0,Grigio,,Airbag anteriori e laterali,2 o 3 porte,Euro 5,nan,
678,No Mese,2003,235320.0,47.0,GPL,Cambio manuale,,Roma,Roma,VOLKSWAGEN,Polo,Polo 1.2 Base 5p.,686.0,5.0,6.0,,147.0,Nero,,Airbag anteriori e laterali,nan,Euro 5,Climatizzatore manuale,
3389,Giugno,2003,212794.0,140.0,Benzina,Cambio manuale,,Roma,Torino,MERCEDES-BENZ,Classe A,Classe A 1.7 Sport 5p.,2094.0,7.0,5.3,,126.0,Bianco,,Airbag anteriori e laterali,nan,nan,Climatizzatore manuale,
5748,Marzo,2015,70280.0,87.0,Benzina,Cambio automatico,,Roma,Roma,FORD,Focus,Focus 1.8 Comfort 5p.,1368.0,5.0,4.5,,98.0,Grigio,,Airbag anteriori e laterali,4 o 5 porte,Euro 4,Climatizzatore manuale,
11855,Marzo,2017,40240.0,121.0,Benzina,Cambio manuale,,Roma,Roma,BMW,X1,X1 1.6 Business 5p.,1285.0,5.0,7.9,,68.0,Bianco,,Airbag anteriori e laterali,2 o 3 porte,Euro 4,Climatizzatore automatico,
7189,No Mese,2017,25447.0,138.0,Diesel,Cambio manuale,,Roma,Roma,OPEL,Corsa,Corsa 1.7 Comfort 5p.,1511.0,5.0,4.8,,142.0,Grigio,,Airbag anteriori e laterali,2 o 3 porte,Euro 4,nan,
7740,Giugno,2010,33327.0,141.0,Diesel,Cambio automatico,,Roma,Roma,AUDI,A3,A3 1.3 Sport 5p.,2065.0,5.0,7.0,,155.0,Bianco,,Airbag anteriori e laterali,2 o 3 porte,Euro 4,Climatizzatore manuale,
16897,Gennaio,2019,500.0,118.0,Benzina,Cambio manuale,,Roma,Torino,MERCEDES-BENZ,Classe A,Classe A 1.3 Base 5p.,1516.0,7.0,5.6,,97.0,Nero,,Airbag conducente,nan,Euro 5,Climatizzatore automatico,
2003,Gennaio,2007,127448.0,83.0,Diesel,Cambio automatico,,Roma,Torino,OPEL,Astra,Astra 1.5 Base 5p.,1171.0,4.0,5.4,,169.0,Nero,,Airbag conducente,4 o 5 porte,nan,nan,
2095,No Mese,2011,107480.0,68.0,Diesel,Cambio manuale,,Roma,Torino,FIAT,Panda,Panda 1.8 Base 5p.,1099.0,5.0,4.8,,154.0,Bianco,,Airbag anteriori e laterali,4 o 5 porte,Euro 6,Climatizzatore manuale,
4759,Marzo,2018,13662.0,46.0,Diesel,Cambio automatico,,Roma,Roma,FORD,Fiesta,Fiesta 1.8 Sport 5p.,622.0,5.0,5.5,,142.0,Grigio,,Airbag anteriori e laterali,nan,Euro 4,Climatizzatore automatico,
2113,Gennaio,2005,256416.0,152.0,Benzina,Cambio automatico,,Roma,Roma,VOLKSWAGEN,Golf,Golf 1.8 Base 5p.,2377.0,5.0,6.8,,119.0,Bianco,,Airbag conducente,nan,Euro 6,nan,
1439,Marzo,2003,167493.0,126.0,Diesel,Cambio manuale,,Roma,Torino,RENAULT,Clio,Clio 1.6 Base 5p.,1662.0,5.0,5.2,,158.0,Bianco,,nan,4 o 5 porte,Euro 4,Climatizzatore manuale,
4177,Giugno,2012,52832.0,76.0,Diesel,Cambio automatico,,Roma,Roma,VOLKSWAGEN,Polo,Polo 1.7 Business 5p.,890.0,5.0,6.2,,78.0,Grigio,,Airbag anteriori e laterali,nan,Euro 6,Climatizzatore manuale,
1895,Marzo,2014,77885.0,49.0,Diesel,Cambio manuale,,Roma,Milano,FIAT,Panda,Panda 1.6 Comfort 5p.,555.0,5.0,5.9,,125.0,Grigio,,nan,4 o 5 porte,nan,Climatizzatore automatico,
10071,Gennaio,2017,18192.0,94.0,Benzina,Cambio manuale,,Roma,Roma,BMW,Serie 1,Serie 1 1.8 Base 5p.,1361.0,5.0,5.3,,150.0,Nero,,Airbag conducente,2 o 3 porte,Euro 4,Climatizzatore manuale,
5515,No Mese,2016,24498.0,79.0,Diesel,Cambio automatico,,Roma,Roma,RENAULT,Clio,Clio 1.6 Comfort 5p.,908.0,4.0,7.2,,139.0,Grigio,,Airbag anteriori e laterali,nan,nan,Climatizzatore manuale,
20433,Gennaio,2017,27566.0,173.0,Diesel,Cambio automatico,,Roma,Roma,BMW,X1,X1 1.2 Base 5p.,2609.0,5.0,8.8,,139.0,Nero,,Airbag anteriori e laterali,2 o 3 porte,Euro 6,nan,
8558,Gennaio,2019,500.0,107.0,Benzina,Cambio automatico,,Roma,Milano,FIAT,Panda,Panda 1.7 Business 5p.,1423.0,5.0,5.7,,132.0,Bianco,,Airbag conducente,nan,Euro 6,Climatizzatore manuale,
14659,Giugno,2019,500.0,134.0,Benzina,Cambio manuale,,Roma,Torino,AUDI,Q3,Q3 1.2 Comfort 5p.,1815.0,7.0,5.4,,95.0,Bianco,,Airbag conducente,nan,Euro 4,nan,
5615,Gennaio,2006,159248.0,135.0,Diesel,Cambio manuale,,Roma,Milano,MERCEDES-BENZ,Classe C,Classe C 1.7 Sport 5p.,1731.0,5.0,3.6,,105.0,Nero,,Airbag conducente,nan,Euro 6,Climatizzatore manuale,
1291,Giugno,2008,198559.0,55.0,Diesel,Cambio manuale,,Roma,Roma,FIAT,Panda,Panda 1.2 Base 5p.,626.0,7.0,6.5,,137.0,Nero,,Airbag conducente,4 o 5 porte,Euro 6,nan,
6929,Marzo,2013,85066.0,116.0,Diesel,Cambio manuale,,Roma,Roma,BMW,Serie 1,Serie 1 1.6 Sport 5p.,1561.0,5.0,6.4,,71.0,Bianco,,Airbag anteriori e laterali,4 o 5 porte,Euro 4,Climatizzatore manuale,
5074,No Mese,2007,132739.0,144.0,Diesel,Cambio manuale,,Roma,Milano,AUDI,A4,A4 1.2 Comfort 5p.,2029.0,4.0,4.8,,147.0,Grigio,,nan,4 o 5 porte,nan,Climatizzatore automatico,
5229,Marzo,2019,500.0,69.0,GPL,Cambio automatico,,Roma,Roma,FIAT,Tipo,Tipo 1.5 Business 5p.,859.0,7.0,6.2,,126.0,Grigio,,nan,4 o 5 porte,nan,Climatizzatore automatico,
1048,Giugno,2006,238137.0,75.0,Benzina,Cambio automatico,,Roma,Milano,FIAT,Tipo,Tipo 1.7 Sport 5p.,932.0,5.0,5.5,,111.0,Nero,,Airbag conducente,2 o 3 porte,nan,nan,
9570,Marzo,2017,14727.0,137.0,Benzina,Cambio manuale,,Roma,Torino,VOLKSWAGEN,Golf,Golf 1.6 Base 5p.,1819.0,5.0,6.2,,60.0,Grigio,,Airbag conducente,nan,Euro 6,Climatizzatore automatico,
1596,Gennaio,2008,194699.0,107.0,Diesel,Cambio manuale,,Roma,Milano,RENAULT,Clio,Clio 1.3 Sport 5p.,1638.0,7.0,5.9,,107.0,Bianco,,Airbag conducente,nan,Euro 4,Climatizzatore automatico,
3294,Giugno,2012,78722.0,91.0,Benzina,Cambio automatico,,Roma,Roma,RENAULT,Megane,Megane 1.4 Comfort 5p.,1356.0,5.0,6.6,,139.0,Grigio,,nan,4 o 5 porte,Euro 6,Climatizzatore manuale,
2513,Gennaio,2014,66241.0,46.0,Diesel,Cambio manuale,,Roma,Milano,FIAT,Tipo,Tipo 1.2 Sport 5p.,621.0,5.0,4.1,,120.0,Nero,,Airbag anteriori e laterali,2 o 3 porte,Euro 5,nan,
14113,No Mese,2006,57892.0,189.0,Diesel,Cambio manuale,,Roma,Milano,PORSCHE,Macan,Macan 1.6 Business 5p.,2319.0,7.0,5.2,,143.0,Grigio,,nan,4 o 5 porte,Euro 6,Climatizzatore manuale,
8941,Giugno,2019,500.0,47.0,Diesel,Cambio automatico,,Roma,Torino,BMW,X1,X1 1.5 Comfort 5p.,659.0,5.0,5.7,,150.0,Grigio,,Airbag conducente,2 o 3 porte,Euro 6,Climatizzatore manuale,
11328,Marzo,2019,500.0,65.0,Diesel,Cambio manuale,,Roma,Torino,MERCEDES-BENZ,Classe C,Classe C 1.5 Sport 5p.,977.0,5.0,4.3,,156.0,Grigio,,Airbag anteriori e laterali,4 o 5 porte,nan,nan,
3682,Gennaio,2017,30909.0,62.0,Diesel,Cambio manuale,,Roma,Roma,RENAULT,Clio,Clio 1.3 Sport 5p.,842.0,7.0,4.8,,167.0,Grigio,,Airbag conducente,2 o 3 porte,Euro 6,nan,
11805,Marzo,2013,114320.0,147.0,Benzina,Cambio manuale,,Roma,Roma,BMW,Serie 3,Serie 3 1.8 Business 5p.,1456.0,7.0,7.4,,89.0,Grigio,,Airbag conducente,nan,Euro 4,nan,
3590,Marzo,2017,30145.0,56.0,GPL,Cambio manuale,,Roma,Torino,RENAULT,Clio,Clio 1.3 Comfort 5p.,633.0,7.0,4.6,,119.0,Nero,,Airbag conducente,2 o 3 porte,Euro 6,Climatizzatore manuale,
1126,Marzo,2003,108479.0,81.0,Diesel,Cambio manuale,,Roma,Torino,FIAT,Tipo,Tipo 1.2 Comfort 5p.,1311.0,7.0,6.7,,132.0,Bianco,,Airbag anteriori e laterali,4 o 5 porte,Euro 6,Climatizzatore automatico,
9106,Marzo,2010,71885.0,162.0,Diesel,Cambio manuale,,Roma,Milano,MERCEDES-BENZ,Classe C,Classe C 1.4 Business 5p.,2627.0,5.0,4.2,,182.0,Nero,,nan,2 o 3 porte,Euro 5,Climatizzatore automatico,
6440,Giugno,2003,221320.0,134.0,Diesel,Cambio manuale,,Roma,Torino,PORSCHE,Macan,Macan 1.3 Business 5p.,1912.0,7.0,5.8,,133.0,Nero,,Airbag conducente,2 o 3 porte,Euro 4,Climatizzatore manuale,
4350,Giugno,2015,36991.0,99.0,Benzina,Cambio automatico,,Roma,Roma,FIAT,Tipo,Tipo 1.7 Business 5p.,1327.0,5.0,6.3,,136.0,Nero,,Airbag anteriori e laterali,4 o 5 porte,Euro 6,Climatizzatore manuale,
12632,Marzo,2018,13840.0,100.0,Diesel,Cambio automatico,,Roma,Roma,AUDI,A3,A3 1.4 Business 5p.,1705.0,5.0,3.6,,99.0,Bianco,,Airbag anteriori e laterali,nan,Euro 6,Climatizzatore automatico,
1921,Gennaio,2010,196253.0,61.0,Diesel,Cambio automatico,,Roma,Roma,OPEL,Corsa,Corsa 1.6 Base 5p.,841.0,4.0,6.4,,132.0,Nero,,Airbag conducente,2 o 3 porte,Euro 5,Climatizzatore automatico,
3540,Gennaio,2009,113851.0,105.0,Diesel,Cambio automatico,,Roma,Torino,VOLKSWAGEN,Golf,Golf 1.2 Business 5p.,1612.0,5.0,3.9,,131.0,Bianco,,Airbag conducente,2 o 3 porte,nan,Climatizzatore automatico,
4175,No Mese,2009,134597.0,99.0,Diesel,Cambio manuale,,Roma,Milano,MERCEDES-BENZ,Classe A,Classe A 1.8 Base 5p.,1048.0,7.0,5.8,,134.0,Bianco,,Airbag conducente,nan,Euro 5,Climatizzatore manuale,
1644,No Mese,2005,202210.0,91.0,Diesel,Cambio manuale,,Roma,Roma,FORD,Fiesta,Fiesta 1.2 Sport 5p.,1271.0,4.0,4.4,,95.0,Nero,,nan,4 o 5 porte,Euro 4,Climatizzatore manuale,
7420,Giugno,2014,58195.0,156.0,Diesel,Cambio manuale,,Roma,Torino,FORD,Focus,Focus 1.5 Business 5p.,2624.0,7.0,6.4,,117.0,Nero,,Airbag conducente,nan,Euro 5,Climatizzatore automatico,
14389,Gennaio,2011,158730.0,103.0,Diesel,Cambio manuale,,Roma,Milano,PORSCHE,Macan,Macan 1.4 Business 5p.,1479.0,5.0,6.8,,139.0,Bianco,,Airbag anteriori e laterali,4 o 5 porte,nan,Climatizzatore manuale,
1768,Marzo,2004,143446.0,146.0,Diesel,Cambio manuale,,Roma,Torino,RENAULT,Clio,Clio 1.3 Business 5p.,2483.0,5.0,7.2,,120.0,Grigio,,Airbag anteriori e laterali,4 o 5 porte,nan,nan,
1220,Gennaio,2003,323137.0,68.0,Benzina,Cambio manuale,,Roma,Roma,MERCEDES-BENZ,Classe C,Classe C 1.6 Comfort 5p.,804.0,5.0,5.3,,84.0,Bianco,,nan,2 o 3 porte,Euro 4,nan,
2065,Marzo,2015,38002.0,40.0,Diesel,Cambio manuale,,Roma,Roma,FIAT,500,500 1.8 Base 5p.,616.0,4.0,5.1,,122.0,Grigio,,Airbag conducente,nan,nan,Climatizzatore manuale,
3760,No Mese,2015,37287.0,83.0,GPL,Cambio manuale,,Roma,Milano,FIAT,Panda,Panda 1.2 Base 5p.,1119.0,5.0,7.6,,126.0,Grigio,,nan,2 o 3 porte,Euro 4,Climatizzatore automatico,
6707,Gennaio,2016,9817.0,90.0,Diesel,Cambio automatico,,Roma,Roma,PEUGEOT,308,308 1.8 Base 5p.,1201.0,5.0,5.7,,119.0,Nero,,Airbag anteriori e laterali,nan,Euro 6,Climatizzatore automatico,
1192,Giugno,2003,256397.0,82.0,Diesel,Cambio automatico,,Roma,Milano,PEUGEOT,308,308 1.8 Business 5p.,1322.0,5.0,6.9,,145.0,Nero,,Airbag conducente,nan,Euro 6,Climatizzatore automatico,
1431,Giugno,2004,206522.0,117.0,Diesel,Cambio manuale,,Roma,Torino,OPEL,Corsa,Corsa 1.2 Business 5p.,1609.0,7.0,6.3,,85.0,Grigio,,Airbag anteriori e laterali,2 o 3 porte,nan,Climatizzatore automatico,
6196,Giugno,2012,169260.0,136.0,Diesel,Cambio manuale,,Roma,Torino,AUDI,A4,A4 1.3 Comfort 5p.,2003.0,7.0,5.3,,157.0,Bianco,,nan,4 o 5 porte,Euro 4,Climatizzatore manuale,
3848,Gennaio,2015,67416.0,62.0,GPL,Cambio manuale,,Roma,Torino,PEUGEOT,208,208 1.2 Base 5p.,1009.0,4.0,4.5,,127.0,Nero,,nan,2 o 3 porte,Euro 4,Climatizzatore automatico,
8197,Gennaio,2019,500.0,84.0,Diesel,Cambio automatico,,Roma,Roma,RENAULT,Megane,Megane 1.4 Sport 5p.,1349.0,4.0,5.7,,117.0,Nero,,Airbag conducente,nan,Euro 6,Climatizzatore manuale,
1764,Giugno,2003,341557.0,132.0,Benzina,Cambio automatico,,Roma,Roma,VOLKSWAGEN,Passat,Passat 1.3 Sport 5p.,1725.0,4.0,5.6,,145.0,Bianco,,nan,nan,Euro 6,Climatizzatore manuale,
6208,Gennaio,2019,500.0,97.0,Diesel,Cambio manuale,,Roma,Milano,FIAT,Tipo,Tipo 1.2 Base 5p.,1240.0,7.0,5.2,,113.0,Bianco,,nan,2 o 3 porte,Euro 4,Climatizzatore automatico,
3054,No Mese,2011,121508.0,91.0,GPL,Cambio manuale,,Roma,Roma,FORD,Focus,Focus 1.2 Business 5p.,1284.0,4.0,3.6,,108.0,Nero,,Airbag conducente,4 o 5 porte,nan,Climatizzatore manuale,
2888,Giugno,2012,100154.0,99.0,GPL,Cambio manuale,,Roma,Roma,FIAT,500,500 1.4 Business 5p.,1554.0,5.0,7.3,,97.0,Bianco,,nan,2 o 3 porte,Euro 6,nan,
3206,Giugno,2007,169988.0,119.0,Diesel,Cambio automatico,,Roma,Torino,PEUGEOT,308,308 1.7 Comfort 5p.,1740.0,5.0,4.7,,90.0,Nero,,nan,nan,Euro 5,Climatizzatore automatico,
4235,No Mese,2013,104668.0,71.0,Diesel,Cambio manuale,,Roma,Milano,AUDI,A3,A3 1.5 Sport 5p.,1214.0,7.0,4.9,,121.0,Grigio,,Airbag anteriori e laterali,4 o 5 porte,Euro 5,Climatizzatore manuale,
3020,Giugno,2009,162307.0,56.0,Diesel,Cambio manuale,,Roma,Roma,AUDI,A3,A3 1.2 Comfort 5p.,590.0,5.0,6.6,,94.0,Grigio,,Airbag conducente,2 o 3 porte,Euro 6,Climatizzatore automatico,
10531,No Mese,2017,34551.0,136.0,Diesel,Cambio manuale,,Roma,Milano,AUDI,Q3,Q3 1.8 Business 5p.,1708.0,7.0,5.3,,165.0,Bianco,,Airbag conducente,nan,Euro 5,nan,
4593,No Mese,2012,96775.0,132.0,Diesel,Cambio automatico,,Roma,Torino,FORD,Fiesta,Fiesta 1.4 Base 5p.,1627.0,7.0,6.5,,155.0,Bianco,,nan,2 o 3 porte,nan,nan,
4733,Giugno,2008,213072.0,154.0,Diesel,Cambio manuale,,Roma,Torino,MERCEDES-BENZ,Classe A,Classe A 1.5 Sport 5p.,2249.0,7.0,7.4,,119.0,Nero,,nan,nan,Euro 5,nan,
8367,Gennaio,2018,18211.0,100.0,Diesel,Cambio automatico,,Roma,Torino,PEUGEOT,308,308 1.3 Sport 5p.,1382.0,4.0,4.8,,105.0,Nero,,Airbag anteriori e laterali,4 o 5 porte,Euro 6,nan,
7644,Gennaio,2012,126835.0,99.0,Benzina,Cambio automatico,,Roma,Milano,AUDI,A4,A4 1.2 Base 5p.,1296.0,4.0,5.2,,124.0,Nero,,nan,nan,nan,Climatizzatore automatico,
10134,Giugno,2012,116392.0,77.0,Diesel,Cambio manuale,,Roma,Torino,PORSCHE,Cayenne,Cayenne 1.8 Sport 5p.,1181.0,5.0,4.7,,102.0,Nero,,Airbag conducente,2 o 3 porte,Euro 5,Climatizzatore manuale,
6817,Gennaio,2009,165657.0,145.0,Benzina,Cambio manuale,,Roma,Torino,BMW,X1,X1 1.7 Sport 5p.,2057.0,7.0,5.5,,96.0,Bianco,,nan,4 o 5 porte,Euro 4,Climatizzatore manuale,
18557,Marzo,2019,500.0,105.0,Benzina,Cambio manuale,,Roma,Torino,AUDI,A4,A4 1.4 Comfort 5p.,1592.0,5.0,3.6,,119.0,Bianco,,Airbag anteriori e laterali,2 o 3 porte,nan,Climatizzatore automatico,
6649,No Mese,2012,132821.0,114.0,Metano,Cambio manuale,,Roma,Torino,AUDI,A3,A3 1.7 Comfort 5p.,1480.0,5.0,5.5,,64.0,Nero,,nan,2 o 3 porte,Euro 6,Climatizzatore automatico,
8002,Gennaio,2014,83126.0,97.0,Diesel,Cambio automatico,,Roma,Roma,AUDI,Q3,Q3 1.6 Base 5p.,1237.0,5.0,8.2,,127.0,Bianco,,nan,2 o 3 porte,nan,Climatizzatore manuale,
3756,Gennaio,2012,77720.0,40.0,Benzina,Cambio manuale,,Roma,Roma,MERCEDES-BENZ,Classe A,Classe A 1.6 Sport 5p.,522.0,4.0,3.9,,119.0,Bianco,,Airbag conducente,nan,Euro 4,Climatizzatore automatico,
999,Giugno,2003,170304.0,80.0,Benzina,Cambio manuale,,Roma,Milano,FORD,Focus,Focus 1.2 Business 5p.,1196.0,5.0,2.9,,173.0,Grigio,,Airbag conducente,2 o 3 porte,nan,Climatizzatore automatico,
1757,Marzo,2005,256120.0,124.0,Diesel,Cambio manuale,,Roma,Torino,PEUGEOT,308,308 1.7 Sport 5p.,1606.0,5.0,3.4,,143.0,Grigio,,nan,4 o 5 porte,Euro 5,nan,
2408,Marzo,2010,81670.0,90.0,Benzina,Cambio automatico,,Roma,Milano,FORD,Focus,Focus 1.2 Business 5p.,1572.0,5.0,2.9,,166.0,Nero,,Airbag conducente,nan,Euro 4,Climatizzatore manuale,
5778,Giugno,2016,36935.0,94.0,Diesel,Cambio manuale,,Roma,Roma,PEUGEOT,208,208 1.6 Comfort 5p.,1563.0,4.0,4.5,,180.0,Nero,,nan,2 o 3 porte,nan,nan,
9767,Gennaio,2018,19361.0,108.0,Diesel,Cambio manuale,,Roma,Roma,VOLKSWAGEN,Golf,Golf 1.4 Base 5p.,1449.0,5.0,6.8,,121.0,Grigio,,Airbag anteriori e laterali,4 o 5 porte,Euro 4,Climatizzatore automatico,
4995,Marzo,2008,127415.0,112.0,Diesel,Cambio manuale,,Roma,Milano,AUDI,Q3,Q3 1.7 Base 5p.,1112.0,7.0,6.0,,120.0,Nero,,Airbag conducente,4 o 5 porte,Euro 5,Climatizzatore automatico,
5818,Marzo,2019,500.0,60.0,Diesel,Cambio automatico,,Roma,Roma,RENAULT,Megane,Megane 1.5 Business 5p.,971.0,5.0,7.4,,133.0,Grigio,,Airbag anteriori e laterali,2 o 3 porte,Euro 5,Climatizzatore manuale,
51373,Gennaio,2006,87631.0,375.0,Diesel,Cambio manuale,,Roma,Torino,FERRARI,California,California 1.3 Base 5p.,4628.0,4.0,4.6,,131.0,Grigio,,Airbag conducente,nan,nan,Climatizzatore manuale,
4378,Giugno,2013,48761.0,99.0,Diesel,Cambio automatico,,Roma,Milano,FORD,Fiesta,Fiesta 1.2 Sport 5p.,1330.0,5.0,3.8,,170.0,Nero,,Airbag conducente,2 o 3 porte,Euro 4,Climatizzatore manuale,
14683,Marzo,2016,40299.0,167.0,Benzina,Cambio manuale,,Roma,Roma,AUDI,A3,A3 1.4 Base 5p.,2121.0,5.0,5.5,,96.0,Grigio,,Airbag conducente,2 o 3 porte,nan,nan,
2314,Gennaio,2009,176046.0,94.0,Benzina,Cambio automatico,,Roma,Roma,FORD,Fiesta,Fiesta 1.3 Business 5p.,1492.0,5.0,3.1,,157.0,Bianco,,Airbag conducente,4 o 5 porte,Euro 4,Climatizzatore manuale,
6785,Marzo,2019,500.0,80.0,Diesel,Cambio automatico,,Roma,Torino,PEUGEOT,208,208 1.6 Business 5p.,987.0,4.0,4.5,,112.0,Nero,,Airbag conducente,4 o 5 porte,Euro 5,Climatizzatore manuale,
2333,Marzo,2005,115577.0,101.0,Benzina,Cambio automatico,,Roma,Torino,RENAULT,Megane,Megane 1.8 Base 5p.,1151.0,4.0,5.5,,150.0,Grigio,,Airbag anteriori e laterali,nan,Euro 6,Climatizzatore automatico,
574,Gennaio,2004,235838.0,40.0,Benzina,Cambio manuale,,Roma,Torino,FIAT,500,500 1.3 Base 5p.,629.0,5.0,2.8,,117.0,Nero,,Airbag conducente,nan,Euro 4,Climatizzatore manuale,
16281,Gennaio,2018,20772.0,99.0,Diesel,Cambio automatico,,Roma,Torino,BMW,Serie 3,Serie 3 1.8 Business 5p.,1600.0,5.0,4.7,,129.0,Nero,,Airbag anteriori e laterali,4 o 5 porte,nan,Climatizzatore automatico,
6693,No Mese,2009,196365.0,163.0,Diesel,Cambio manuale,,Roma,Milano,MERCEDES-BENZ,Classe A,Classe A 1.5 Base 5p.,2226.0,5.0,4.9,,149.0,Bianco,,nan,4 o 5 porte,Euro 5,nan,
4900,Marzo,2012,130308.0,107.0,Benzina,Cambio manuale,,Roma,Roma,VOLKSWAGEN,Passat,Passat 1.3 Base 5p.,1600.0,5.0,4.8,,148.0,Bianco,,Airbag anteriori e laterali,4 o 5 porte,nan,Climatizzatore manuale,
2900,Gennaio,2014,86210.0,83.0,Benzina,Cambio manuale,,Roma,Torino,FIAT,Panda,Panda 1.7 Business 5p.,897.0,7.0,6.1,,96.0,Grigio,,Airbag anteriori e laterali,4 o 5 porte,Euro 6,nan,
2312,Giugno,2017,40744.0,40.0,Diesel,Cambio manuale,,Roma,Milano,FIAT,Panda,Panda 1.2 Base 5p.,534.0,4.0,5.6,,90.0,Bianco,,Airbag anteriori e laterali,4 o 5 porte,Euro 4,Climatizzatore automatico,
3252,Giugno,2006,194148.0,116.0,Benzina,Cambio manuale,,Roma,Roma,BMW,Serie 1,Serie 1 1.3 Sport 5p.,1560.0,4.0,6.0,,110.0,Grigio,,Airbag conducente,4 o 5 porte,Euro 5,nan,
12071,Gennaio,2014,36801.0,114.0,Benzina,Cambio manuale,,Roma,Roma,MERCEDES-BENZ,Classe C,Classe C 1.3 Comfort 5p.,1834.0,5.0,5.5,,121.0,Bianco,,nan,4 o 5 porte,Euro 6,Climatizzatore manuale,
2204,No Mese,2013,103628.0,77.0,Diesel,Cambio manuale,,Roma,Milano,FIAT,500,500 1.6 Business 5p.,858.0,4.0,7.0,,153.0,Nero,,Airbag anteriori e laterali,2 o 3 porte,nan,Climatizzatore manuale,
6478,No Mese,2016,56403.0,115.0,Diesel,Cambio automatico,,Roma,Torino,VOLKSWAGEN,Passat,Passat 1.4 Base 5p.,1663.0,4.0,5.6,,124.0,Grigio,,Airbag anteriori e laterali,nan,Euro 5,Climatizzatore automatico,
7282,Gennaio,2012,109611.0,127.0,Diesel,Cambio manuale,,Roma,Torino,AUDI,A3,A3 1.6 Business 5p.,1746.0,7.0,5.1,,147.0,Bianco,,Airbag conducente,nan,Euro 4,Climatizzatore automatico,
1762,Marzo,2007,193128.0,112.0,Benzina,Cambio manuale,,Roma,Roma,RENAULT,Clio,Clio 1.3 Business 5p.,1345.0,5.0,5.7,,130.0,Nero,,nan,nan,Euro 6,Climatizzatore manuale,
5003,Giugno,2011,55577.0,63.0,Benzina,Cambio automatico,,Roma,Roma,MERCEDES-BENZ,Classe C,Classe C 1.8 Sport 5p.,1034.0,5.0,6.9,,91.0,Bianco,,Airbag conducente,2 o 3 porte,Euro 5,Climatizzatore manuale,
4912,No Mese,2009,212520.0,110.0,Benzina,Cambio manuale,,Roma,Roma,BMW,X1,X1 1.8 Base 5p.,1343.0,5.0,5.3,,135.0,Grigio,,Airbag conducente,nan,Euro 6,Climatizzatore manuale,
12964,Giugno,2014,19332.0,150.0,Diesel,Cambio manuale,,Roma,Milano,AUDI,Q3,Q3 1.4 Base 5p.,1902.0,5.0,6.5,,151.0,Grigio,,Airbag anteriori e laterali,4 o 5 porte,Euro 4,Climatizzatore automatico,
3453,No Mese,2007,211927.0,97.0,Diesel,Cambio manuale,,Roma,Milano,MERCEDES-BENZ,Classe A,Classe A 1.3 Comfort 5p.,1370.0,5.0,4.4,,131.0,Bianco,,Airbag conducente,4 o 5 porte,Euro 5,Climatizzatore automatico,
1542,Gennaio,2006,265838.0,88.0,Benzina,Cambio manuale,,Roma,Torino,RENAULT,Clio,Clio 1.5 Business 5p.,1247.0,4.0,5.1,,105.0,Nero,,nan,nan,Euro 4,Climatizzatore manuale,
6055,No Mese,2018,12253.0,90.0,Benzina,Cambio manuale,,Roma,Torino,FIAT,Panda,Panda 1.7 Business 5p.,1339.0,7.0,3.3,,78.0,Nero,,Airbag conducente,nan,nan,Climatizzatore automatico,
1558,Giugno,2007,273056.0,129.0,Diesel,Cambio manuale,,Roma,Torino,FIAT,500,500 1.7 Base 5p.,1623.0,5.0,6.6,,149.0,Bianco,,nan,nan,Euro 4,Climatizzatore automatico,
17877,Giugno,2018,8899.0,139.0,Diesel,Cambio manuale,,Roma,Torino,MERCEDES-BENZ,Classe C,Classe C 1.6 Base 5p.,1776.0,5.0,4.7,,166.0,Bianco,,nan,2 o 3 porte,Euro 5,nan,
1632,Gennaio,2011,145455.0,52.0,Benzina,Cambio manuale,,Roma,Roma,OPEL,Astra,Astra 1.3 Sport 5p.,739.0,5.0,5.5,,129.0,Grigio,,Airbag conducente,2 o 3 porte,Euro 5,nan,
3645,No Mese,2012,47643.0,59.0,GPL,Cambio manuale,,Roma,Torino,VOLKSWAGEN,Golf,Golf 1.8 Comfort 5p.,892.0,4.0,8.2,,110.0,Grigio,,Airbag conducente,4 o 5 porte,Euro 6,nan,
1368,No Mese,2003,167938.0,92.0,Elettrico,Cambio automatico,,Roma,Milano,DR,DR5,DR5 1.5 Comfort 5p.,1539.0,5.0,6.5,,127.0,Nero,,Airbag conducente,nan,Euro 4,nan,
5271,Giugno,2013,77145.0,119.0,Metano,Cambio automatico,,Roma,Milano,VOLKSWAGEN,Passat,Passat 1.8 Business 5p.,1624.0,5.0,7.0,,119.0,Bianco,,Airbag anteriori e laterali,nan,Euro 4,Climatizzatore automatico,
1358,No Mese,2006,143038.0,73.0,Benzina,Cambio manuale,,Roma,Torino,FIAT,500,500 1.4 Base 5p.,1242.0,5.0,5.0,,131.0,Bianco,,Airbag conducente,4 o 5 porte,nan,Climatizzatore automatico,
3551,Giugno,2008,134548.0,132.0,Benzina,Cambio manuale,,Roma,Milano,VOLKSWAGEN,Passat,Passat 1.7 Base 5p.,1602.0,5.0,6.3,,127.0,Nero,,Airbag conducente,2 o 3 porte,Euro 5,Climatizzatore automatico,
851,Gennaio,2004,256287.0,83.0,Diesel,Cambio automatico,,Roma,Milano,FIAT,Panda,Panda 1.8 Sport 5p.,1089.0,7.0,4.5,,134.0,Grigio,,Airbag conducente,nan,Euro 6,nan,
6637,No Mese,2019,500.0,63.0,Diesel,Cambio manuale,,Roma,Roma,RENAULT,Megane,Megane 1.3 Comfort 5p.,824.0,7.0,4.5,,153.0,Grigio,,Airbag anteriori e laterali,2 o 3 porte,Euro 4,Climatizzatore automatico,
7965,No Mese,2017,24006.0,139.0,Benzina,Cambio manuale,,Roma,Milano,FORD,Fiesta,Fiesta 1.4 Base 5p.,1828.0,5.0,3.8,,83.0,Bianco,,Airbag anteriori e laterali,4 o 5 porte,nan,nan,
5076,Marzo,2007,170169.0,124.0,Diesel,Cambio manuale,,Roma,Torino,AUDI,A4,A4 1.8 Sport 5p.,1665.0,5.0,6.4,,129.0,Grigio,,Airbag anteriori e laterali,4 o 5 porte,Euro 4,Climatizzatore automatico,
4568,Marzo,2013,100839.0,123.0,Diesel,Cambio automatico,,Roma,Torino,VOLKSWAGEN,Polo,Polo 1.2 Comfort 5p.,1495.0,7.0,4.3,,135.0,Nero,,Airbag conducente,4 o 5 porte,Euro 4,Climatizzatore automatico,
2458,Marzo,2008,96886.0,81.0,Diesel,Cambio automatico,,Roma,Torino,VOLKSWAGEN,Passat,Passat 1.3 Business 5p.,1271.0,5.0,7.6,,159.0,Grigio,,Airbag anteriori e laterali,4 o 5 porte,Euro 6,Climatizzatore automatico,
3566,No Mese,2015,54937.0,89.0,Benzina,Cambio manuale,,Roma,Milano,PEUGEOT,208,208 1.8 Base 5p.,1559.0,5.0,7.4,,113.0,Nero,,Airbag anteriori e laterali,2 o 3 porte,Euro 4,nan,
2376,Giugno,2009,133456.0,103.0,Diesel,Cambio manuale,,Roma,Torino,FORD,Focus,Focus 1.4 Comfort 5p.,,7.0,5.4,,106.0,Grigio,,Airbag conducente,nan,nan,Climatizzatore automatico,
2332,No Mese,2003,282086.0,107.0,Diesel,Cambio automatico,,Roma,Torino,AUDI,A4,A4 1.5 Base 5p.,1708.0,5.0,5.3,,131.0,Bianco,,nan,nan,nan,Climatizzatore automatico,
1116,Gennaio,2004,174330.0,73.0,Elettrico,Cambio automatico,,Roma,Torino,FIAT,Panda,Panda 1.8 Sport 5p.,1199.0,5.0,5.6,,138.0,Nero,,Airbag anteriori e laterali,4 o 5 porte,Euro 4,Climatizzatore manuale,
1931,Gennaio,2010,245467.0,98.0,Diesel,Cambio manuale,,Roma,Milano,FIAT,Panda,Panda 1.5 Comfort 5p.,1359.0,7.0,4.1,,87.0,Bianco,,Airbag anteriori e laterali,nan,Euro 6,nan,
5446,Marzo,2018,16442.0,74.0,Diesel,Cambio manuale,,Roma,Milano,OPEL,Astra,Astra 1.4 Comfort 5p.,1116.0,4.0,4.7,,155.0,Grigio,,Airbag conducente,2 o 3 porte,Euro 6,Climatizzatore automatico,
1346,Giugno,2007,273448.0,70.0,Diesel,Cambio manuale,,Roma,Torino,FORD,Fiesta,Fiesta 1.8 Base 5p.,893.0,5.0,7.8,,106.0,Grigio,,Airbag anteriori e laterali,2 o 3 porte,Euro 5,nan,
2535,Marzo,2012,71407.0,74.0,Diesel,Cambio manuale,,Roma,Milano,RENAULT,Megane,Megane 1.2 Base 5p.,995.0,4.0,4.8,,142.0,Nero,,nan,nan,Euro 5,Climatizzatore automatico,
1596,Giugno,2003,200702.0,110.0,Benzina,Cambio manuale,,Roma,Torino,FORD,Fiesta,Fiesta 1.6 Business 5p.,1577.0,5.0,6.8,,118.0,Nero,,Airbag anteriori e laterali,4 o 5 porte,Euro 6,Climatizzatore automatico,
16492,Giugno,2017,32786.0,164.0,Diesel,Cambio manuale,,Roma,Milano,AUDI,A3,A3 1.4 Business 5p.,2215.0,5.0,5.7,,85.0,Grigio,,Airbag anteriori e laterali,nan,nan,nan,
3439,Marzo,2011,40466.0,86.0,Benzina,Cambio automatico,,Roma,Milano,FORD,Focus,Focus 1.6 Base 5p.,1242.0,4.0,3.2,,99.0,Bianco,,nan,2 o 3 porte,nan,Climatizzatore manuale,
1536,Marzo,2009,65082.0,40.0,Benzina,Cambio manuale,,Roma,Torino,DR,DR5,DR5 1.2 Base 5p.,515.0,4.0,6.3,,146.0,Grigio,,Airbag conducente,nan,Euro 5,nan,
4524,Giugno,2016,37082.0,75.0,Diesel,Cambio manuale,,Roma,Milano,VOLKSWAGEN,Golf,Golf 1.6 Business 5p.,1258.0,5.0,5.4,,119.0,Bianco,,Airbag anteriori e laterali,2 o 3 porte,Euro 5,Climatizzatore automatico,
3201,Gennaio,2010,87299.0,94.0,Elettrico,Cambio automatico,,Roma,Torino,VOLKSWAGEN,Golf,Golf 1.3 Comfort 5p.,1300.0,5.0,5.9,,91.0,Bianco,,nan,4 o 5 porte,nan,nan,
1146,Marzo,2003,284583.0,104.0,GPL,Cambio automatico,,Roma,Roma,FORD,Focus,Focus 1.6 Base 5p.,1466.0,,5.1,,120.0,Nero,,Airbag conducente,2 o 3 porte,Euro 4,Climatizzatore manuale,
2083,Gennaio,2006,183067.0,137.0,Diesel,Cambio manuale,,Roma,Milano,VOLKSWAGEN,Golf,Golf 1.7 Comfort 5p.,1791.0,5.0,6.3,,160.0,Nero,,nan,nan,Euro 5,Climatizzatore automatico,
971,Giugno,2007,233085.0,40.0,Benzina,Cambio automatico,,Roma,Roma,FIAT,Tipo,Tipo 1.3 Base 5p.,537.0,7.0,6.9,,135.0,Grigio,,Airbag anteriori e laterali,2 o 3 porte,Euro 6,Climatizzatore manuale,
5760,Giugno,2015,54278.0,59.0,Benzina,Cambio manuale,,Roma,Milano,AUDI,A3,A3 1.7 Business 5p.,841.0,5.0,5.0,,147.0,Bianco,,Airbag conducente,4 o 5 porte,Euro 5,Climatizzatore automatico,
10416,Gennaio,2013,41307.0,123.0,GPL,Cambio manuale,,Roma,Milano,AUDI,A4,A4 1.5 Sport 5p.,1928.0,4.0,5.5,,127.0,Nero,,nan,2 o 3 porte,Euro 5,Climatizzatore manuale,
1931,Marzo,2006,140303.0,106.0,Benzina,Cambio manuale,,Roma,Torino,FIAT,Tipo,Tipo 1.7 Base 5p.,1161.0,5.0,6.1,,138.0,Bianco,,Airbag conducente,2 o 3 porte,Euro 4,nan,
7143,Marzo,2015,53240.0,130.0,Diesel,Cambio automatico,,Roma,Roma,VOLKSWAGEN,Polo,Polo 1.5 Business 5p.,1766.0,5.0,5.1,,147.0,Nero,,Airbag anteriori e laterali,nan,Euro 5,Climatizzatore manuale,
7280,Marzo,2019,500.0,40.0,Diesel,Cambio manuale,,Roma,Roma,BMW,Serie 3,Serie 3 1.5 Base 5p.,629.0,5.0,3.8,,111.0,Bianco,,nan,4 o 5 porte,Euro 4,Climatizzatore manuale,
13729,Giugno,2018,10214.0,178.0,Diesel,Cambio manuale,,Roma,Torino,FORD,Focus,Focus 1.5 Sport 5p.,2409.0,5.0,6.1,,198.0,Nero,,nan,nan,Euro 6,Climatizzatore manuale,
1586,Giugno,2006,138491.0,74.0,Diesel,Cambio manuale,,Roma,Milano,FIAT,Panda,Panda 1.8 Comfort 5p.,1046.0,4.0,3.6,,137.0,Nero,,Airbag conducente,4 o 5 porte,Euro 5,Climatizzatore manuale,
1971,No Mese,2009,225262.0,91.0,Diesel,Cambio manuale,,Roma,Roma,PEUGEOT,208,208 1.7 Comfort 5p.,1290.0,5.0,6.3,,119.0,Bianco,,nan,2 o 3 porte,Euro 6,nan,
11662,No Mese,2004,227827.0,241.0,Benzina,Cambio manuale,,Roma,Torino,PORSCHE,Macan,Macan 1.5 Base 5p.,3567.0,5.0,4.9,,127.0,Grigio,,Airbag conducente,2 o 3 porte,Euro 4,nan,
6383,No Mese,2014,72331.0,142.0,Diesel,Cambio automatico,,Roma,Roma,VOLKSWAGEN,Passat,Passat 1.6 Comfort 5p.,1940.0,4.0,4.4,,118.0,Nero,,Airbag anteriori e laterali,4 o 5 porte,Euro 5,nan,
15292,Gennaio,2017,44316.0,112.0,Diesel,Cambio automatico,,Roma,Torino,BMW,Serie 1,Serie 1 1.8 Comfort 5p.,2020.0,5.0,4.9,,162.0,Nero,,Airbag anteriori e laterali,2 o 3 porte,nan,nan,
1250,Marzo,2007,230071.0,76.0,Diesel,Cambio automatico,,Roma,Roma,PEUGEOT,308,308 1.8 Sport 5p.,1310.0,5.0,4.8,,151.0,Nero,,nan,4 o 5 porte,Euro 4,nan,
12426,Giugno,2016,44375.0,160.0,Benzina,Cambio manuale,,Roma,Roma,AUDI,A3,A3 1.3 Business 5p.,2010.0,5.0,4.5,,114.0,Nero,,nan,2 o 3 porte,Euro 5,Climatizzatore automatico,
2251,Marzo,2008,154015.0,116.0,Benzina,Cambio manuale,,Roma,Milano,FIAT,Tipo,Tipo 1.6 Sport 5p.,1961.0,5.0,5.1,,135.0,Nero,,nan,4 o 5 porte,Euro 6,Climatizzatore manuale,
2390,No Mese,2012,113721.0,89.0,Diesel,Cambio manuale,,Roma,Roma,PEUGEOT,308,308 1.8 Business 5p.,1022.0,5.0,7.9,,135.0,Bianco,,Airbag anteriori e laterali,4 o 5 porte,Euro 5,nan,
7794,Giugno,2015,83358.0,134.0,Diesel,Cambio manuale,,Roma,Milano,VOLKSWAGEN,Passat,Passat 1.2 Comfort 5p.,1965.0,5.0,5.0,,152.0,Bianco,,Airbag anteriori e laterali,nan,nan,Climatizzatore automatico,
3873,Marzo,2015,71974.0,86.0,Diesel,Cambio manuale,,Roma,Torino,PEUGEOT,208,208 1.4 Business 5p.,1282.0,5.0,6.7,,96.0,Bianco,,Airbag conducente,nan,Euro 5,Climatizzatore automatico,
7789,Gennaio,2019,500.0,72.0,Diesel,Cambio automatico,,Roma,Roma,VOLKSWAGEN,Passat,Passat 1.8 Base 5p.,806.0,5.0,6.0,,107.0,Nero,,Airbag anteriori e laterali,4 o 5 porte,nan,nan,
3961,No Mese,2013,84007.0,66.0,Benzina,Cambio automatico,,Roma,Milano,VOLKSWAGEN,Golf,Golf 1.3 Business 5p.,947.0,5.0,8.5,,167.0,Nero,,Airbag anteriori e laterali,nan,Euro 5,nan,
3581,Marzo,2007,195913.0,102.0,GPL,Cambio manuale,,Roma,Milano,MERCEDES-BENZ,Classe A,Classe A 1.5 Business 5p.,1540.0,7.0,6.4,,98.0,Bianco,,Airbag conducente,2 o 3 porte,Euro 4,nan,
2058,Marzo,2004,316801.0,104.0,Benzina,Cambio automatico,,Roma,Roma,AUDI,Q3,Q3 1.6 Base 5p.,1555.0,7.0,3.7,,112.0,Nero,,Airbag conducente,nan,nan,nan,
2698,Marzo,2008,162238.0,139.0,Diesel,Cambio manuale,,Roma,Torino,VOLKSWAGEN,Passat,Passat 1.4 Comfort 5p.,1869.0,5.0,4.9,,113.0,Bianco,,Airbag conducente,2 o 3 porte,Euro 6,nan,
1499,No Mese,2004,230860.0,102.0,Diesel,Cambio manuale,,Roma,Torino,PEUGEOT,308,308 1.6 Business 5p.,1479.0,7.0,5.3,,158.0,Bianco,,Airbag anteriori e laterali,4 o 5 porte,Euro 4,nan,
3258,Giugno,2011,136223.0,91.0,Diesel,Cambio manuale,,Roma,Torino,PEUGEOT,208,208 1.6 Sport 5p.,1210.0,5.0,4.5,,142.0,Grigio,,Airbag conducente,nan,Euro 4,nan,
10846,Gennaio,2019,500.0,116.0,Benzina,Cambio automatico,,Roma,Milano,VOLKSWAGEN,Polo,Polo 1.3 Comfort 5p.,1631.0,5.0,5.9,,178.0,Nero,,nan,4 o 5 porte,Euro 4,Climatizzatore manuale,
8187,Giugno,2017,29154.0,161.0,Diesel,Cambio manuale,,Roma,Milano,PEUGEOT,208,208 1.5 Sport 5p.,2075.0,7.0,5.7,,130.0,Grigio,,nan,nan,nan,nan,
7834,No Mese,2015,94705.0,112.0,Benzina,Cambio manuale,,Roma,Roma,MERCEDES-BENZ,Classe C,Classe C 1.3 Comfort 5p.,1284.0,7.0,6.6,,122.0,Grigio,,nan,nan,nan,Climatizzatore manuale,
13433,Gennaio,2013,73093.0,168.0,GPL,Cambio automatico,,Roma,Roma,AUDI,Q3,Q3 1.3 Base 5p.,2461.0,7.0,5.6,,101.0,Bianco,,Airbag anteriori e laterali,4 o 5 porte,nan,Climatizzatore automatico,
1964,Giugno,2010,66992.0,40.0,Diesel,Cambio automatico,,Roma,Roma,FORD,Fiesta,Fiesta 1.7 Comfort 5p.,493.0,5.0,7.0,,148.0,Grigio,,Airbag anteriori e laterali,nan,Euro 5,nan,
1275,Marzo,2004,245825.0,64.0,GPL,Cambio automatico,,Roma,Milano,VOLKSWAGEN,Polo,Polo 1.8 Base 5p.,862.0,4.0,5.5,,99.0,Bianco,,Airbag anteriori e laterali,2 o 3 porte,Euro 4,nan,
6514,Giugno,2011,122761.0,107.0,Diesel,Cambio manuale,,Roma,Torino,AUDI,Q3,Q3 1.8 Sport 5p.,1271.0,5.0,5.6,,118.0,Nero,,nan,nan,nan,Climatizzatore manuale,
3551,No Mese,2007,115997.0,100.0,GPL,Cambio manuale,,Roma,Roma,AUDI,Q3,Q3 1.6 Sport 5p.,1445.0,7.0,4.3,,139.0,Grigio,,nan,2 o 3 porte,nan,Climatizzatore manuale,
3299,Gennaio,2005,146763.0,104.0,Diesel,Cambio manuale,,Roma,Milano,AUDI,Q3,Q3 1.5 Comfort 5p.,1330.0,5.0,4.4,,117.0,Nero,,Airbag conducente,nan,Euro 6,Climatizzatore automatico,
1989,Giugno,2008,140020.0,88.0,Diesel,Cambio automatico,,Roma,Milano,OPEL,Astra,Astra 1.3 Comfort 5p.,1467.0,5.0,5.7,,154.0,Grigio,,nan,4 o 5 porte,Euro 5,nan,
7927,No Mese,2019,500.0,64.0,Benzina,Cambio automatico,,Roma,Milano,FORD,Focus,Focus 1.2 Base 5p.,900.0,4.0,5.5,,157.0,Bianco,,Airbag conducente,nan,nan,Climatizzatore manuale,
9346,Marzo,2015,52852.0,101.0,Benzina,Cambio manuale,,Roma,Roma,BMW,Serie 1,Serie 1 1.8 Comfort 5p.,1462.0,4.0,5.9,,132.0,Grigio,,Airbag conducente,4 o 5 porte,Euro 4,Climatizzatore manuale,
1364,Marzo,2006,201867.0,57.0,Diesel,Cambio manuale,,Roma,Roma,FORD,Focus,Focus 1.7 Sport 5p.,680.0,7.0,6.6,,101.0,Nero,,Airbag conducente,nan,Euro 6,nan,
6961,Giugno,2017,41827.0,94.0,Benzina,Cambio manuale,,Roma,Torino,FORD,Focus,Focus 1.4 Business 5p.,1250.0,7.0,8.0,,133.0,Bianco,,Airbag anteriori e laterali,nan,Euro 6,nan,
25165,Marzo,2019,500.0,173.0,Diesel,Cambio manuale,,Roma,Torino,MERCEDES-BENZ,Classe C,Classe C 1.5 Comfort 5p.,2160.0,5.0,7.0,,208.0,Grigio,,Airbag conducente,nan,nan,nan,
15147,No Mese,2010,135838.0,179.0,Diesel,Cambio manuale,,Roma,Roma,PORSCHE,Cayenne,Cayenne 1.6 Sport 5p.,2622.0,5.0,4.4,,170.0,Grigio,,nan,4 o 5 porte,Euro 6,Climatizzatore automatico,
4622,Giugno,2012,85471.0,120.0,Diesel,Cambio manuale,,Roma,Torino,VOLKSWAGEN,Golf,Golf 1.8 Base 5p.,1724.0,5.0,4.0,,118.0,Bianco,,Airbag anteriori e laterali,4 o 5 porte,nan,nan,
12160,Gennaio,2017,34574.0,87.0,Diesel,Cambio manuale,,Roma,Roma,AUDI,Q3,Q3 1.4 Base 5p.,898.0,5.0,4.0,,103.0,Nero,,Airbag conducente,2 o 3 porte,Euro 4,Climatizzatore automatico,
6077,No Mese,2018,19880.0,75.0,Benzina,Cambio manuale,,Roma,Torino,RENAULT,Megane,Megane 1.3 Base 5p.,1178.0,5.0,5.5,,95.0,Nero,,nan,4 o 5 porte,Euro 5,Climatizzatore automatico,
1677,Gennaio,2005,185534.0,95.0,Diesel,Cambio automatico,,Roma,Milano,RENAULT,Clio,Clio 1.5 Base 5p.,1172.0,5.0,5.3,,122.0,Nero,,Airbag conducente,nan,Euro 4,Climatizzatore automatico,
2977,No Mese,2008,206957.0,68.0,Diesel,Cambio automatico,,Roma,Roma,MERCEDES-BENZ,Classe A,Classe A 1.5 Business 5p.,888.0,7.0,5.2,,98.0,Nero,,nan,2 o 3 porte,nan,Climatizzatore automatico,
5272,No Mese,2016,21179.0,77.0,Metano,Cambio manuale,,Roma,Milano,FORD,Fiesta,Fiesta 1.5 Sport 5p.,1010.0,4.0,6.0,,112.0,Nero,,nan,2 o 3 porte,Euro 6,nan,
1892,No Mese,2011,95743.0,51.0,Diesel,Cambio manuale,,Roma,Milano,RENAULT,Clio,Clio 1.5 Comfort 5p.,661.0,5.0,6.0,,77.0,Grigio,,nan,nan,nan,Climatizzatore automatico,
1004,Marzo,2003,246631.0,79.0,GPL,Cambio manuale,,Roma,Milano,PEUGEOT,308,308 1.6 Sport 5p.,1068.0,5.0,4.5,,156.0,Nero,,Airbag conducente,4 o 5 porte,Euro 4,Climatizzatore automatico,
1670,Gennaio,2007,211258.0,99.0,Metano,Cambio manuale,,Roma,Milano,RENAULT,Clio,Clio 1.7 Sport 5p.,1267.0,5.0,4.9,,102.0,Grigio,,Airbag anteriori e laterali,4 o 5 porte,Euro 5,Climatizzatore manuale,
4884,Marzo,2006,80676.0,117.0,Diesel,Cambio manuale,,Roma,Milano,BMW,Serie 1,Serie 1 1.6 Sport 5p.,1477.0,7.0,5.9,,133.0,Nero,,Airbag conducente,nan,Euro 5,Climatizzatore manuale,
8399,No Mese,2015,36353.0,88.0,Diesel,Cambio manuale,,Roma,Milano,AUDI,A3,A3 1.7 Sport 5p.,1377.0,5.0,6.3,,96.0,Grigio,,Airbag anteriori e laterali,2 o 3 porte,nan,Climatizzatore manuale,
2137,Gennaio,2005,111319.0,123.0,Diesel,Cambio manuale,,Roma,Roma,OPEL,Corsa,Corsa 1.6 Business 5p.,1552.0,7.0,3.8,,132.0,Grigio,,Airbag anteriori e laterali,nan,nan,Climatizzatore automatico,
9435,No Mese,2013,100902.0,125.0,Diesel,Cambio automatico,,Roma,Roma,BMW,X1,X1 1.7 Business 5p.,1593.0,4.0,5.9,,111.0,Grigio,,Airbag anteriori e laterali,4 o 5 porte,Euro 4,nan,
1700,Gennaio,2008,210666.0,83.0,Diesel,Cambio manuale,,Roma,Roma,FORD,Focus,Focus 1.6 Base 5p.,1366.0,5.0,3.8,,93.0,Nero,,Airbag anteriori e laterali,nan,Euro 4,Climatizzatore manuale,
1303,Giugno,2004,185886.0,94.0,Diesel,Cambio manuale,,Roma,Torino,FORD,Fiesta,Fiesta 1.6 Base 5p.,1387.0,5.0,5.8,,91.0,Grigio,,Airbag conducente,nan,Euro 6,nan,
1760,No Mese,2010,154128.0,61.0,Benzina,Cambio manuale,,Roma,Torino,FIAT,500,500 1.3 Business 5p.,750.0,5.0,3.6,,131.0,Nero,,Airbag anteriori e laterali,4 o 5 porte,Euro 6,Climatizzatore manuale,
7369,Giugno,2019,500.0,88.0,Diesel,Cambio manuale,,Roma,Roma,FORD,Focus,Focus 1.3 Comfort 5p.,1221.0,5.0,6.0,,118.0,Nero,,nan,4 o 5 porte,Euro 6,nan,
3529,Giugno,2004,237289.0,143.0,Diesel,Cambio automatico,,Roma,Milano,BMW,Serie 3,Serie 3 1.3 Comfort 5p.,2076.0,7.0,5.9,,101.0,Grigio,,Airbag anteriori e laterali,2 o 3 porte,nan,nan,
1568,Gennaio,2004,91744.0,48.0,Benzina,Cambio manuale,,Roma,Milano,VOLKSWAGEN,Passat,Passat 1.3 Business 5p.,740.0,7.0,5.1,,58.0,Bianco,,nan,2 o 3 porte,Euro 5,nan,
5976,Giugno,2011,164620.0,126.0,Diesel,Cambio manuale,,Roma,Roma,AUDI,A3,A3 1.4 Comfort 5p.,2266.0,5.0,6.6,,105.0,Bianco,,Airbag conducente,2 o 3 porte,Euro 5,nan,
1950,No Mese,2009,145191.0,67.0,Elettrico,Cambio automatico,,Roma,Torino,FIAT,Panda,Panda 1.2 Base 5p.,985.0,5.0,3.3,,132.0,Bianco,,Airbag conducente,nan,nan,Climatizzatore manuale,
2995,Marzo,2011,46413.0,72.0,Diesel,Cambio manuale,,Roma,Roma,FORD,Focus,Focus 1.6 Comfort 5p.,895.0,5.0,6.6,,142.0,Bianco,,Airbag anteriori e laterali,2 o 3 porte,Euro 5,nan,
5017,Giugno,2014,90781.0,96.0,Diesel,Cambio manuale,,Roma,Milano,VOLKSWAGEN,Passat,Passat 1.3 Base 5p.,1358.0,4.0,7.0,,151.0,Bianco,,Airbag conducente,4 o 5 porte,Euro 6,Climatizzatore manuale,
4571,Gennaio,2014,27883.0,104.0,Metano,Cambio manuale,,Roma,Roma,OPEL,Corsa,Corsa 1.4 Comfort 5p.,1366.0,5.0,6.8,,139.0,Grigio,,nan,nan,nan,nan,
2728,Giugno,2006,196738.0,151.0,Diesel,Cambio automatico,,Roma,Torino,PEUGEOT,208,208 1.4 Sport 5p.,2564.0,5.0,7.0,,174.0,Bianco,,Airbag conducente,4 o 5 porte,Euro 5,nan,
6979,Marzo,2010,117173.0,137.0,Diesel,Cambio automatico,,Roma,Roma,MERCEDES-BENZ,Classe A,Classe A 1.6 Sport 5p.,1652.0,4.0,4.3,,129.0,Bianco,,Airbag anteriori e laterali,2 o 3 porte,Euro 5,nan,
17931,Marzo,2017,38307.0,160.0,Diesel,Cambio automatico,,Roma,Milano,MERCEDES-BENZ,Classe A,Classe A 1.8 Base 5p.,2193.0,4.0,5.6,,151.0,Bianco,,Airbag anteriori e laterali,2 o 3 porte,Euro 6,Climatizzatore manuale,
4735,Gennaio,2014,49045.0,81.0,Benzina,Cambio manuale,,Roma,Torino,FORD,Fiesta,Fiesta 1.7 Base 5p.,885.0,5.0,5.7,,132.0,Bianco,,Airbag conducente,2 o 3 porte,Euro 4,Climatizzatore manuale,
7497,Giugno,2012,66523.0,162.0,Benzina,Cambio manuale,,Roma,Roma,FORD,Fiesta,Fiesta 1.5 Comfort 5p.,2401.0,4.0,3.1,,124.0,Bianco,,nan,nan,Euro 5,Climatizzatore manuale,
5860,Giugno,2005,75034.0,187.0,Diesel,Cambio manuale,,Roma,Roma,MERCEDES-BENZ,Classe C,Classe C 1.8 Sport 5p.,2199.0,5.0,4.2,,108.0,Grigio,,Airbag anteriori e laterali,4 o 5 porte,Euro 6,nan,
3153,No Mese,2015,55448.0,77.0,Diesel,Cambio manuale,,Roma,Roma,RENAULT,Clio,Clio 1.7 Base 5p.,1004.0,5.0,6.1,,167.0,Grigio,,nan,2 o 3 porte,Euro 4,Climatizzatore manuale,
8033,No Mese,2011,94828.0,127.0,Benzina,Cambio automatico,,Roma,Milano,BMW,X1,X1 1.7 Comfort 5p.,1946.0,5.0,4.1,,105.0,Nero,,Airbag anteriori e laterali,4 o 5 porte,Euro 6,nan,
9454,Marzo,2018,10047.0,113.0,Benzina,Cambio automatico,,Roma,Milano,VOLKSWAGEN,Polo,Polo 1.3 Sport 5p.,1283.0,7.0,4.4,,160.0,Grigio,,Airbag anteriori e laterali,nan,nan,nan,
2481,No Mese,2010,62798.0,67.0,GPL,Cambio manuale,,Roma,Milano,RENAULT,Megane,Megane 1.3 Base 5p.,930.0,5.0,7.8,,137.0,Grigio,,Airbag conducente,nan,Euro 6,nan,
4136,Giugno,2015,69614.0,93.0,Diesel,Cambio manuale,,Roma,Torino,FIAT,Tipo,Tipo 1.7 Comfort 5p.,1315.0,5.0,4.7,,111.0,Grigio,,nan,nan,Euro 6,Climatizzatore automatico,
2395,No Mese,2012,76089.0,94.0,Diesel,Cambio manuale,,Roma,Milano,RENAULT,Clio,Clio 1.2 Comfort 5p.,1246.0,5.0,4.5,,103.0,Grigio,,Airbag anteriori e laterali,nan,Euro 6,nan,
58888,Gennaio,2010,193824.0,299.0,GPL,Cambio manuale,,Roma,Milano,FERRARI,F430,F430 1.7 Base 5p.,3858.0,5.0,5.6,,136.0,Grigio,,Airbag conducente,2 o 3 porte,Euro 6,Climatizzatore automatico,
3342,Giugno,2012,75089.0,98.0,Benzina,Cambio automatico,,Roma,Milano,OPEL,Corsa,Corsa 1.3 Base 5p.,1027.0,5.0,5.5,,143.0,Grigio,,nan,4 o 5 porte,Euro 4,nan,
2688,Giugno,2004,353375.0,129.0,Diesel,Cambio automatico,,Roma,Roma,BMW,X1,X1 1.7 Business 5p.,1704.0,5.0,7.2,,74.0,Grigio,,Airbag anteriori e laterali,nan,Euro 5,Climatizzatore manuale,
586,Marzo,2003,254129.0,44.0,Diesel,Cambio automatico,,Roma,Milano,FIAT,Tipo,Tipo 1.8 Comfort 5p.,505.0,4.0,5.4,,177.0,Nero,,Airbag anteriori e laterali,4 o 5 porte,nan,Climatizzatore automatico,
2035,No Mese,2003,186583.0,128.0,Benzina,Cambio manuale,,Roma,Milano,VOLKSWAGEN,Polo,Polo 1.2 Base 5p.,1776.0,5.0,4.8,,82.0,Grigio,,nan,2 o 3 porte,Euro 5,Climatizzatore manuale,
2125,Giugno,2012,96542.0,45.0,Diesel,Cambio automatico,,Roma,Milano,PEUGEOT,208,208 1.7 Comfort 5p.,657.0,7.0,7.1,,151.0,Nero,,nan,4 o 5 porte,nan,Climatizzatore manuale,
15524,No Mese,2016,43681.0,150.0,Benzina,Cambio manuale,,Roma,Roma,AUDI,Q3,Q3 1.5 Comfort 5p.,1677.0,5.0,4.2,,92.0,Bianco,,nan,2 o 3 porte,Euro 4,Climatizzatore manuale,
8778,Giugno,2006,313131.0,171.0,Benzina,Cambio manuale,,Roma,Milano,PORSCHE,Macan,Macan 1.8 Comfort 5p.,2447.0,5.0,3.7,,168.0,Bianco,,Airbag anteriori e laterali,4 o 5 porte,Euro 5,Climatizzatore manuale,
27495,No Mese,2019,500.0,178.0,Diesel,Cambio automatico,,Roma,Roma,BMW,Serie 1,Serie 1 1.6 Sport 5p.,2311.0,4.0,4.4,,145.0,Grigio,,Airbag conducente,nan,Euro 5,nan,
14925,Gennaio,2017,16245.0,127.0,GPL,Cambio manuale,,Roma,Torino,AUDI,A3,A3 1.8 Base 5p.,1668.0,7.0,6.1,,125.0,Nero,,Airbag conducente,nan,nan,Climatizzatore manuale,
7532,No Mese,2018,10968.0,92.0,Diesel,Cambio manuale,,Roma,Roma,VOLKSWAGEN,Passat,Passat 1.8 Base 5p.,1256.0,7.0,5.9,,169.0,Nero,,nan,nan,Euro 4,Climatizzatore manuale,
8257,Giugno,2011,114163.0,146.0,Diesel,Cambio automatico,,Roma,Roma,BMW,Serie 1,Serie 1 1.7 Comfort 5p.,2047.0,5.0,6.8,,149.0,Nero,,Airbag anteriori e laterali,nan,Euro 6,Climatizzatore automatico,
7144,No Mese,2013,126146.0,104.0,Diesel,Cambio manuale,,Roma,Roma,BMW,Serie 1,Serie 1 1.6 Business 5p.,1423.0,5.0,5.8,,127.0,Grigio,,nan,2 o 3 porte,Euro 5,Climatizzatore manuale,
8275,No Mese,2019,500.0,103.0,Elettrico,Cambio automatico,,Roma,Milano,RENAULT,Megane,Megane 1.4 Sport 5p.,1329.0,5.0,5.5,,141.0,Nero,,Airbag conducente,2 o 3 porte,nan,Climatizzatore manuale,
1700,Marzo,2003,25764.0,67.0,Benzina,Cambio automatico,,Roma,Roma,VOLKSWAGEN,Golf,Golf 1.3 Comfort 5p.,1018.0,4.0,5.8,,99.0,Nero,,Airbag conducente,nan,Euro 6,Climatizzatore automatico,
3453,Marzo,2009,213844.0,95.0,Benzina,Cambio manuale,,Roma,Milano,AUDI,A4,A4 1.8 Sport 5p.,1567.0,5.0,4.6,,123.0,Bianco,,Airbag anteriori e laterali,2 o 3 porte,nan,Climatizzatore automatico,
2302,Gennaio,2010,198082.0,85.0,GPL,Cambio manuale,,Roma,Milano,PEUGEOT,208,208 1.6 Sport 5p.,915.0,5.0,6.8,,117.0,Grigio,,nan,4 o 5 porte,Euro 6,Climatizzatore automatico,
3337,Giugno,2013,34053.0,64.0,Diesel,Cambio automatico,,Roma,Torino,FIAT,500,500 1.3 Sport 5p.,984.0,5.0,5.9,,154.0,Bianco,,nan,nan,Euro 4,nan,
3310,Marzo,2014,83476.0,82.0,Benzina,Cambio manuale,,Roma,Torino,FORD,Fiesta,Fiesta 1.6 Business 5p.,1273.0,7.0,6.5,,144.0,Bianco,,Airbag anteriori e laterali,2 o 3 porte,Euro 4,nan,
1384,Marzo,2006,272703.0,83.0,Diesel,Cambio manuale,,Roma,Torino,FORD,Fiesta,Fiesta 1.2 Comfort 5p.,1165.0,5.0,5.2,,109.0,Bianco,,nan,4 o 5 porte,Euro 6,nan,
13900,Marzo,2019,500.0,79.0,Benzina,Cambio manuale,,Roma,Torino,BMW,Serie 1,Serie 1 1.8 Base 5p.,834.0,5.0,4.5,,139.0,Grigio,,nan,nan,Euro 4,Climatizzatore manuale,
3595,No Mese,2018,15680.0,50.0,Diesel,Cambio manuale,,Roma,Torino,FIAT,500,500 1.5 Business 5p.,,5.0,5.1,,94.0,Bianco,,Airbag conducente,4 o 5 porte,nan,Climatizzatore manuale,
5107,Marzo,2007,117259.0,144.0,Benzina,Cambio manuale,,Roma,Roma,AUDI,A3,A3 1.4 Sport 5p.,2278.0,5.0,5.0,,87.0,Nero,,Airbag anteriori e laterali,4 o 5 porte,nan,Climatizzatore automatico,
2529,Giugno,2011,138930.0,90.0,Diesel,Cambio manuale,,Roma,Torino,FIAT,Panda,Panda 1.8 Comfort 5p.,1170.0,7.0,4.7,,117.0,Nero,,Airbag anteriori e laterali,nan,Euro 5,Climatizzatore manuale,
6350,Marzo,2018,14470.0,102.0,Diesel,Cambio manuale,,Roma,Milano,FIAT,Panda,Panda 1.3 Sport 5p.,1143.0,5.0,5.2,,116.0,Bianco,,nan,2 o 3 porte,Euro 6,Climatizzatore automatico,
3216,Gennaio,2005,152063.0,115.0,Diesel,Cambio manuale,,Roma,Roma,BMW,X1,X1 1.5 Comfort 5p.,1368.0,4.0,4.2,,153.0,Nero,,Airbag conducente,2 o 3 porte,Euro 4,Climatizzatore manuale,
1192,Marzo,2004,227094.0,113.0,Benzina,Cambio automatico,,Roma,Milano,RENAULT,Clio,Clio 1.3 Business 5p.,1952.0,5.0,6.8,,132.0,Bianco,,nan,4 o 5 porte,Euro 4,Climatizzatore manuale,
2705,No Mese,2007,219989.0,97.0,Diesel,Cambio manuale,,Roma,Milano,BMW,X1,X1 1.3 Base 5p.,1543.0,5.0,6.2,,111.0,Grigio,,Airbag anteriori e laterali,2 o 3 porte,Euro 4,Climatizzatore manuale,
7691,Gennaio,2018,7944.0,114.0,Diesel,Cambio manuale,,Roma,Torino,VOLKSWAGEN,Passat,Passat 1.3 Sport 5p.,1516.0,7.0,7.5,,105.0,Grigio,,Airbag anteriori e laterali,4 o 5 porte,Euro 5,nan,
1252,Marzo,2004,260306.0,123.0,Diesel,Cambio manuale,,Roma,Torino,FIAT,500,500 1.4 Comfort 5p.,1884.0,5.0,6.3,,138.0,Grigio,,nan,nan,Euro 4,nan,
7783,No Mese,2010,78470.0,144.0,Diesel,Cambio manuale,,Roma,Torino,MERCEDES-BENZ,Classe A,Classe A 1.4 Business 5p.,1980.0,5.0,5.9,,105.0,Bianco,,Airbag anteriori e laterali,2 o 3 porte,Euro 4,nan,
3073,Giugno,2010,26863.0,79.0,Benzina,Cambio manuale,,Roma,Torino,FORD,Fiesta,Fiesta 1.8 Sport 5p.,1066.0,4.0,6.2,,110.0,Grigio,,Airbag conducente,nan,Euro 5,Climatizzatore manuale,
5885,Marzo,2011,136097.0,106.0,Diesel,Cambio manuale,,Roma,Milano,AUDI,A4,A4 1.5 Comfort 5p.,1499.0,4.0,3.8,,115.0,Nero,,nan,nan,Euro 4,nan,
6086,Marzo,2007,138460.0,165.0,Diesel,Cambio automatico,,Roma,Milano,BMW,X1,X1 1.2 Business 5p.,2091.0,5.0,5.5,,115.0,Bianco,,nan,nan,Euro 6,Climatizzatore manuale,
5650,No Mese,2015,99620.0,120.0,Benzina,Cambio manuale,,Roma,Roma,VOLKSWAGEN,Passat,Passat 1.3 Business 5p.,1550.0,5.0,6.8,,92.0,Bianco,,Airbag conducente,2 o 3 porte,Euro 4,Climatizzatore automatico,
5157,Giugno,2011,175267.0,116.0,Diesel,Cambio manuale,,Roma,Roma,AUDI,Q3,Q3 1.3 Business 5p.,1820.0,5.0,7.9,,155.0,Grigio,,nan,nan,Euro 6,nan,
9489,Marzo,2013,140433.0,112.0,Diesel,Cambio automatico,,Roma,Milano,AUDI,A4,A4 1.8 Sport 5p.,1668.0,4.0,7.7,,107.0,Nero,,nan,nan,nan,nan,
1113,Marzo,2004,268561.0,85.0,Benzina,Cambio manuale,,Roma,Roma,OPEL,Corsa,Corsa 1.3 Base 5p.,1114.0,5.0,6.5,,89.0,Nero,,Airbag anteriori e laterali,2 o 3 porte,Euro 6,nan,
14183,Gennaio,2017,22746.0,108.0,Diesel,Cambio automatico,,Roma,Milano,AUDI,A4,A4 1.3 Sport 5p.,1715.0,5.0,5.0,,125.0,Nero,,Airbag anteriori e laterali,nan,nan,Climatizzatore manuale,
5434,Marzo,2018,13440.0,65.0,GPL,Cambio automatico,,Roma,Torino,FIAT,500,500 1.7 Base 5p.,1055.0,5.0,4.8,,175.0,Bianco,,nan,2 o 3 porte,Euro 5,nan,
7926,No Mese,2014,83457.0,121.0,Diesel,Cambio manuale,,Roma,Milano,AUDI,A3,A3 1.2 Business 5p.,1718.0,4.0,5.2,,122.0,Grigio,,Airbag conducente,2 o 3 porte,Euro 6,Climatizzatore automatico,
1353,Giugno,2003,290146.0,117.0,Benzina,Cambio automatico,,Roma,Milano,OPEL,Astra,Astra 1.6 Base 5p.,1702.0,7.0,7.6,,108.0,Bianco,,nan,nan,Euro 5,Climatizzatore automatico,
1261,Giugno,2005,311420.0,106.0,Diesel,Cambio manuale,,Roma,Milano,PEUGEOT,208,208 1.2 Base 5p.,1367.0,7.0,6.4,,141.0,Bianco,,Airbag anteriori e laterali,4 o 5 porte,nan,nan,
8776,Marzo,2017,42303.0,87.0,Diesel,Cambio manuale,,Roma,Torino,AUDI,Q3,Q3 1.2 Comfort 5p.,1145.0,4.0,6.9,,149.0,Grigio,,nan,4 o 5 porte,Euro 5,Climatizzatore automatico,
6192,No Mese,2019,500.0,60.0,Diesel,Cambio automatico,,Roma,Torino,FORD,Fiesta,Fiesta 1.2 Comfort 5p.,748.0,5.0,3.6,,126.0,Bianco,,Airbag conducente,nan,nan,Climatizzatore manuale,
30016,Marzo,2019,500.0,193.0,GPL,Cambio automatico,,Roma,Torino,MERCEDES-BENZ,Classe C,Classe C 1.6 Comfort 5p.,2659.0,4.0,6.9,,127.0,Nero,,nan,4 o 5 porte,Euro 5,Climatizzatore manuale,
18101,Giugno,2018,7811.0,126.0,Benzina,Cambio manuale,,Roma,Roma,MERCEDES-BENZ,Classe C,Classe C 1.3 Business 5p.,1713.0,5.0,5.4,,137.0,Grigio,,Airbag conducente,4 o 5 porte,Euro 4,Climatizzatore manuale,
4075,Giugno,2014,44546.0,80.0,Diesel,Cambio manuale,,Roma,Milano,OPEL,Astra,Astra 1.8 Sport 5p.,810.0,7.0,4.3,,88.0,Grigio,,Airbag anteriori e laterali,4 o 5 porte,Euro 6,Climatizzatore automatico,
2723,Gennaio,2003,262352.0,184.0,Benzina,Cambio manuale,,Roma,Roma,BMW,X1,X1 1.2 Sport 5p.,2504.0,4.0,5.1,,100.0,Nero,,Airbag conducente,4 o 5 porte,Euro 4,Climatizzatore automatico,
984,Giugno,2006,171973.0,42.0,Diesel,Cambio manuale,,Roma,Milano,FORD,Focus,Focus 1.3 Comfort 5p.,616.0,4.0,6.6,,166.0,Grigio,,nan,nan,Euro 6,Climatizzatore manuale,
5890,Marzo,2018,13373.0,98.0,Elettrico,Cambio manuale,,Roma,Torino,FIAT,Panda,Panda 1.4 Sport 5p.,1587.0,5.0,4.5,,136.0,Bianco,,Airbag anteriori e laterali,nan,Euro 5,Climatizzatore automatico,
7009,Gennaio,2014,92671.0,87.0,GPL,Cambio manuale,,Roma,Milano,AUDI,A3,A3 1.3 Business 5p.,1495.0,5.0,6.8,,167.0,Grigio,,nan,2 o 3 porte,Euro 4,Climatizzatore manuale,
9322,Gennaio,2016,25800.0,126.0,Diesel,Cambio automatico,,Roma,Milano,VOLKSWAGEN,Polo,Polo 1.5 Comfort 5p.,1967.0,4.0,5.6,,130.0,Grigio,,nan,4 o 5 porte,Euro 5,Climatizzatore manuale,
3975,No Mese,2010,173771.0,95.0,GPL,Cambio manuale,,Roma,Milano,BMW,Serie 1,Serie 1 1.3 Business 5p.,1381.0,7.0,5.2,,146.0,Grigio,,Airbag conducente,2 o 3 porte,nan,nan,
3141,Giugno,2011,90405.0,101.0,Diesel,Cambio manuale,,Roma,Milano,FORD,Focus,Focus 1.7 Comfort 5p.,1557.0,7.0,6.1,,100.0,Bianco,,nan,nan,Euro 4,nan,
8148,No Mese,2019,500.0,116.0,Benzina,Cambio manuale,,Roma,Torino,FIAT,Panda,Panda 1.7 Base 5p.,1503.0,5.0,5.7,,133.0,Bianco,,nan,2 o 3 porte,nan,nan,
15342,No Mese,2018,23392.0,101.0,Diesel,Cambio automatico,,Roma,Torino,AUDI,A3,A3 1.4 Business 5p.,1550.0,5.0,5.5,,105.0,Nero,,Airbag conducente,4 o 5 porte,Euro 4,nan,
1207,Gennaio,2006,273881.0,53.0,Diesel,Cambio automatico,,Roma,Roma,VOLKSWAGEN,Passat,Passat 1.8 Business 5p.,648.0,5.0,5.9,,93.0,Bianco,,Airbag conducente,4 o 5 porte,Euro 6,nan,
13024,Marzo,2016,28728.0,134.0,Diesel,Cambio manuale,,Roma,Torino,AUDI,A3,A3 1.5 Comfort 5p.,1776.0,4.0,4.0,,123.0,Grigio,,Airbag conducente,4 o 5 porte,Euro 5,nan,
6717,Gennaio,2018,21226.0,106.0,Elettrico,Cambio manuale,,Roma,Milano,FIAT,500,500 1.2 Base 5p.,1290.0,5.0,6.0,,112.0,Nero,,Airbag anteriori e laterali,nan,Euro 5,Climatizzatore manuale,
2474,Gennaio,2009,136225.0,118.0,Diesel,Cambio manuale,,Roma,Milano,PEUGEOT,308,308 1.8 Sport 5p.,1750.0,5.0,6.0,,98.0,Grigio,,Airbag conducente,nan,nan,Climatizzatore manuale,
9011,Giugno,2011,58780.0,103.0,GPL,Cambio automatico,,Roma,Milano,MERCEDES-BENZ,Classe C,Classe C 1.4 Sport 5p.,1356.0,4.0,5.4,,108.0,Bianco,,Airbag anteriori e laterali,nan,Euro 5,Climatizzatore manuale,
1043,Marzo,2004,228216.0,68.0,Diesel,Cambio manuale,,Roma,Roma,VOLKSWAGEN,Passat,Passat 1.8 Base 5p.,1063.0,7.0,5.7,,107.0,Grigio,,nan,nan,Euro 4,Climatizzatore automatico,
989,Gennaio,2003,200924.0,94.0,Diesel,Cambio manuale,,Roma,Milano,FIAT,Panda,Panda 1.4 Base 5p.,1438.0,7.0,5.6,,145.0,Bianco,,Airbag conducente,4 o 5 porte,nan,Climatizzatore automatico,
1724,No Mese,2008,221414.0,66.0,Benzina,Cambio manuale,,Roma,Roma,FORD,Focus,Focus 1.5 Sport 5p.,916.0,5.0,4.2,,112.0,Nero,,Airbag anteriori e laterali,nan,nan,Climatizzatore manuale,
809,Gennaio,2004,283213.0,56.0,Diesel,Cambio manuale,,Roma,Milano,PEUGEOT,208,208 1.5 Sport 5p.,797.0,4.0,4.6,,142.0,Bianco,,nan,nan,Euro 4,Climatizzatore automatico,
9071,Marzo,2017,36839.0,135.0,GPL,Cambio automatico,,Roma,Torino,VOLKSWAGEN,Golf,Golf 1.3 Business 5p.,1640.0,5.0,7.8,,82.0,Nero,,Airbag conducente,4 o 5 porte,Euro 4,Climatizzatore manuale,
1739,No Mese,2004,143963.0,97.0,Benzina,Cambio manuale,,Roma,Roma,FORD,Focus,Focus 1.7 Sport 5p.,1636.0,5.0,3.8,,122.0,Bianco,,Airbag conducente,4 o 5 porte,Euro 4,Climatizzatore automatico,
17193,Giugno,2018,18708.0,92.0,Diesel,Cambio manuale,,Roma,Torino,BMW,Serie 3,Serie 3 1.3 Comfort 5p.,1288.0,4.0,4.8,,153.0,Nero,,Airbag anteriori e laterali,nan,Euro 4,Climatizzatore manuale,
3259,Marzo,2010,159396.0,136.0,Diesel,Cambio automatico,,Roma,Milano,FIAT,Panda,Panda 1.5 Business 5p.,1914.0,5.0,5.3,,117.0,Nero,,nan,nan,nan,nan,
3720,Marzo,2008,222464.0,125.0,Benzina,Cambio manuale,,Roma,Torino,AUDI,A4,A4 1.8 Base 5p.,2024.0,7.0,4.0,,113.0,Bianco,,Airbag anteriori e laterali,4 o 5 porte,Euro 5,nan,
4464,Giugno,2014,113814.0,137.0,Elettrico,Cambio manuale,,Roma,Milano,PEUGEOT,308,308 1.4 Business 5p.,,5.0,6.1,,118.0,Bianco,,nan,nan,Euro 5,nan,
4495,Gennaio,2006,168310.0,185.0,Benzina,Cambio manuale,,Roma,Milano,AUDI,A4,A4 1.6 Base 5p.,2632.0,5.0,4.9,,156.0,Nero,,Airbag conducente,nan,Euro 5,Climatizzatore manuale,
3169,No Mese,2003,183684.0,149.0,Diesel,Cambio manuale,,Roma,Torino,AUDI,A3,A3 1.2 Comfort 5p.,2149.0,5.0,4.4,,124.0,Nero,,nan,nan,Euro 5,Climatizzatore manuale,
1361,Giugno,2006,178309.0,90.0,Diesel,Cambio automatico,,Roma,Milano,FIAT,500,500 1.3 Base 5p.,,5.0,5.7,,139.0,Bianco,,Airbag conducente,nan,Euro 6,Climatizzatore manuale,
2068,Giugno,2006,146429.0,74.0,Diesel,Cambio automatico,,Roma,Torino,AUDI,Q3,Q3 1.8 Comfort 5p.,1201.0,5.0,6.1,,110.0,Grigio,,Airbag conducente,2 o 3 porte,nan,nan,
2340,Giugno,2010,130682.0,69.0,Benzina,Cambio automatico,,Roma,Roma,FORD,Focus,Focus 1.6 Business 5p.,950.0,5.0,4.3,,140.0,Grigio,,Airbag conducente,4 o 5 porte,Euro 6,nan,
633,Giugno,2003,225338.0,42.0,Benzina,Cambio automatico,,Roma,Torino,OPEL,Corsa,Corsa 1.7 Comfort 5p.,600.0,,4.4,,77.0,Nero,,Airbag anteriori e laterali,4 o 5 porte,Euro 6,Climatizzatore manuale,
2236,No Mese,2010,161291.0,91.0,Benzina,Cambio manuale,,Roma,Torino,PEUGEOT,208,208 1.3 Base 5p.,1352.0,5.0,4.3,,153.0,Nero,,Airbag anteriori e laterali,4 o 5 porte,Euro 4,Climatizzatore automatico,
2269,No Mese,2003,257394.0,87.0,Diesel,Cambio automatico,,Roma,Milano,BMW,Serie 1,Serie 1 1.2 Comfort 5p.,927.0,5.0,4.4,,121.0,Grigio,,Airbag conducente,2 o 3 porte,Euro 6,Climatizzatore manuale,
4888,Gennaio,2014,81054.0,102.0,Diesel,Cambio manuale,,Roma,Torino,PEUGEOT,208,208 1.8 Base 5p.,1314.0,5.0,6.0,,128.0,Nero,,Airbag conducente,2 o 3 porte,nan,nan,
2782,Gennaio,2011,164468.0,75.0,Benzina,Cambio automatico,,Roma,Roma,RENAULT,Clio,Clio 1.6 Base 5p.,1136.0,5.0,4.8,,114.0,Bianco,,Airbag conducente,nan,Euro 5,Climatizzatore manuale,
2756,Giugno,2010,179901.0,101.0,Diesel,Cambio automatico,,Roma,Torino,FORD,Fiesta,Fiesta 1.8 Comfort 5p.,1236.0,4.0,5.1,,92.0,Nero,,Airbag conducente,2 o 3 porte,Euro 4,Climatizzatore manuale,
5107,No Mese,2010,147296.0,107.0,GPL,Cambio automatico,,Roma,Roma,AUDI,A3,A3 1.7 Comfort 5p.,1587.0,5.0,4.7,,133.0,Grigio,,Airbag conducente,4 o 5 porte,Euro 6,Climatizzatore automatico,
7949,Giugno,2019,500.0,100.0,Diesel,Cambio automatico,,Roma,Milano,FIAT,500,500 1.5 Comfort 5p.,1303.0,5.0,7.1,,95.0,Bianco,,Airbag anteriori e laterali,4 o 5 porte,Euro 4,nan,
2380,Gennaio,2010,82531.0,65.0,Diesel,Cambio manuale,,Roma,Milano,FORD,Focus,Focus 1.4 Business 5p.,,5.0,6.1,,118.0,Grigio,,Airbag conducente,4 o 5 porte,Euro 4,Climatizzatore manuale,
1228,No Mese,2003,145639.0,60.0,Benzina,Cambio manuale,,Roma,Torino,FORD,Focus,Focus 1.6 Base 5p.,846.0,7.0,5.3,,188.0,Grigio,,Airbag anteriori e laterali,nan,nan,Climatizzatore automatico,
1523,No Mese,2006,158953.0,107.0,Benzina,Cambio manuale,,Roma,Torino,FIAT,Panda,Panda 1.6 Business 5p.,1171.0,5.0,5.5,,148.0,Nero,,Airbag conducente,4 o 5 porte,nan,Climatizzatore automatico,
1325,Giugno,2007,148951.0,76.0,Benzina,Cambio manuale,,Roma,Roma,FIAT,Tipo,Tipo 1.3 Business 5p.,1186.0,5.0,5.2,,133.0,Bianco,,nan,2 o 3 porte,Euro 5,Climatizzatore automatico,
17001,Marzo,2008,138541.0,236.0,Diesel,Cambio manuale,,Roma,Roma,PORSCHE,Macan,Macan 1.6 Comfort 5p.,3473.0,5.0,3.9,,142.0,Grigio,,Airbag anteriori e laterali,2 o 3 porte,Euro 4,Climatizzatore manuale,
8364,Giugno,2019,500.0,85.0,Benzina,Cambio manuale,,Roma,Torino,VOLKSWAGEN,Passat,Passat 1.5 Comfort 5p.,1580.0,5.0,5.4,,124.0,Bianco,,nan,nan,nan,Climatizzatore manuale,
2426,Giugno,2010,137692.0,86.0,Benzina,Cambio automatico,,Roma,Torino,FIAT,Tipo,Tipo 1.8 Business 5p.,1031.0,5.0,6.3,,157.0,Bianco,,nan,2 o 3 porte,Euro 4,nan,
4125,No Mese,2003,196248.0,169.0,Benzina,Cambio manuale,,Roma,Torino,BMW,X1,X1 1.2 Sport 5p.,2406.0,4.0,3.4,,159.0,Bianco,,Airbag anteriori e laterali,nan,Euro 5,nan,
5458,Gennaio,2012,66760.0,88.0,GPL,Cambio manuale,,Roma,Roma,BMW,X1,X1 1.6 Comfort 5p.,1038.0,4.0,4.8,,89.0,Grigio,,nan,4 o 5 porte,nan,nan,
2114,No Mese,2009,129559.0,70.0,Diesel,Cambio manuale,,Roma,Milano,PEUGEOT,308,308 1.4 Base 5p.,1054.0,4.0,5.1,,133.0,Bianco,,Airbag conducente,2 o 3 porte,nan,Climatizzatore automatico,
5011,Giugno,2018,15828.0,78.0,Diesel,Cambio manuale,,Roma,Roma,FIAT,Tipo,Tipo 1.2 Comfort 5p.,1042.0,5.0,5.5,,124.0,Grigio,,nan,4 o 5 porte,Euro 6,Climatizzatore manuale,
7704,Marzo,2017,27126.0,109.0,GPL,Cambio manuale,,Roma,Roma,DR,DR5,DR5 1.8 Comfort 5p.,1588.0,5.0,5.0,,98.0,Bianco,,Airbag conducente,2 o 3 porte,Euro 6,Climatizzatore manuale,
1186,Giugno,2004,286188.0,105.0,Diesel,Cambio manuale,,Roma,Roma,FIAT,Tipo,Tipo 1.2 Business 5p.,1537.0,5.0,5.3,,167.0,Nero,,nan,nan,Euro 5,Climatizzatore manuale,
6954,Gennaio,2017,30995.0,107.0,GPL,Cambio manuale,,Roma,Torino,VOLKSWAGEN,Golf,Golf 1.2 Sport 5p.,1487.0,4.0,4.7,,93.0,Bianco,,Airbag anteriori e laterali,2 o 3 porte,Euro 5,nan,
6014,Gennaio,2018,14301.0,128.0,Diesel,Cambio manuale,,Roma,Milano,RENAULT,Clio,Clio 1.8 Business 5p.,2080.0,4.0,4.4,,116.0,Nero,,Airbag anteriori e laterali,4 o 5 porte,Euro 5,Climatizzatore manuale,
2302,Gennaio,2008,125215.0,64.0,Diesel,Cambio automatico,,Roma,Milano,VOLKSWAGEN,Polo,Polo 1.7 Base 5p.,984.0,4.0,4.1,,112.0,Bianco,,Airbag conducente,nan,nan,nan,
8314,Marzo,2013,87057.0,112.0,Diesel,Cambio manuale,,Roma,Roma,BMW,Serie 3,Serie 3 1.2 Sport 5p.,1381.0,5.0,5.0,,176.0,Nero,,nan,4 o 5 porte,Euro 5,Climatizzatore automatico,
3462,Giugno,2012,104469.0,108.0,Diesel,Cambio manuale,,Roma,Roma,OPEL,Astra,Astra 1.8 Base 5p.,1334.0,5.0,6.5,,123.0,Nero,,Airbag conducente,nan,Euro 4,nan,
4611,No Mese,2005,125993.0,177.0,Diesel,Cambio manuale,,Roma,Roma,BMW,X1,X1 1.6 Business 5p.,2025.0,7.0,3.4,,174.0,Bianco,,Airbag anteriori e laterali,4 o 5 porte,Euro 6,Climatizzatore manuale,
16067,Marzo,2016,17218.0,170.0,GPL,Cambio manuale,,Roma,Milano,AUDI,A3,A3 1.7 Sport 5p.,2075.0,5.0,7.0,,157.0,Nero,,nan,4 o 5 porte,nan,Climatizzatore manuale,
1804,Marzo,2006,160337.0,113.0,Benzina,Cambio automatico,,Roma,Torino,PEUGEOT,308,308 1.7 Base 5p.,1680.0,7.0,5.5,,138.0,Grigio,,Airbag anteriori e laterali,4 o 5 porte,Euro 4,nan,
2015,Gennaio,2008,233499.0,91.0,Diesel,Cambio automatico,,Roma,Roma,PEUGEOT,308,308 1.6 Business 5p.,1455.0,4.0,5.5,,141.0,Nero,,nan,2 o 3 porte,Euro 5,Climatizzatore manuale,
8330,Marzo,2017,42933.0,118.0,Benzina,Cambio automatico,,Roma,Milano,FORD,Fiesta,Fiesta 1.4 Sport 5p.,1229.0,5.0,6.8,,120.0,Grigio,,Airbag conducente,2 o 3 porte,Euro 5,nan,
815,No Mese,2003,263241.0,82.0,Benzina,Cambio manuale,,Roma,Milano,FIAT,Panda,Panda 1.2 Base 5p.,1144.0,5.0,6.0,,158.0,Grigio,,nan,2 o 3 porte,Euro 5,Climatizzatore manuale,
12405,Marzo,2014,85549.0,135.0,Diesel,Cambio manuale,,Roma,Torino,MERCEDES-BENZ,Classe C,Classe C 1.7 Base 5p.,1480.0,5.0,4.6,,91.0,Nero,,nan,4 o 5 porte,Euro 4,Climatizzatore manuale,
1500,Marzo,2006,199937.0,109.0,Diesel,Cambio manuale,,Roma,Roma,OPEL,Astra,Astra 1.4 Comfort 5p.,1518.0,5.0,4.8,,108.0,Grigio,,Airbag anteriori e laterali,2 o 3 porte,nan,Climatizzatore automatico,
1975,Marzo,2010,77425.0,75.0,GPL,Cambio automatico,,Roma,Milano,FIAT,500,500 1.2 Business 5p.,1003.0,5.0,6000.0,,159.0,Nero,,nan,4 o 5 porte,Euro 5,Climatizzatore manuale,
4682,No Mese,2014,49309.0,83.0,Diesel,Cambio manuale,,Roma,Milano,VOLKSWAGEN,Golf,Golf 1.3 Business 5p.,1220.0,5.0,4.1,,129.0,Bianco,,nan,4 o 5 porte,Euro 5,nan,
4189,Gennaio,2011,163980.0,112.0,Diesel,Cambio manuale,,Roma,Torino,VOLKSWAGEN,Golf,Golf 1.2 Business 5p.,1376.0,5.0,6.1,,135.0,Nero,,Airbag conducente,4 o 5 porte,nan,Climatizzatore manuale,
2569,Marzo,2004,155432.0,92.0,Diesel,Cambio manuale,,Roma,Torino,AUDI,A3,A3 1.5 Comfort 5p.,1302.0,4.0,6.0,,183.0,Grigio,,Airbag conducente,2 o 3 porte,Euro 6,nan,
15654,No Mese,2019,500.0,139.0,Diesel,Cambio manuale,,Roma,Milano,BMW,Serie 3,Serie 3 1.6 Business 5p.,1945.0,4.0,5.4,,121.0,Nero,,Airbag conducente,nan,Euro 6,Climatizzatore automatico,
7085,No Mese,2009,75168.0,161.0,Diesel,Cambio automatico,,Roma,Roma,AUDI,A3,A3 1.7 Base 5p.,2488.0,7.0,5.4,,147.0,Grigio,,nan,4 o 5 porte,nan,Climatizzatore manuale,
3715,Gennaio,2009,104157.0,60.0,Diesel,Cambio manuale,,Roma,Milano,AUDI,Q3,Q3 1.6 Comfort 5p.,695.0,7.0,5.2,,188.0,Nero,,Airbag anteriori e laterali,4 o 5 porte,Euro 4,Climatizzatore manuale,
3455,No Mese,2003,217426.0,195.0,Benzina,Cambio automatico,,Roma,Roma,MERCEDES-BENZ,Classe C,Classe C 1.5 Base 5p.,3103.0,5.0,5.9,,110.0,Grigio,,Airbag conducente,nan,Euro 5,Climatizzatore manuale,
2103,No Mese,2009,113051.0,79.0,Diesel,Cambio manuale,,Roma,Milano,PEUGEOT,208,208 1.3 Sport 5p.,1302.0,7.0,6.4,,134.0,Nero,,nan,4 o 5 porte,Euro 4,Climatizzatore automatico,
1314,Marzo,2004,184673.0,89.0,Benzina,Cambio manuale,,Roma,Torino,OPEL,Astra,Astra 1.6 Business 5p.,1378.0,5.0,4.9,,143.0,Bianco,,nan,nan,Euro 6,Climatizzatore automatico,
4600,Giugno,2012,112433.0,99.0,Benzina,Cambio manuale,,Roma,Torino,FORD,Fiesta,Fiesta 1.6 Sport 5p.,1520.0,5.0,5.9,,155.0,Grigio,,Airbag anteriori e laterali,4 o 5 porte,nan,nan,
4413,Giugno,2005,108943.0,118.0,GPL,Cambio automatico,,Roma,Roma,BMW,X1,X1 1.3 Sport 5p.,1562.0,7.0,4.3,,156.0,Nero,,Airbag conducente,4 o 5 porte,Euro 4,Climatizzatore automatico,
925,No Mese,2006,233273.0,63.0,Benzina,Cambio manuale,,Roma,Torino,FIAT,Tipo,Tipo 1.8 Base 5p.,744.0,5.0,5.3,,158.0,Bianco,,Airbag conducente,4 o 5 porte,Euro 6,nan,
7154,No Mese,2019,500.0,68.0,Benzina,Cambio automatico,,Roma,Torino,VOLKSWAGEN,Golf,Golf 1.2 Base 5p.,1074.0,5.0,3.5,,102.0,Bianco,,Airbag anteriori e laterali,nan,Euro 6,nan,
4072,Gennaio,2016,36944.0,93.0,Diesel,Cambio automatico,,Roma,Torino,FIAT,500,500 1.6 Comfort 5p.,1323.0,5.0,6.2,,122.0,Nero,,Airbag conducente,2 o 3 porte,Euro 5,Climatizzatore manuale,
5730,Giugno,2018,21521.0,87.0,Diesel,Cambio manuale,,Roma,Roma,PEUGEOT,308,308 1.7 Business 5p.,1325.0,4.0,7.2,,88.0,Bianco,,nan,4 o 5 porte,Euro 5,Climatizzatore automatico,
1520,No Mese,2007,207658.0,85.0,Diesel,Cambio automatico,,Roma,Milano,PEUGEOT,208,208 1.8 Comfort 5p.,949.0,5.0,8.4,,141.0,Bianco,,nan,nan,Euro 6,Climatizzatore automatico,
4959,Gennaio,2015,53336.0,88.0,Elettrico,Cambio manuale,,Roma,Torino,DR,DR5,DR5 1.4 Base 5p.,1346.0,5.0,3.7,,108.0,Bianco,,nan,2 o 3 porte,Euro 4,nan,
3533,Giugno,2013,91635.0,94.0,GPL,Cambio automatico,,Roma,Roma,FORD,Fiesta,Fiesta 1.8 Base 5p.,1061.0,5.0,6.2,,163.0,Grigio,,nan,4 o 5 porte,Euro 5,Climatizzatore automatico,
7164,Gennaio,2019,500.0,71.0,Diesel,Cambio manuale,,Roma,Torino,VOLKSWAGEN,Polo,Polo 1.8 Sport 5p.,905.0,5.0,4.3,,114.0,Grigio,,nan,4 o 5 porte,Euro 6,Climatizzatore manuale,
1407,No Mese,2003,71741.0,59.0,Benzina,Cambio automatico,,Roma,Torino,VOLKSWAGEN,Passat,Passat 1.8 Base 5p.,893.0,5.0,5.1,,136.0,Grigio,,nan,2 o 3 porte,Euro 6,Climatizzatore automatico,
9683,No Mese,2017,40663.0,81.0,Diesel,Cambio manuale,,Roma,Milano,BMW,Serie 3,Serie 3 1.7 Base 5p.,1089.0,5.0,5.2,,151.0,Nero,,Airbag conducente,4 o 5 porte,nan,nan,
2602,Gennaio,2008,155626.0,119.0,Diesel,Cambio manuale,,Roma,Milano,FORD,Focus,Focus 1.4 Comfort 5p.,1396.0,4.0,5.0,,101.0,Bianco,,nan,2 o 3 porte,Euro 5,Climatizzatore manuale,
1348,No Mese,2006,103302.0,65.0,GPL,Cambio manuale,,Roma,Milano,FIAT,Panda,Panda 1.6 Sport 5p.,851.0,5.0,7.1,,106.0,Nero,,nan,2 o 3 porte,Euro 5,nan,
4102,Marzo,2019,500.0,40.0,Benzina,Cambio manuale,,Roma,Milano,VOLKSWAGEN,Passat,Passat 1.4 Business 5p.,508.0,5.0,7.3,,113.0,Nero,,Airbag conducente,2 o 3 porte,Euro 6,Climatizzatore automatico,
6474,Giugno,2018,15028.0,91.0,Diesel,Cambio manuale,,Roma,Milano,VOLKSWAGEN,Polo,Polo 1.8 Base 5p.,1335.0,5.0,6.0,,180.0,Grigio,,nan,2 o 3 porte,Euro 5,Climatizzatore manuale,
5423,Gennaio,2006,175482.0,171.0,GPL,Cambio manuale,,Roma,Milano,MERCEDES-BENZ,Classe A,Classe A 1.4 Base 5p.,2274.0,5.0,3.5,,67.0,Nero,,nan,nan,nan,Climatizzatore automatico,
15894,No Mese,2010,185458.0,144.0,Metano,Cambio automatico,,Roma,Roma,PORSCHE,Macan,Macan 1.7 Base 5p.,2038.0,5.0,5.3,,120.0,Nero,,Airbag anteriori e laterali,2 o 3 porte,Euro 6,nan,
1373,Gennaio,2004,260402.0,119.0,Diesel,Cambio manuale,,Roma,Torino,OPEL,Corsa,Corsa 1.7 Comfort 5p.,1589.0,5.0,8.5,,82.0,Bianco,,nan,nan,Euro 6,Climatizzatore manuale,
1737,No Mese,2005,189712.0,145.0,Benzina,Cambio manuale,,Roma,Milano,RENAULT,Clio,Clio 1.5 Base 5p.,2012.0,5.0,6.4,,156.0,Bianco,,Airbag conducente,4 o 5 porte,nan,Climatizzatore manuale,
5014,No Mese,2010,125444.0,93.0,Diesel,Cambio manuale,,Roma,Torino,BMW,X1,X1 1.8 Base 5p.,1327.0,7.0,6.0,,130.0,Nero,,Airbag conducente,4 o 5 porte,Euro 4,Climatizzatore manuale,
7148,Marzo,2014,95777.0,103.0,Diesel,Cambio manuale,,Roma,Milano,AUDI,A3,A3 1.4 Comfort 5p.,1419.0,4.0,2.2,,112.0,Grigio,,nan,nan,Euro 5,Climatizzatore automatico,
3678,Marzo,2004,55215.0,112.0,Diesel,Cambio manuale,,Roma,Torino,BMW,X1,X1 1.2 Business 5p.,1636.0,7.0,4.0,,124.0,Grigio,,Airbag conducente,nan,nan,Climatizzatore manuale,
500,Giugno,2003,279604.0,41.0,Diesel,Cambio manuale,,Roma,Roma,RENAULT,Megane,Megane 1.7 Base 5p.,582.0,5.0,6.3,,147.0,Grigio,,Airbag conducente,4 o 5 porte,Euro 4,Climatizzatore automatico,
8363,Giugno,2013,132661.0,102.0,Diesel,Cambio automatico,,Roma,Milano,MERCEDES-BENZ,Classe C,Classe C 1.7 Base 5p.,1463.0,4.0,6.6,,77.0,Grigio,,Airbag anteriori e laterali,2 o 3 porte,Euro 5,Climatizzatore manuale,
6377,Giugno,2018,4181.0,85.0,Diesel,Cambio manuale,,Roma,Milano,FORD,Focus,Focus 1.2 Business 5p.,1292.0,5.0,3.0,,95.0,Bianco,,nan,nan,Euro 4,Climatizzatore automatico,
6001,No Mese,2015,41724.0,103.0,Benzina,Cambio manuale,,Roma,Torino,FORD,Fiesta,Fiesta 1.2 Base 5p.,1544.0,5.0,4.9,,131.0,Nero,,Airbag conducente,nan,Euro 6,Climatizzatore manuale,
1416,Marzo,2007,152973.0,87.0,Diesel,Cambio automatico,,Roma,Milano,FIAT,Tipo,Tipo 1.7 Comfort 5p.,1025.0,5.0,7.9,,121.0,Nero,,Airbag conducente,4 o 5 porte,Euro 4,Climatizzatore automatico,
2704,No Mese,2012,116836.0,71.0,Benzina,Cambio manuale,,Roma,Torino,FORD,Fiesta,Fiesta 1.4 Business 5p.,1060.0,5.0,6.3,,114.0,Bianco,,nan,2 o 3 porte,Euro 5,nan,
6097,Giugno,2019,500.0,86.0,Benzina,Cambio manuale,,Roma,Roma,FIAT,500,500 1.8 Sport 5p.,1207.0,4.0,4.9,,173.0,Bianco,,Airbag conducente,nan,Euro 5,Climatizzatore manuale,
9912,Giugno,2014,66617.0,129.0,Metano,Cambio automatico,,Roma,Milano,BMW,X1,X1 1.6 Base 5p.,2038.0,5.0,5.7,,142.0,Bianco,,Airbag anteriori e laterali,nan,Euro 5,Climatizzatore manuale,
3111,Giugno,2014,66642.0,90.0,Benzina,Cambio manuale,,Roma,Milano,FIAT,Panda,Panda 1.7 Base 5p.,1346.0,7.0,5.1,,129.0,Nero,,Airbag conducente,2 o 3 porte,Euro 6,Climatizzatore automatico,
1954,Giugno,2007,196803.0,74.0,Benzina,Cambio automatico,,Roma,Torino,VOLKSWAGEN,Passat,Passat 1.5 Sport 5p.,1070.0,4.0,5.8,,135.0,Bianco,,Airbag conducente,2 o 3 porte,Euro 4,nan,
11430,No Mese,2013,61760.0,167.0,Diesel,Cambio manuale,,Roma,Torino,BMW,Serie 1,Serie 1 1.7 Base 5p.,2014.0,4.0,5.4,,86.0,Grigio,,nan,2 o 3 porte,Euro 6,Climatizzatore automatico,
14941,Giugno,2017,24346.0,125.0,Diesel,Cambio manuale,,Roma,Torino,MERCEDES-BENZ,Classe A,Classe A 1.8 Base 5p.,1619.0,5.0,4.0,,116.0,Bianco,,Airbag anteriori e laterali,nan,nan,Climatizzatore manuale,
7289,No Mese,2017,29191.0,111.0,Diesel,Cambio manuale,,Roma,Torino,FORD,Focus,Focus 1.4 Base 5p.,1567.0,4.0,8.6,,131.0,Nero,,Airbag anteriori e laterali,2 o 3 porte,nan,Climatizzatore manuale,
2822,No Mese,2011,134219.0,104.0,Diesel,Cambio manuale,,Roma,Milano,OPEL,Astra,Astra 1.2 Base 5p.,1351.0,5.0,6.4,,132.0,Grigio,,nan,nan,Euro 4,nan,
2012,Marzo,2003,187688.0,86.0,Diesel,Cambio manuale,,Roma,Milano,BMW,Serie 1,Serie 1 1.2 Comfort 5p.,1429.0,5.0,6.1,,68.0,Nero,,nan,nan,Euro 5,nan,
4291,No Mese,2012,132491.0,125.0,Benzina,Cambio manuale,,Roma,Milano,VOLKSWAGEN,Passat,Passat 1.3 Business 5p.,2076.0,4.0,6.0,,106.0,Grigio,,Airbag anteriori e laterali,nan,nan,Climatizzatore automatico,
1218,Gennaio,2004,99485.0,61.0,Benzina,Cambio manuale,,Roma,Torino,FORD,Focus,Focus 1.8 Comfort 5p.,778.0,5.0,2.7,,116.0,Nero,,nan,4 o 5 porte,Euro 6,Climatizzatore manuale,
11493,Giugno,2014,59967.0,148.0,Benzina,Cambio manuale,,Roma,Milano,BMW,X1,X1 1.7 Business 5p.,2054.0,5.0,8.6,,79.0,Nero,,Airbag conducente,4 o 5 porte,Euro 5,nan,
1989,No Mese,2003,368219.0,135.0,Diesel,Cambio manuale,,Roma,Torino,MERCEDES-BENZ,Classe A,Classe A 1.8 Business 5p.,1806.0,7.0,5.9,,203.0,Grigio,,Airbag conducente,2 o 3 porte,Euro 4,Climatizzatore automatico,
21395,Marzo,2018,19974.0,156.0,Diesel,Cambio automatico,,Roma,Roma,AUDI,A4,A4 1.6 Business 5p.,2112.0,7.0,4.1,,161.0,Bianco,,Airbag anteriori e laterali,4 o 5 porte,Euro 4,Climatizzatore automatico,
10150,Marzo,2013,47459.0,130.0,Diesel,Cambio manuale,,Roma,Milano,MERCEDES-BENZ,Classe A,Classe A 1.3 Base 5p.,1583.0,4.0,4.4,,128.0,Nero,,Airbag anteriori e laterali,nan,Euro 6,Climatizzatore manuale,
4268,No Mese,2017,35421.0,65.0,GPL,Cambio manuale,,Roma,Roma,RENAULT,Megane,Megane 1.8 Business 5p.,876.0,5.0,6.6,,126.0,Nero,,Airbag conducente,nan,nan,nan,
3679,Giugno,2007,123785.0,137.0,Benzina,Cambio manuale,,Roma,Milano,VOLKSWAGEN,Passat,Passat 1.4 Sport 5p.,1976.0,5.0,7.4,,163.0,Nero,,Airbag anteriori e laterali,4 o 5 porte,Euro 4,Climatizzatore automatico,
6056,Gennaio,2019,500.0,50.0,Diesel,Cambio manuale,,Roma,Roma,DR,DR5,DR5 1.4 Business 5p.,609.0,5.0,4.9,,108.0,Bianco,,Airbag anteriori e laterali,4 o 5 porte,Euro 5,nan,
1312,Gennaio,2006,260249.0,96.0,Benzina,Cambio manuale,,Roma,Roma,FIAT,500,500 1.8 Sport 5p.,1372.0,4.0,4.1,,126.0,Grigio,,Airbag anteriori e laterali,2 o 3 porte,Euro 4,nan,
8202,Gennaio,2019,500.0,103.0,Benzina,Cambio manuale,,Roma,Roma,FORD,Fiesta,Fiesta 1.8 Business 5p.,1714.0,5.0,5.9,,89.0,Grigio,,Airbag conducente,4 o 5 porte,Euro 5,nan,
1975,Gennaio,2005,164995.0,132.0,Diesel,Cambio automatico,,Roma,Milano,FIAT,Tipo,Tipo 1.2 Comfort 5p.,1948.0,5.0,6000.0,,166.0,Grigio,,Airbag conducente,nan,Euro 4,Climatizzatore manuale,
1603,Marzo,2007,199668.0,66.0,Metano,Cambio automatico,,Roma,Milano,RENAULT,Clio,Clio 1.4 Base 5p.,990.0,5.0,5.3,,146.0,Bianco,,Airbag conducente,4 o 5 porte,Euro 4,nan,
4904,No Mese,2015,68387.0,106.0,Diesel,Cambio manuale,,Roma,Torino,PEUGEOT,308,308 1.6 Base 5p.,1922.0,5.0,6.4,,98.0,Nero,,nan,4 o 5 porte,nan,nan,
2390,Gennaio,2005,298168.0,117.0,Diesel,Cambio manuale,,Roma,Roma,AUDI,A4,A4 1.7 Business 5p.,1476.0,5.0,5.0,,152.0,Nero,,nan,nan,Euro 4,Climatizzatore automatico,
2186,Giugno,2009,112696.0,90.0,Benzina,Cambio automatico,,Roma,Milano,OPEL,Corsa,Corsa 1.4 Business 5p.,1340.0,5.0,5.3,,95.0,Bianco,,Airbag conducente,4 o 5 porte,Euro 6,Climatizzatore manuale,
8431,Gennaio,2015,51388.0,124.0,Diesel,Cambio manuale,,Roma,Roma,BMW,Serie 1,Serie 1 1.8 Comfort 5p.,1536.0,5.0,4.1,,120.0,Bianco,,Airbag conducente,2 o 3 porte,Euro 6,nan,
3686,No Mese,2016,49417.0,60.0,Benzina,Cambio manuale,,Roma,Roma,RENAULT,Clio,Clio 1.7 Comfort 5p.,862.0,5.0,5.5,,95.0,Nero,,Airbag anteriori e laterali,2 o 3 porte,nan,nan,
3003,Giugno,2011,126073.0,94.0,Diesel,Cambio manuale,,Roma,Roma,PEUGEOT,208,208 1.3 Sport 5p.,1277.0,7.0,5.9,,174.0,Grigio,,nan,2 o 3 porte,Euro 6,Climatizzatore automatico,
1371,Gennaio,2004,70814.0,69.0,Diesel,Cambio manuale,,Roma,Torino,PEUGEOT,208,208 1.8 Business 5p.,953.0,5.0,6.7,,104.0,Bianco,,nan,nan,nan,nan,
3327,Marzo,2004,196622.0,129.0,Diesel,Cambio automatico,,Roma,Torino,AUDI,A4,A4 1.4 Comfort 5p.,2149.0,5.0,5.5,,138.0,Bianco,,nan,2 o 3 porte,Euro 4,Climatizzatore manuale,
787,Gennaio,2005,206057.0,40.0,Diesel,Cambio manuale,,Roma,Roma,FIAT,Tipo,Tipo 1.2 Sport 5p.,591.0,5.0,3.4,,94.0,Grigio,,Airbag conducente,4 o 5 porte,nan,nan,
3736,Gennaio,2014,55593.0,99.0,Benzina,Cambio manuale,,Roma,Torino,RENAULT,Megane,Megane 1.6 Comfort 5p.,1340.0,7.0,5.1,,123.0,Nero,,nan,nan,nan,Climatizzatore manuale,
5887,No Mese,2018,22845.0,96.0,Benzina,Cambio manuale,,Roma,Roma,FIAT,Tipo,Tipo 1.6 Base 5p.,1451.0,5.0,3.8,,96.0,Grigio,,Airbag anteriori e laterali,nan,nan,Climatizzatore automatico,
2232,No Mese,2007,176909.0,111.0,Diesel,Cambio manuale,,Roma,Roma,FORD,Focus,Focus 1.6 Base 5p.,1677.0,5.0,6.0,,120.0,Nero,,Airbag anteriori e laterali,4 o 5 porte,Euro 5,Climatizzatore manuale,
951,Marzo,2007,227026.0,59.0,Diesel,Cambio manuale,,Roma,Roma,FIAT,Tipo,Tipo 1.2 Sport 5p.,836.0,4.0,5.0,,135.0,Grigio,,Airbag conducente,2 o 3 porte,Euro 4,nan,
1214,No Mese,2005,232700.0,67.0,GPL,Cambio automatico,,Roma,Milano,FORD,Focus,Focus 1.7 Sport 5p.,735.0,5.0,6.3,,155.0,Bianco,,nan,4 o 5 porte,nan,nan,
2977,Gennaio,2008,148308.0,152.0,Diesel,Cambio manuale,,Roma,Torino,PEUGEOT,308,308 1.3 Sport 5p.,2110.0,5.0,3.4,,100.0,Nero,,Airbag conducente,nan,nan,nan,
21872,Gennaio,2016,37532.0,218.0,GPL,Cambio automatico,,Roma,Milano,BMW,Serie 1,Serie 1 1.2 Base 5p.,2875.0,7.0,5.0,,100.0,Bianco,,Airbag conducente,2 o 3 porte,Euro 6,Climatizzatore manuale,
2092,Giugno,2008,27280.0,62.0,Benzina,Cambio automatico,,Roma,Roma,OPEL,Astra,Astra 1.4 Sport 5p.,931.0,4.0,4.3,,138.0,Grigio,,Airbag anteriori e laterali,4 o 5 porte,Euro 5,Climatizzatore manuale,
1897,No Mese,2003,142652.0,118.0,Benzina,Cambio manuale,,Roma,Roma,VOLKSWAGEN,Passat,Passat 1.5 Base 5p.,1332.0,5.0,5.2,,112.0,Bianco,,Airbag anteriori e laterali,nan,Euro 4,nan,
3777,No Mese,2014,63860.0,95.0,Elettrico,Cambio manuale,,Roma,Roma,FORD,Fiesta,Fiesta 1.3 Comfort 5p.,1132.0,5.0,6.8,,121.0,Bianco,,Airbag conducente,4 o 5 porte,Euro 6,Climatizzatore automatico,
1992,Giugno,2010,173668.0,106.0,Benzina,Cambio automatico,,Roma,Torino,FIAT,Tipo,Tipo 1.3 Comfort 5p.,1473.0,7.0,5.6,,158.0,Nero,,Airbag anteriori e laterali,2 o 3 porte,Euro 6,nan,
1204,Marzo,2005,265454.0,85.0,Benzina,Cambio manuale,,Roma,Milano,PEUGEOT,308,308 1.8 Base 5p.,1147.0,4.0,5.4,,86.0,Grigio,,nan,2 o 3 porte,Euro 6,nan,
4202,Giugno,2014,89413.0,72.0,Benzina,Cambio manuale,,Roma,Milano,VOLKSWAGEN,Passat,Passat 1.6 Business 5p.,1296.0,4.0,4.0,,171.0,Bianco,,Airbag conducente,nan,Euro 4,Climatizzatore manuale,
5553,Gennaio,2007,218937.0,186.0,Elettrico,Cambio automatico,,Roma,Milano,BMW,Serie 3,Serie 3 1.7 Business 5p.,2099.0,5.0,5.1,,135.0,Grigio,,Airbag anteriori e laterali,2 o 3 porte,Euro 4,Climatizzatore manuale,
7213,No Mese,2018,19045.0,76.0,Benzina,Cambio manuale,,Roma,Torino,VOLKSWAGEN,Golf,Golf 1.2 Business 5p.,920.0,7.0,5.9,,97.0,Grigio,,Airbag conducente,4 o 5 porte,nan,Climatizzatore automatico,
5130,No Mese,2017,36088.0,72.0,Diesel,Cambio manuale,,Roma,Roma,VOLKSWAGEN,Golf,Golf 1.2 Sport 5p.,1130.0,5.0,5.9,,36.0,Nero,,nan,4 o 5 porte,Euro 5,nan,
5483,Marzo,2018,15233.0,69.0,Diesel,Cambio automatico,,Roma,Torino,FIAT,Tipo,Tipo 1.6 Comfort 5p.,882.0,5.0,8.8,,155.0,Grigio,,Airbag anteriori e laterali,4 o 5 porte,Euro 5,nan,
8969,Gennaio,2012,105599.0,143.0,Diesel,Cambio manuale,,Roma,Milano,BMW,Serie 3,Serie 3 1.3 Sport 5p.,1754.0,5.0,7.1,,163.0,Bianco,,Airbag conducente,nan,Euro 6,nan,
4874,Gennaio,2007,169842.0,115.0,Elettrico,Cambio manuale,,Roma,Roma,BMW,Serie 1,Serie 1 1.8 Base 5p.,1288.0,5.0,5.7,,109.0,Grigio,,Airbag conducente,4 o 5 porte,Euro 6,Climatizzatore automatico,
4574,Gennaio,2010,138916.0,83.0,Benzina,Cambio manuale,,Roma,Torino,BMW,Serie 3,Serie 3 1.7 Comfort 5p.,1039.0,4.0,5.6,,108.0,Bianco,,nan,4 o 5 porte,Euro 6,Climatizzatore manuale,
11532,Marzo,2013,126226.0,170.0,Diesel,Cambio automatico,,Roma,Torino,BMW,Serie 3,Serie 3 1.6 Comfort 5p.,2766.0,7.0,5.2,,123.0,Nero,,Airbag anteriori e laterali,4 o 5 porte,nan,Climatizzatore automatico,
2291,Marzo,2005,128472.0,130.0,Benzina,Cambio manuale,,Roma,Torino,VOLKSWAGEN,Golf,Golf 1.7 Comfort 5p.,,5.0,4.5,,125.0,Bianco,,nan,2 o 3 porte,nan,Climatizzatore automatico,
2048,No Mese,2005,137122.0,108.0,GPL,Cambio manuale,,Roma,Roma,VOLKSWAGEN,Passat,Passat 1.4 Business 5p.,1373.0,5.0,7.5,,125.0,Grigio,,nan,nan,Euro 4,Climatizzatore automatico,
9279,Marzo,2017,32204.0,73.0,Benzina,Cambio automatico,,Roma,Milano,AUDI,A4,A4 1.6 Business 5p.,1030.0,5.0,5.7,,117.0,Nero,,Airbag anteriori e laterali,2 o 3 porte,nan,Climatizzatore automatico,
9070,Gennaio,2012,127426.0,184.0,Diesel,Cambio automatico,,Roma,Torino,AUDI,A4,A4 1.7 Comfort 5p.,2326.0,5.0,5.5,,108.0,Bianco,,nan,nan,Euro 5,Climatizzatore automatico,
2307,No Mese,2008,141068.0,65.0,Diesel,Cambio automatico,,Roma,Torino,PEUGEOT,208,208 1.6 Sport 5p.,807.0,5.0,4.9,,123.0,Grigio,,Airbag conducente,nan,Euro 6,Climatizzatore automatico,
13191,Marzo,2017,20356.0,119.0,Diesel,Cambio manuale,,Roma,Roma,MERCEDES-BENZ,Classe A,Classe A 1.8 Business 5p.,1716.0,5.0,5.9,,160.0,Bianco,,Airbag conducente,2 o 3 porte,Euro 6,nan,
10762,Marzo,2006,132152.0,105.0,Diesel,Cambio automatico,,Roma,Milano,PORSCHE,Macan,Macan 1.5 Sport 5p.,1511.0,7.0,6.9,,138.0,Bianco,,Airbag anteriori e laterali,4 o 5 porte,Euro 4,Climatizzatore automatico,
4828,No Mese,2017,16712.0,54.0,Diesel,Cambio manuale,,Roma,Roma,PEUGEOT,208,208 1.6 Base 5p.,729.0,5.0,5.8,,139.0,Grigio,,Airbag anteriori e laterali,nan,nan,Climatizzatore automatico,
5926,Giugno,2017,18760.0,88.0,Diesel,Cambio automatico,,Roma,Milano,FIAT,500,500 1.8 Business 5p.,1010.0,7.0,4.5,,133.0,Bianco,,Airbag anteriori e laterali,2 o 3 porte,Euro 6,Climatizzatore automatico,
1353,Gennaio,2005,214194.0,92.0,Diesel,Cambio manuale,,Roma,Milano,PEUGEOT,308,308 1.4 Sport 5p.,1434.0,7.0,7.3,,131.0,Grigio,,Airbag conducente,4 o 5 porte,Euro 5,Climatizzatore manuale,
2643,No Mese,2010,127663.0,108.0,Diesel,Cambio manuale,,Roma,Roma,FIAT,500,500 1.2 Business 5p.,1351.0,5.0,5.5,,105.0,Bianco,,Airbag anteriori e laterali,nan,Euro 6,Climatizzatore manuale,
1763,No Mese,2007,48185.0,66.0,Benzina,Cambio manuale,,Roma,Torino,FIAT,500,500 1.5 Base 5p.,946.0,5.0,4.1,,121.0,Bianco,,Airbag conducente,4 o 5 porte,Euro 5,Climatizzatore automatico,
1369,No Mese,2007,219117.0,40.0,Diesel,Cambio manuale,,Roma,Torino,AUDI,Q3,Q3 1.4 Comfort 5p.,598.0,5.0,4.7,,93.0,Nero,,nan,4 o 5 porte,Euro 6,Climatizzatore automatico,
6978,Marzo,2009,183498.0,191.0,Benzina,Cambio manuale,,Roma,Milano,BMW,Serie 3,Serie 3 1.4 Comfort 5p.,2437.0,5.0,7.5,,113.0,Nero,,nan,nan,nan,Climatizzatore manuale,
5739,Gennaio,2008,129690.0,147.0,Benzina,Cambio automatico,,Roma,Roma,MERCEDES-BENZ,Classe C,Classe C 1.7 Business 5p.,2021.0,5.0,4.3,,131.0,Grigio,,Airbag anteriori e laterali,4 o 5 porte,nan,Climatizzatore manuale,
1045,Gennaio,2008,161206.0,49.0,Diesel,Cambio manuale,,Roma,Torino,RENAULT,Clio,Clio 1.5 Base 5p.,575.0,7.0,6.1,,109.0,Bianco,,Airbag conducente,2 o 3 porte,Euro 5,Climatizzatore manuale,
6391,No Mese,2015,52246.0,87.0,Diesel,Cambio automatico,,Roma,Roma,VOLKSWAGEN,Polo,Polo 1.5 Comfort 5p.,990.0,5.0,5.2,,112.0,Nero,,nan,2 o 3 porte,Euro 6,Climatizzatore manuale,
11466,No Mese,2019,500.0,96.0,Diesel,Cambio automatico,,Roma,Torino,FORD,Focus,Focus 1.3 Sport 5p.,1582.0,5.0,6.0,,112.0,Nero,,Airbag anteriori e laterali,2 o 3 porte,Euro 4,nan,
11720,No Mese,2014,45491.0,99.0,Diesel,Cambio automatico,,Roma,Torino,BMW,X1,X1 1.6 Sport 5p.,1245.0,7.0,8.0,,142.0,Nero,,Airbag anteriori e laterali,2 o 3 porte,Euro 4,nan,
2471,Gennaio,2014,45776.0,69.0,Diesel,Cambio manuale,,Roma,Roma,FIAT,Tipo,Tipo 1.4 Sport 5p.,993.0,5.0,6.8,,146.0,Bianco,,nan,nan,Euro 6,nan,
13760,No Mese,2019,500.0,95.0,Diesel,Cambio automatico,,Roma,Torino,MERCEDES-BENZ,Classe A,Classe A 1.5 Base 5p.,1355.0,5.0,5.8,,117.0,Grigio,,Airbag anteriori e laterali,4 o 5 porte,Euro 5,nan,
8509,Giugno,2014,119719.0,109.0,Diesel,Cambio manuale,,Roma,Roma,BMW,X1,X1 1.8 Sport 5p.,1520.0,5.0,5.2,,132.0,Grigio,,Airbag conducente,4 o 5 porte,nan,nan,
7422,Gennaio,2012,118411.0,91.0,Diesel,Cambio automatico,,Roma,Milano,BMW,X1,X1 1.4 Base 5p.,1463.0,5.0,4.6,,94.0,Nero,,Airbag anteriori e laterali,nan,Euro 4,nan,
5806,No Mese,2011,142820.0,145.0,Diesel,Cambio manuale,,Roma,Torino,BMW,Serie 1,Serie 1 1.8 Business 5p.,2125.0,7.0,4.0,,155.0,Bianco,,Airbag conducente,nan,Euro 6,Climatizzatore manuale,
9348,Marzo,2018,9020.0,125.0,Diesel,Cambio automatico,,Roma,Roma,RENAULT,Megane,Megane 1.7 Sport 5p.,1870.0,5.0,5.6,,131.0,Bianco,,Airbag anteriori e laterali,nan,nan,nan,
2286,Giugno,2004,258233.0,118.0,Diesel,Cambio manuale,,Roma,Roma,AUDI,Q3,Q3 1.2 Sport 5p.,1693.0,7.0,6.4,,119.0,Bianco,,Airbag conducente,2 o 3 porte,Euro 4,Climatizzatore manuale,
4811,Giugno,2017,21584.0,57.0,Diesel,Cambio automatico,,Roma,Roma,FORD,Focus,Focus 1.7 Comfort 5p.,724.0,5.0,5.7,,138.0,Bianco,,Airbag conducente,4 o 5 porte,nan,nan,
9430,Marzo,2016,29574.0,82.0,Diesel,Cambio manuale,,Roma,Roma,MERCEDES-BENZ,Classe C,Classe C 1.4 Comfort 5p.,1189.0,5.0,5.8,,114.0,Bianco,,Airbag anteriori e laterali,4 o 5 porte,Euro 6,Climatizzatore automatico,
10361,Giugno,2016,29690.0,86.0,GPL,Cambio automatico,,Roma,Milano,BMW,Serie 1,Serie 1 1.3 Sport 5p.,1404.0,5.0,3.6,,133.0,Grigio,,Airbag anteriori e laterali,4 o 5 porte,Euro 5,Climatizzatore automatico,
2337,Marzo,2007,157990.0,123.0,Diesel,Cambio manuale,,Roma,Torino,FIAT,500,500 1.4 Base 5p.,1547.0,5.0,6.3,,114.0,Grigio,,Airbag conducente,nan,nan,Climatizzatore manuale,
3955,No Mese,2012,91351.0,116.0,Diesel,Cambio manuale,,Roma,Torino,FORD,Fiesta,Fiesta 1.7 Sport 5p.,1579.0,5.0,6.1,,170.0,Bianco,,Airbag anteriori e laterali,2 o 3 porte,Euro 6,nan,
5450,No Mese,2015,92234.0,113.0,Benzina,Cambio automatico,,Roma,Roma,RENAULT,Megane,Megane 1.6 Comfort 5p.,1484.0,5.0,4.5,,113.0,Bianco,,Airbag anteriori e laterali,nan,Euro 4,Climatizzatore automatico,
1461,Marzo,2004,183821.0,96.0,Benzina,Cambio manuale,,Roma,Milano,OPEL,Astra,Astra 1.5 Comfort 5p.,1296.0,5.0,5.7,,123.0,Nero,,Airbag conducente,2 o 3 porte,Euro 6,nan,
3178,Marzo,2013,61148.0,77.0,Diesel,Cambio manuale,,Roma,Milano,RENAULT,Megane,Megane 1.7 Business 5p.,1051.0,5.0,4.9,,132.0,Grigio,,Airbag anteriori e laterali,nan,Euro 5,Climatizzatore manuale,
2920,Gennaio,2009,225891.0,109.0,Diesel,Cambio manuale,,Roma,Torino,VOLKSWAGEN,Passat,Passat 1.4 Business 5p.,1592.0,5.0,5.5,,94.0,Grigio,,nan,nan,Euro 6,Climatizzatore manuale,
3404,Gennaio,2018,15489.0,44.0,Benzina,Cambio automatico,,Roma,Torino,FIAT,Tipo,Tipo 1.4 Comfort 5p.,535.0,7.0,4.7,,148.0,Nero,,nan,2 o 3 porte,Euro 5,Climatizzatore automatico,
2915,No Mese,2003,168466.0,119.0,Benzina,Cambio automatico,,Roma,Torino,BMW,X1,X1 1.7 Sport 5p.,1667.0,4.0,7.1,,119.0,Bianco,,Airbag conducente,4 o 5 porte,Euro 5,nan,
2005,Marzo,2008,209752.0,93.0,Diesel,Cambio manuale,,Roma,Roma,OPEL,Corsa,Corsa 1.6 Business 5p.,1264.0,4.0,5.7,,135.0,Bianco,,nan,2 o 3 porte,Euro 4,nan,
3847,Giugno,2007,80788.0,94.0,Diesel,Cambio manuale,,Roma,Milano,AUDI,A3,A3 1.3 Business 5p.,958.0,5.0,7.8,,146.0,Nero,,Airbag conducente,nan,nan,nan,
2122,Marzo,2008,183785.0,67.0,Diesel,Cambio automatico,,Roma,Roma,VOLKSWAGEN,Polo,Polo 1.2 Sport 5p.,1064.0,4.0,4.7,,94.0,Nero,,Airbag anteriori e laterali,nan,Euro 5,nan,
7272,Gennaio,2018,20738.0,88.0,Diesel,Cambio automatico,,Roma,Roma,VOLKSWAGEN,Polo,Polo 1.2 Comfort 5p.,1207.0,5.0,5.9,,125.0,Nero,,nan,2 o 3 porte,Euro 6,Climatizzatore manuale,
10182,Gennaio,2013,58528.0,143.0,Diesel,Cambio manuale,,Roma,Roma,BMW,Serie 1,Serie 1 1.2 Business 5p.,2393.0,5.0,6.0,,113.0,Grigio,,nan,4 o 5 porte,nan,Climatizzatore automatico,
7453,Gennaio,2011,118639.0,127.0,Diesel,Cambio manuale,,Roma,Roma,AUDI,A3,A3 1.3 Base 5p.,1702.0,5.0,5.9,,100.0,Grigio,,Airbag anteriori e laterali,2 o 3 porte,Euro 5,Climatizzatore automatico,
3075,Gennaio,2013,114154.0,105.0,Benzina,Cambio automatico,,Roma,Roma,FIAT,Tipo,Tipo 1.5 Base 5p.,1577.0,4.0,5.2,,98.0,Bianco,,Airbag anteriori e laterali,2 o 3 porte,Euro 5,nan,
9676,Marzo,2016,36118.0,71.0,Benzina,Cambio manuale,,Roma,Roma,MERCEDES-BENZ,Classe A,Classe A 1.3 Base 5p.,1046.0,7.0,6.3,,114.0,Grigio,,nan,4 o 5 porte,Euro 5,Climatizzatore automatico,
14290,Gennaio,2017,37321.0,93.0,Diesel,Cambio automatico,,Roma,Torino,BMW,Serie 1,Serie 1 1.2 Sport 5p.,1309.0,5.0,7.5,,129.0,Bianco,,Airbag anteriori e laterali,nan,nan,nan,
10627,Marzo,2014,9260.0,115.0,Diesel,Cambio automatico,,Roma,Roma,AUDI,A3,A3 1.7 Comfort 5p.,2015.0,4.0,7.0,,141.0,Grigio,,Airbag conducente,nan,Euro 4,Climatizzatore automatico,
17362,Giugno,2017,34897.0,170.0,Benzina,Cambio manuale,,Roma,Torino,BMW,Serie 3,Serie 3 1.6 Sport 5p.,2305.0,4.0,5.8,,139.0,Nero,,Airbag anteriori e laterali,2 o 3 porte,Euro 5,Climatizzatore manuale,
1446,Gennaio,2009,60818.0,54.0,Diesel,Cambio manuale,,Roma,Roma,OPEL,Corsa,Corsa 1.7 Business 5p.,743.0,4.0,5.4,,113.0,Bianco,,nan,nan,Euro 4,Climatizzatore automatico,
1850,Marzo,2012,162909.0,48.0,Metano,Cambio automatico,,Roma,Roma,FIAT,Tipo,Tipo 1.5 Comfort 5p.,677.0,5.0,3.5,,139.0,Grigio,,Airbag conducente,2 o 3 porte,Euro 4,Climatizzatore manuale,
5357,Marzo,2014,92577.0,75.0,GPL,Cambio automatico,,Roma,Torino,FORD,Fiesta,Fiesta 1.2 Base 5p.,1221.0,5.0,4.5,,104.0,Bianco,,nan,4 o 5 porte,nan,Climatizzatore automatico,
6257,Marzo,2015,25857.0,124.0,Diesel,Cambio manuale,,Roma,Roma,FORD,Fiesta,Fiesta 1.7 Comfort 5p.,1809.0,5.0,8.0,,104.0,Nero,,nan,4 o 5 porte,Euro 4,nan,
2858,Gennaio,2011,101855.0,103.0,Diesel,Cambio automatico,,Roma,Milano,FIAT,Panda,Panda 1.4 Sport 5p.,1466.0,5.0,5.1,,126.0,Nero,,Airbag anteriori e laterali,nan,Euro 6,Climatizzatore manuale,
758,Gennaio,2005,181725.0,65.0,Diesel,Cambio manuale,,Roma,Milano,FIAT,500,500 1.7 Comfort 5p.,1012.0,4.0,5.2,,79.0,Bianco,,Airbag conducente,2 o 3 porte,Euro 4,Climatizzatore manuale,
3368,Marzo,2010,216360.0,113.0,GPL,Cambio manuale,,Roma,Roma,FORD,Focus,Focus 1.7 Business 5p.,1411.0,5.0,5.2,,135.0,Bianco,,Airbag anteriori e laterali,4 o 5 porte,nan,nan,
6220,Giugno,2017,34052.0,91.0,Diesel,Cambio manuale,,Roma,Milano,FIAT,Tipo,Tipo 1.2 Sport 5p.,1346.0,4.0,5.6,,191.0,Grigio,,nan,4 o 5 porte,Euro 4,nan,
1622,Giugno,2007,145076.0,73.0,Benzina,Cambio manuale,,Roma,Roma,FORD,Fiesta,Fiesta 1.4 Base 5p.,926.0,5.0,7.7,,126.0,Nero,,nan,nan,Euro 6,Climatizzatore automatico,
1104,Marzo,2003,350879.0,96.0,Diesel,Cambio automatico,,Roma,Roma,VOLKSWAGEN,Polo,Polo 1.7 Comfort 5p.,1528.0,7.0,6.0,,99.0,Bianco,,nan,4 o 5 porte,Euro 6,Climatizzatore automatico,
8102,Gennaio,2017,36388.0,114.0,Diesel,Cambio manuale,,Roma,Roma,VOLKSWAGEN,Polo,Polo 1.4 Base 5p.,1523.0,7.0,5.4,,156.0,Nero,,Airbag conducente,nan,Euro 5,Climatizzatore automatico,
3905,Marzo,2005,236205.0,153.0,Diesel,Cambio manuale,,Roma,Torino,AUDI,A4,A4 1.2 Business 5p.,2154.0,5.0,5.9,,123.0,Nero,,Airbag anteriori e laterali,nan,Euro 5,Climatizzatore automatico,
2710,Gennaio,2011,133644.0,95.0,Elettrico,Cambio manuale,,Roma,Torino,OPEL,Astra,Astra 1.7 Comfort 5p.,1382.0,5.0,5.3,,120.0,Nero,,Airbag anteriori e laterali,2 o 3 porte,Euro 5,Climatizzatore manuale,
2201,Marzo,2003,133578.0,80.0,Diesel,Cambio manuale,,Roma,Torino,BMW,Serie 3,Serie 3 1.7 Base 5p.,1338.0,5.0,4.7,,139.0,Grigio,,nan,nan,Euro 5,Climatizzatore manuale,
9223,Giugno,2018,13043.0,106.0,Benzina,Cambio manuale,,Roma,Roma,VOLKSWAGEN,Passat,Passat 1.8 Comfort 5p.,1401.0,4.0,5.3,,113.0,Grigio,,Airbag conducente,2 o 3 porte,Euro 6,nan,
10404,Marzo,2018,11418.0,117.0,Diesel,Cambio manuale,,Roma,Torino,VOLKSWAGEN,Polo,Polo 1.7 Comfort 5p.,1596.0,5.0,4.1,,132.0,Grigio,,nan,2 o 3 porte,nan,Climatizzatore manuale,
4769,Marzo,2015,50152.0,68.0,Diesel,Cambio automatico,,Roma,Milano,PEUGEOT,308,308 1.4 Base 5p.,1050.0,5.0,4.7,,76.0,Bianco,,nan,nan,Euro 4,nan,
2989,Giugno,2004,197539.0,138.0,Diesel,Cambio manuale,,Roma,Torino,BMW,Serie 3,Serie 3 1.2 Base 5p.,1664.0,5.0,5.6,,109.0,Grigio,,Airbag anteriori e laterali,nan,nan,Climatizzatore automatico,
7439,Giugno,2011,149289.0,110.0,Benzina,Cambio automatico,,Roma,Milano,AUDI,A3,A3 1.7 Comfort 5p.,1539.0,7.0,4.5,,133.0,Grigio,,nan,nan,Euro 4,Climatizzatore manuale,
11350,Gennaio,2019,500.0,162.0,Diesel,Cambio manuale,,Roma,Milano,PEUGEOT,308,308 1.4 Business 5p.,2403.0,4.0,3.9,,124.0,Nero,,nan,2 o 3 porte,Euro 6,nan,
3386,No Mese,2008,116908.0,140.0,Diesel,Cambio manuale,,Roma,Torino,PEUGEOT,308,308 1.8 Business 5p.,1799.0,5.0,6.2,,210.0,Nero,,Airbag conducente,nan,Euro 6,nan,
1231,Marzo,2008,235131.0,40.0,Diesel,Cambio automatico,,Roma,Milano,FIAT,500,500 1.4 Sport 5p.,566.0,5.0,6.5,,88.0,Grigio,,Airbag conducente,4 o 5 porte,nan,Climatizzatore automatico,
2822,Giugno,2011,143097.0,109.0,Benzina,Cambio manuale,,Roma,Roma,PEUGEOT,208,208 1.4 Comfort 5p.,1267.0,5.0,5.4,,102.0,Nero,,Airbag anteriori e laterali,4 o 5 porte,Euro 5,Climatizzatore manuale,
5618,No Mese,2007,88543.0,145.0,Benzina,Cambio manuale,,Roma,Torino,BMW,Serie 3,Serie 3 1.8 Sport 5p.,2135.0,4.0,8.7,,182.0,Grigio,,Airbag anteriori e laterali,nan,Euro 5,Climatizzatore automatico,
3369,Marzo,2011,41425.0,89.0,Diesel,Cambio manuale,,Roma,Milano,RENAULT,Clio,Clio 1.4 Comfort 5p.,1356.0,7.0,3.3,,93.0,Grigio,,nan,4 o 5 porte,Euro 5,Climatizzatore automatico,
1169,No Mese,2010,69051.0,40.0,Diesel,Cambio manuale,,Roma,Milano,FIAT,Panda,Panda 1.3 Comfort 5p.,594.0,5.0,5.4,,142.0,Nero,,nan,4 o 5 porte,Euro 4,Climatizzatore manuale,
1590,Giugno,2005,304176.0,79.0,GPL,Cambio manuale,,Roma,Milano,AUDI,A3,A3 1.7 Sport 5p.,1072.0,5.0,4.5,,152.0,Nero,,nan,2 o 3 porte,Euro 4,Climatizzatore manuale,
2967,No Mese,2012,124195.0,85.0,Diesel,Cambio manuale,,Roma,Torino,FIAT,500,500 1.5 Comfort 5p.,1421.0,4.0,5.3,,105.0,Bianco,,Airbag conducente,2 o 3 porte,Euro 5,Climatizzatore automatico,
11400,Gennaio,2010,102889.0,105.0,Diesel,Cambio automatico,,Roma,Roma,PORSCHE,Macan,Macan 1.7 Base 5p.,1290.0,5.0,6.2,,92.0,Nero,,Airbag anteriori e laterali,nan,Euro 6,Climatizzatore manuale,
3340,Marzo,2008,54084.0,50.0,GPL,Cambio manuale,,Roma,Roma,MERCEDES-BENZ,Classe C,Classe C 1.7 Base 5p.,581.0,5.0,6.3,,114.0,Grigio,,Airbag conducente,4 o 5 porte,Euro 5,nan,
6577,No Mese,2018,14001.0,101.0,Diesel,Cambio manuale,,Roma,Roma,OPEL,Corsa,Corsa 1.6 Business 5p.,1382.0,5.0,4.6,,131.0,Grigio,,Airbag conducente,nan,Euro 4,Climatizzatore manuale,
5044,No Mese,2007,95342.0,130.0,Diesel,Cambio manuale,,Roma,Torino,MERCEDES-BENZ,Classe C,Classe C 1.8 Base 5p.,1713.0,5.0,4.8,,137.0,Bianco,,Airbag anteriori e laterali,4 o 5 porte,Euro 5,nan,
3349,Marzo,2016,61685.0,61.0,Diesel,Cambio manuale,,Roma,Milano,FIAT,Panda,Panda 1.3 Business 5p.,848.0,4.0,2.6,,96.0,Grigio,,Airbag conducente,4 o 5 porte,Euro 6,nan,
4780,Giugno,2014,55694.0,111.0,Benzina,Cambio automatico,,Roma,Milano,RENAULT,Megane,Megane 1.8 Sport 5p.,1490.0,4.0,7.1,,107.0,Grigio,,Airbag anteriori e laterali,nan,Euro 4,nan,
5719,No Mese,2008,126854.0,113.0,Benzina,Cambio automatico,,Roma,Torino,MERCEDES-BENZ,Classe A,Classe A 1.8 Business 5p.,1455.0,4.0,5.5,,113.0,Grigio,,nan,nan,Euro 4,Climatizzatore manuale,
2827,Gennaio,2011,107875.0,65.0,Benzina,Cambio automatico,,Roma,Milano,FORD,Fiesta,Fiesta 1.5 Business 5p.,802.0,5.0,4.4,,120.0,Nero,,Airbag conducente,2 o 3 porte,nan,Climatizzatore automatico,
8858,Giugno,2014,89864.0,159.0,Benzina,Cambio automatico,,Roma,Torino,BMW,Serie 3,Serie 3 1.8 Sport 5p.,2459.0,7.0,5.9,,73.0,Grigio,,nan,nan,Euro 6,Climatizzatore manuale,
1687,Marzo,2010,129760.0,55.0,Benzina,Cambio manuale,,Roma,Torino,OPEL,Corsa,Corsa 1.3 Sport 5p.,644.0,5.0,6.5,,139.0,Bianco,,Airbag anteriori e laterali,4 o 5 porte,Euro 6,nan,
4942,Giugno,2007,215358.0,168.0,Benzina,Cambio automatico,,Roma,Milano,BMW,X1,X1 1.3 Business 5p.,2797.0,4.0,6.3,,100.0,Bianco,,Airbag anteriori e laterali,nan,Euro 4,Climatizzatore manuale,
1179,Marzo,2003,71948.0,70.0,Benzina,Cambio manuale,,Roma,Milano,FORD,Focus,Focus 1.5 Sport 5p.,1108.0,5.0,8.2,,71.0,Nero,,nan,4 o 5 porte,Euro 6,Climatizzatore automatico,
8060,Gennaio,2010,176372.0,195.0,Diesel,Cambio automatico,,Roma,Roma,BMW,X1,X1 1.2 Base 5p.,2499.0,5.0,4.6,,156.0,Nero,,Airbag anteriori e laterali,nan,nan,Climatizzatore automatico,
2545,No Mese,2008,107910.0,108.0,Diesel,Cambio manuale,,Roma,Torino,VOLKSWAGEN,Golf,Golf 1.3 Comfort 5p.,1810.0,5.0,6.5,,141.0,Bianco,,Airbag conducente,nan,Euro 6,Climatizzatore manuale,
5749,Marzo,2006,157976.0,185.0,Diesel,Cambio manuale,,Roma,Milano,BMW,Serie 1,Serie 1 1.2 Sport 5p.,3021.0,7.0,5.0,,161.0,Nero,,Airbag anteriori e laterali,nan,Euro 4,Climatizzatore manuale,
4240,Gennaio,2003,145384.0,152.0,Benzina,Cambio manuale,,Roma,Milano,AUDI,A4,A4 1.3 Comfort 5p.,1826.0,7.0,6.3,,93.0,Grigio,,nan,2 o 3 porte,Euro 6,Climatizzatore manuale,
3786,Gennaio,2018,1999.0,40.0,Benzina,Cambio manuale,,Roma,Torino,RENAULT,Clio,Clio 1.2 Sport 5p.,589.0,4.0,7.8,,120.0,Grigio,,Airbag conducente,2 o 3 porte,nan,Climatizzatore manuale,
3950,Giugno,2016,16726.0,71.0,Diesel,Cambio manuale,,Roma,Milano,FIAT,500,500 1.4 Business 5p.,772.0,5.0,5.2,,160.0,Grigio,,nan,nan,nan,Climatizzatore automatico,
4983,Marzo,2014,75308.0,122.0,Diesel,Cambio manuale,,Roma,Roma,OPEL,Corsa,Corsa 1.7 Sport 5p.,1646.0,5.0,6.5,,99.0,Grigio,,Airbag conducente,nan,Euro 4,Climatizzatore manuale,
1502,Gennaio,2007,102134.0,80.0,Diesel,Cambio manuale,,Roma,Milano,OPEL,Corsa,Corsa 1.7 Sport 5p.,1068.0,4.0,5.7,,136.0,Grigio,,nan,4 o 5 porte,Euro 5,Climatizzatore automatico,
4199,Marzo,2014,94096.0,62.0,Diesel,Cambio automatico,,Roma,Milano,FORD,Fiesta,Fiesta 1.8 Sport 5p.,781.0,5.0,5.2,,122.0,Nero,,Airbag anteriori e laterali,4 o 5 porte,Euro 5,nan,
675,Marzo,2005,217889.0,40.0,Diesel,Cambio automatico,,Roma,Roma,FIAT,Tipo,Tipo 1.3 Sport 5p.,544.0,7.0,5.0,,135.0,Grigio,,Airbag anteriori e laterali,2 o 3 porte,nan,Climatizzatore automatico,
4840,No Mese,2017,36739.0,84.0,Diesel,Cambio automatico,,Roma,Milano,VOLKSWAGEN,Passat,Passat 1.4 Base 5p.,1396.0,4.0,5.7,,80.0,Nero,,Airbag conducente,4 o 5 porte,nan,Climatizzatore manuale,
2109,No Mese,2009,167209.0,98.0,Diesel,Cambio manuale,,Roma,Milano,RENAULT,Megane,Megane 1.7 Base 5p.,1576.0,5.0,6.3,,146.0,Nero,,Airbag conducente,nan,nan,nan,
10435,Marzo,2018,13376.0,79.0,Diesel,Cambio manuale,,Roma,Torino,BMW,X1,X1 1.5 Business 5p.,1086.0,7.0,3.9,,129.0,Nero,,nan,2 o 3 porte,Euro 6,nan,
3580,Giugno,2008,257621.0,94.0,Diesel,Cambio automatico,,Roma,Roma,AUDI,Q3,Q3 1.5 Sport 5p.,1470.0,5.0,4.9,,151.0,Nero,,Airbag anteriori e laterali,2 o 3 porte,Euro 4,nan,
8129,Marzo,2014,79725.0,140.0,Benzina,Cambio automatico,,Roma,Roma,VOLKSWAGEN,Golf,Golf 1.3 Comfort 5p.,1632.0,4.0,5.1,,141.0,Bianco,,nan,4 o 5 porte,nan,Climatizzatore automatico,
2496,No Mese,2015,59135.0,43.0,Diesel,Cambio manuale,,Roma,Milano,PEUGEOT,208,208 1.8 Sport 5p.,596.0,7.0,4.8,,123.0,Grigio,,nan,4 o 5 porte,Euro 5,Climatizzatore manuale,
6994,Gennaio,2012,66085.0,91.0,GPL,Cambio manuale,,Roma,Roma,MERCEDES-BENZ,Classe A,Classe A 1.4 Base 5p.,1313.0,4.0,4.0,,138.0,Nero,,Airbag conducente,nan,Euro 4,nan,
1482,Marzo,2004,198294.0,101.0,Diesel,Cambio manuale,,Roma,Torino,PEUGEOT,308,308 1.7 Business 5p.,1326.0,5.0,4.9,,171.0,Nero,,Airbag conducente,4 o 5 porte,Euro 6,Climatizzatore manuale,
3663,Giugno,2014,68859.0,89.0,Benzina,Cambio automatico,,Roma,Milano,FIAT,500,500 1.6 Base 5p.,1208.0,4.0,4.5,,105.0,Grigio,,Airbag conducente,2 o 3 porte,Euro 4,nan,
1228,Gennaio,2007,206591.0,89.0,Diesel,Cambio manuale,,Roma,Milano,FIAT,500,500 1.7 Base 5p.,1171.0,4.0,5.6,,145.0,Bianco,,Airbag anteriori e laterali,4 o 5 porte,Euro 4,Climatizzatore manuale,
4266,No Mese,2009,159504.0,123.0,Diesel,Cambio manuale,,Roma,Roma,MERCEDES-BENZ,Classe C,Classe C 1.6 Base 5p.,1919.0,5.0,6.6,,127.0,Grigio,,nan,4 o 5 porte,nan,nan,
3525,Giugno,2008,68747.0,139.0,Benzina,Cambio manuale,,Roma,Roma,VOLKSWAGEN,Golf,Golf 1.3 Sport 5p.,2210.0,5.0,5.1,,94.0,Nero,,Airbag anteriori e laterali,4 o 5 porte,Euro 6,Climatizzatore manuale,
1958,No Mese,2005,115021.0,94.0,Diesel,Cambio automatico,,Roma,Roma,RENAULT,Megane,Megane 1.2 Business 5p.,1434.0,5.0,5.7,,122.0,Grigio,,Airbag anteriori e laterali,2 o 3 porte,Euro 6,Climatizzatore manuale,
1489,No Mese,2006,247666.0,98.0,Diesel,Cambio manuale,,Roma,Torino,OPEL,Corsa,Corsa 1.2 Sport 5p.,1490.0,5.0,4.8,,140.0,Bianco,,Airbag conducente,4 o 5 porte,Euro 5,Climatizzatore manuale,
2191,Giugno,2008,150426.0,91.0,Diesel,Cambio automatico,,Roma,Torino,RENAULT,Megane,Megane 1.7 Comfort 5p.,1259.0,5.0,6.3,,116.0,Nero,,Airbag conducente,2 o 3 porte,Euro 5,Climatizzatore automatico,
2213,No Mese,2005,176975.0,119.0,Diesel,Cambio manuale,,Roma,Torino,VOLKSWAGEN,Golf,Golf 1.3 Sport 5p.,2136.0,5.0,4.8,,125.0,Nero,,Airbag conducente,2 o 3 porte,Euro 6,nan,
9007,Marzo,2014,96965.0,134.0,Diesel,Cambio manuale,,Roma,Torino,MERCEDES-BENZ,Classe C,Classe C 1.5 Comfort 5p.,1723.0,5.0,6.6,,152.0,Nero,,nan,nan,Euro 5,nan,
12305,No Mese,2012,127586.0,164.0,GPL,Cambio automatico,,Roma,Roma,MERCEDES-BENZ,Classe A,Classe A 1.6 Business 5p.,2826.0,4.0,4.9,,195.0,Bianco,,nan,4 o 5 porte,Euro 6,Climatizzatore manuale,
1951,No Mese,2007,201863.0,100.0,Benzina,Cambio manuale,,Roma,Torino,OPEL,Astra,Astra 1.8 Base 5p.,1445.0,4.0,5.0,,139.0,Bianco,,Airbag conducente,4 o 5 porte,Euro 6,Climatizzatore automatico,
4977,Marzo,2006,68708.0,117.0,Benzina,Cambio manuale,,Roma,Milano,MERCEDES-BENZ,Classe A,Classe A 1.4 Business 5p.,1618.0,5.0,6.2,,116.0,Grigio,,Airbag anteriori e laterali,4 o 5 porte,Euro 4,Climatizzatore manuale,
4318,No Mese,2012,52244.0,121.0,GPL,Cambio manuale,,Roma,Roma,FORD,Focus,Focus 1.4 Business 5p.,1510.0,4.0,6.2,,78.0,Grigio,,nan,4 o 5 porte,nan,Climatizzatore automatico,
4065,No Mese,2016,43673.0,52.0,Diesel,Cambio manuale,,Roma,Roma,VOLKSWAGEN,Passat,Passat 1.6 Comfort 5p.,562.0,5.0,5.8,,100.0,Bianco,,nan,4 o 5 porte,Euro 6,Climatizzatore manuale,
5090,Marzo,2017,34063.0,98.0,GPL,Cambio manuale,,Roma,Roma,OPEL,Corsa,Corsa 1.6 Sport 5p.,1409.0,4.0,7.6,,107.0,Grigio,,Airbag conducente,4 o 5 porte,Euro 6,nan,
2817,Giugno,2009,177400.0,116.0,Diesel,Cambio manuale,,Roma,Torino,DR,DR5,DR5 1.8 Comfort 5p.,1469.0,5.0,4.3,,97.0,Nero,,Airbag conducente,nan,nan,Climatizzatore automatico,
2342,No Mese,2007,133286.0,81.0,Benzina,Cambio manuale,,Roma,Roma,VOLKSWAGEN,Passat,Passat 1.2 Sport 5p.,960.0,4.0,2.6,,138.0,Bianco,,Airbag conducente,4 o 5 porte,Euro 6,nan,
1409,Gennaio,2004,288626.0,137.0,Diesel,Cambio automatico,,Roma,Milano,PEUGEOT,308,308 1.7 Business 5p.,1895.0,4.0,2.9,,97.0,Bianco,,nan,2 o 3 porte,Euro 4,nan,
1277,No Mese,2007,157046.0,57.0,Metano,Cambio manuale,,Roma,Torino,PEUGEOT,208,208 1.3 Business 5p.,814.0,5.0,5.4,,63.0,Bianco,,Airbag anteriori e laterali,4 o 5 porte,Euro 4,Climatizzatore manuale,
17543,No Mese,2017,31842.0,134.0,Diesel,Cambio automatico,,Roma,Roma,AUDI,A4,A4 1.7 Base 5p.,1921.0,7.0,6.2,,118.0,Grigio,,Airbag conducente,4 o 5 porte,Euro 5,nan,
6615,Giugno,2018,13578.0,76.0,Diesel,Cambio manuale,,Roma,Milano,RENAULT,Megane,Megane 1.8 Sport 5p.,915.0,7.0,4.4,,143.0,Bianco,,Airbag conducente,4 o 5 porte,Euro 5,Climatizzatore manuale,
6652,Marzo,2010,56262.0,106.0,Diesel,Cambio manuale,,Roma,Milano,BMW,Serie 1,Serie 1 1.4 Business 5p.,1754.0,5.0,7.3,,117.0,Grigio,,Airbag conducente,2 o 3 porte,Euro 6,Climatizzatore manuale,
2792,Marzo,2005,206507.0,115.0,Diesel,Cambio manuale,,Roma,Roma,AUDI,A3,A3 1.8 Comfort 5p.,1836.0,5.0,4.6,,138.0,Bianco,,Airbag conducente,4 o 5 porte,Euro 4,Climatizzatore automatico,
3332,Gennaio,2013,92800.0,67.0,Benzina,Cambio manuale,,Roma,Torino,FORD,Fiesta,Fiesta 1.7 Comfort 5p.,1074.0,7.0,5.0,,90.0,Nero,,nan,nan,Euro 4,Climatizzatore automatico,
14184,No Mese,2014,66387.0,179.0,Benzina,Cambio automatico,,Roma,Torino,MERCEDES-BENZ,Classe C,Classe C 1.6 Base 5p.,2434.0,4.0,5.8,,149.0,Bianco,,nan,nan,Euro 6,Climatizzatore automatico,
2486,Giugno,2008,83278.0,86.0,Diesel,Cambio manuale,,Roma,Roma,PEUGEOT,308,308 1.7 Business 5p.,1192.0,5.0,4.9,,151.0,Nero,,Airbag anteriori e laterali,nan,nan,Climatizzatore automatico,
3987,Marzo,2018,14820.0,40.0,Diesel,Cambio manuale,,Roma,Roma,OPEL,Corsa,Corsa 1.4 Business 5p.,735.0,7.0,6.5,,160.0,Bianco,,nan,2 o 3 porte,nan,Climatizzatore automatico,
12055,Marzo,2017,31975.0,125.0,Benzina,Cambio manuale,,Roma,Roma,VOLKSWAGEN,Golf,Golf 1.5 Comfort 5p.,1677.0,5.0,3.2,,137.0,Nero,,Airbag conducente,nan,Euro 5,nan,
7542,Gennaio,2019,500.0,94.0,Diesel,Cambio automatico,,Roma,Milano,FORD,Focus,Focus 1.7 Sport 5p.,1195.0,7.0,3.8,,119.0,Bianco,,Airbag conducente,4 o 5 porte,Euro 4,Climatizzatore manuale,
6509,Gennaio,2014,59334.0,82.0,Diesel,Cambio automatico,,Roma,Roma,BMW,Serie 3,Serie 3 1.2 Base 5p.,968.0,7.0,5.5,,151.0,Grigio,,Airbag anteriori e laterali,4 o 5 porte,Euro 6,nan,
2597,No Mese,2016,28093.0,41.0,Benzina,Cambio manuale,,Roma,Torino,OPEL,Astra,Astra 1.4 Business 5p.,605.0,5.0,4.7,,112.0,Nero,,nan,2 o 3 porte,nan,Climatizzatore automatico,
6447,Gennaio,2018,17545.0,74.0,Diesel,Cambio automatico,,Roma,Roma,VOLKSWAGEN,Passat,Passat 1.8 Comfort 5p.,1137.0,4.0,4.8,,141.0,Nero,,Airbag anteriori e laterali,4 o 5 porte,Euro 4,Climatizzatore automatico,
1040,Giugno,2004,225620.0,88.0,Diesel,Cambio automatico,,Roma,Torino,PEUGEOT,308,308 1.7 Business 5p.,1476.0,5.0,3.8,,153.0,Nero,,Airbag anteriori e laterali,nan,Euro 4,nan,
5777,No Mese,2010,127671.0,127.0,Diesel,Cambio automatico,,Roma,Torino,BMW,X1,X1 1.4 Base 5p.,1817.0,4.0,5.8,,129.0,Grigio,,Airbag anteriori e laterali,2 o 3 porte,nan,Climatizzatore manuale,
1404,Giugno,2007,237572.0,106.0,Benzina,Cambio manuale,,Roma,Roma,RENAULT,Megane,Megane 1.6 Base 5p.,1632.0,7.0,5.6,,131.0,Grigio,,nan,nan,nan,Climatizzatore manuale,
4474,Giugno,2012,68840.0,89.0,Diesel,Cambio manuale,,Roma,Milano,VOLKSWAGEN,Passat,Passat 1.6 Base 5p.,1181.0,5.0,8.2,,128.0,Nero,,nan,2 o 3 porte,Euro 5,Climatizzatore automatico,
2452,Giugno,2010,164937.0,98.0,Diesel,Cambio automatico,,Roma,Torino,RENAULT,Clio,Clio 1.4 Base 5p.,1301.0,7.0,5.4,,102.0,Nero,,nan,nan,nan,Climatizzatore manuale,
1603,Gennaio,2008,181048.0,62.0,Diesel,Cambio automatico,,Roma,Torino,VOLKSWAGEN,Passat,Passat 1.5 Sport 5p.,744.0,5.0,4.9,,96.0,Nero,,Airbag anteriori e laterali,2 o 3 porte,nan,nan,
4225,Gennaio,2016,45537.0,61.0,Diesel,Cambio automatico,,Roma,Roma,RENAULT,Clio,Clio 1.6 Sport 5p.,726.0,5.0,7.0,,110.0,Grigio,,nan,nan,Euro 4,Climatizzatore manuale,
9587,Gennaio,2015,55894.0,118.0,Diesel,Cambio automatico,,Roma,Torino,MERCEDES-BENZ,Classe C,Classe C 1.3 Base 5p.,1576.0,5.0,8.1,,133.0,Nero,,nan,nan,nan,Climatizzatore manuale,
4158,Marzo,2012,61979.0,77.0,Benzina,Cambio automatico,,Roma,Torino,VOLKSWAGEN,Polo,Polo 1.2 Comfort 5p.,1269.0,4.0,3.9,,172.0,Grigio,,Airbag conducente,nan,Euro 6,Climatizzatore automatico,
5383,Marzo,2009,500.0,96.0,Benzina,Cambio manuale,,Roma,Torino,BMW,Serie 3,Serie 3 1.2 Comfort 5p.,1482.0,4.0,5.4,,136.0,Nero,,Airbag conducente,2 o 3 porte,Euro 6,Climatizzatore automatico,
7274,No Mese,2016,24521.0,100.0,Diesel,Cambio manuale,,Roma,Torino,VOLKSWAGEN,Polo,Polo 1.7 Sport 5p.,1479.0,5.0,3.0,,164.0,Bianco,,Airbag conducente,4 o 5 porte,Euro 5,Climatizzatore automatico,
2644,No Mese,2010,132543.0,40.0,Diesel,Cambio automatico,,Roma,Roma,MERCEDES-BENZ,Classe C,Classe C 1.4 Base 5p.,624.0,7.0,5.1,,148.0,Nero,,nan,nan,nan,Climatizzatore manuale,
1996,Giugno,2007,259659.0,86.0,Diesel,Cambio manuale,,Roma,Torino,VOLKSWAGEN,Golf,Golf 1.8 Comfort 5p.,1256.0,4.0,4.0,,143.0,Grigio,,Airbag anteriori e laterali,nan,nan,Climatizzatore automatico,
4692,Marzo,2015,101994.0,108.0,Benzina,Cambio automatico,,Roma,Roma,FIAT,Tipo,Tipo 1.5 Sport 5p.,1386.0,7.0,6.1,,123.0,Grigio,,Airbag conducente,2 o 3 porte,Euro 5,Climatizzatore automatico,
11190,Gennaio,2014,45797.0,168.0,Diesel,Cambio manuale,,Roma,Torino,AUDI,A4,A4 1.7 Business 5p.,2128.0,7.0,6.0,,148.0,Nero,,nan,2 o 3 porte,Euro 4,nan,
10889,Gennaio,2016,57175.0,98.0,Diesel,Cambio manuale,,Roma,Milano,MERCEDES-BENZ,Classe C,Classe C 1.6 Business 5p.,1119.0,7.0,5.7,,111.0,Bianco,,Airbag anteriori e laterali,nan,Euro 6,Climatizzatore automatico,
781,Marzo,2007,301491.0,69.0,Benzina,Cambio manuale,,Roma,Torino,FIAT,Tipo,Tipo 1.6 Business 5p.,1063.0,5.0,5.8,,107.0,Grigio,,Airbag anteriori e laterali,4 o 5 porte,nan,nan,
17800,Gennaio,2019,500.0,131.0,GPL,Cambio automatico,,Roma,Roma,MERCEDES-BENZ,Classe A,Classe A 1.5 Sport 5p.,1903.0,5.0,4.7,,133.0,Bianco,,Airbag anteriori e laterali,2 o 3 porte,Euro 6,nan,
738,No Mese,2006,264916.0,49.0,Diesel,Cambio automatico,,Roma,Milano,FIAT,Panda,Panda 1.7 Business 5p.,740.0,4.0,5.9,,139.0,Nero,,Airbag anteriori e laterali,4 o 5 porte,Euro 5,nan,
1091,Marzo,2003,228976.0,82.0,Diesel,Cambio manuale,,Roma,Torino,OPEL,Corsa,Corsa 1.2 Sport 5p.,1167.0,5.0,5.5,,78.0,Nero,,Airbag anteriori e laterali,2 o 3 porte,Euro 4,Climatizzatore automatico,
12330,No Mese,2013,71292.0,116.0,Diesel,Cambio manuale,,Roma,Torino,MERCEDES-BENZ,Classe C,Classe C 1.7 Sport 5p.,1432.0,4.0,4.8,,110.0,Grigio,,Airbag conducente,2 o 3 porte,Euro 5,Climatizzatore automatico,
4092,Marzo,2019,500.0,58.0,Diesel,Cambio manuale,,Roma,Torino,FIAT,Tipo,Tipo 1.7 Sport 5p.,735.0,7.0,4.8,,145.0,Bianco,,Airbag conducente,nan,nan,Climatizzatore automatico,
17837,Giugno,2016,29114.0,169.0,Diesel,Cambio automatico,,Roma,Torino,AUDI,A3,A3 1.6 Sport 5p.,2351.0,5.0,4.4,,141.0,Nero,,nan,2 o 3 porte,nan,nan,
5851,Giugno,2008,106595.0,140.0,Diesel,Cambio manuale,,Roma,Milano,MERCEDES-BENZ,Classe A,Classe A 1.8 Sport 5p.,1905.0,7.0,5.7,,143.0,Nero,,Airbag conducente,2 o 3 porte,Euro 4,Climatizzatore automatico,
1209,Giugno,2005,125846.0,73.0,Diesel,Cambio manuale,,Roma,Milano,FORD,Fiesta,Fiesta 1.7 Comfort 5p.,844.0,5.0,5.4,,111.0,Nero,,Airbag conducente,nan,Euro 6,Climatizzatore manuale,
2960,Giugno,2009,181330.0,80.0,Diesel,Cambio manuale,,Roma,Milano,AUDI,A3,A3 1.2 Comfort 5p.,1112.0,4.0,6.1,,133.0,Grigio,,Airbag anteriori e laterali,2 o 3 porte,nan,Climatizzatore manuale,
2452,Marzo,2012,120761.0,56.0,Diesel,Cambio automatico,,Roma,Roma,RENAULT,Megane,Megane 1.4 Sport 5p.,924.0,5.0,6.8,,114.0,Nero,,nan,nan,nan,Climatizzatore manuale,
6090,Giugno,2006,135023.0,201.0,Benzina,Cambio manuale,,Roma,Milano,AUDI,Q3,Q3 1.3 Business 5p.,2805.0,4.0,5.5,,164.0,Bianco,,nan,4 o 5 porte,Euro 6,Climatizzatore automatico,
1720,No Mese,2012,88871.0,40.0,Benzina,Cambio manuale,,Roma,Roma,PEUGEOT,208,208 1.4 Business 5p.,463.0,7.0,4.6,,127.0,Bianco,,nan,2 o 3 porte,Euro 5,nan,
4165,No Mese,2014,93097.0,85.0,Metano,Cambio manuale,,Roma,Torino,VOLKSWAGEN,Passat,Passat 1.4 Business 5p.,1317.0,4.0,4.2,,131.0,Grigio,,Airbag anteriori e laterali,4 o 5 porte,Euro 6,Climatizzatore automatico,
3430,Gennaio,2007,134566.0,74.0,Diesel,Cambio automatico,,Roma,Roma,AUDI,A4,A4 1.3 Sport 5p.,1137.0,7.0,4.9,,156.0,Grigio,,Airbag conducente,4 o 5 porte,nan,Climatizzatore automatico,
3359,Gennaio,2004,194738.0,148.0,Diesel,Cambio manuale,,Roma,Roma,BMW,Serie 1,Serie 1 1.4 Comfort 5p.,2327.0,5.0,5.6,,98.0,Grigio,,Airbag conducente,2 o 3 porte,Euro 6,Climatizzatore automatico,
1542,No Mese,2011,111675.0,56.0,Diesel,Cambio manuale,,Roma,Torino,FIAT,Panda,Panda 1.3 Comfort 5p.,712.0,4.0,6.0,,132.0,Bianco,,Airbag anteriori e laterali,2 o 3 porte,Euro 6,Climatizzatore manuale,
3075,No Mese,2008,185006.0,75.0,Diesel,Cambio manuale,,Roma,Torino,AUDI,A3,A3 1.5 Sport 5p.,918.0,5.0,4.6,,106.0,Bianco,,Airbag conducente,nan,Euro 5,Climatizzatore manuale,
2490,Gennaio,2006,166722.0,134.0,Diesel,Cambio manuale,,Roma,Milano,PEUGEOT,208,208 1.5 Sport 5p.,1718.0,7.0,5.1,,136.0,Bianco,,Airbag conducente,nan,Euro 4,Climatizzatore automatico,
2753,Gennaio,2014,40455.0,68.0,GPL,Cambio manuale,,Roma,Milano,FIAT,Panda,Panda 1.3 Comfort 5p.,883.0,5.0,6.3,,136.0,Bianco,,Airbag conducente,4 o 5 porte,Euro 4,nan,
2056,Giugno,2007,37848.0,64.0,Benzina,Cambio automatico,,Roma,Milano,FORD,Fiesta,Fiesta 1.2 Business 5p.,782.0,5.0,6.4,,140.0,Grigio,,Airbag conducente,4 o 5 porte,Euro 4,Climatizzatore automatico,
1972,Marzo,2006,82807.0,81.0,Benzina,Cambio automatico,,Roma,Milano,OPEL,Corsa,Corsa 1.5 Comfort 5p.,1129.0,,5.1,,110.0,Grigio,,Airbag conducente,nan,nan,Climatizzatore manuale,
6125,No Mese,2006,72383.0,139.0,Diesel,Cambio manuale,,Roma,Torino,MERCEDES-BENZ,Classe A,Classe A 1.3 Sport 5p.,1973.0,4.0,5.5,,108.0,Bianco,,Airbag anteriori e laterali,nan,Euro 4,nan,
4322,Gennaio,2015,73002.0,80.0,Benzina,Cambio automatico,,Roma,Torino,RENAULT,Clio,Clio 1.2 Base 5p.,1217.0,5.0,6.5,,121.0,Grigio,,Airbag anteriori e laterali,nan,Euro 4,nan,
1067,No Mese,2004,248697.0,97.0,Diesel,Cambio manuale,,Roma,Roma,OPEL,Astra,Astra 1.7 Base 5p.,1325.0,5.0,4.6,,111.0,Bianco,,Airbag conducente,4 o 5 porte,nan,Climatizzatore automatico,
5239,No Mese,2017,23219.0,87.0,Benzina,Cambio manuale,,Roma,Torino,PEUGEOT,208,208 1.8 Sport 5p.,1042.0,5.0,7.1,,156.0,Nero,,Airbag anteriori e laterali,4 o 5 porte,Euro 6,nan,
5748,Marzo,2017,27430.0,82.0,Benzina,Cambio automatico,,Roma,Milano,VOLKSWAGEN,Passat,Passat 1.5 Comfort 5p.,1121.0,5.0,4.4,,97.0,Grigio,,Airbag conducente,4 o 5 porte,nan,Climatizzatore manuale,
84516,Giugno,2014,47169.0,303.0,Diesel,Cambio manuale,,Roma,Roma,FERRARI,F430,F430 1.3 Sport 5p.,4685.0,5.0,5.3,,175.0,Bianco,,nan,2 o 3 porte,nan,Climatizzatore manuale,
6946,Giugno,2012,110462.0,91.0,Diesel,Cambio manuale,,Roma,Roma,MERCEDES-BENZ,Classe C,Classe C 1.7 Comfort 5p.,1313.0,5.0,5.2,,81.0,Bianco,,nan,nan,Euro 4,Climatizzatore automatico,
24589,Giugno,2019,500.0,141.0,Benzina,Cambio automatico,,Roma,Roma,AUDI,A3,A3 1.8 Comfort 5p.,2363.0,4.0,4.2,,152.0,Bianco,,Airbag conducente,4 o 5 porte,Euro 4,nan,
18420,Giugno,2017,36315.0,178.0,Benzina,Cambio manuale,,Roma,Roma,BMW,Serie 3,Serie 3 1.3 Sport 5p.,2422.0,4.0,5.9,,83.0,Nero,,Airbag anteriori e laterali,nan,nan,nan,
10065,Gennaio,2011,74460.0,186.0,Benzina,Cambio automatico,,Roma,Torino,MERCEDES-BENZ,Classe C,Classe C 1.8 Business 5p.,2886.0,4.0,5.2,,98.0,Bianco,,Airbag anteriori e laterali,2 o 3 porte,Euro 6,nan,
8277,Giugno,2014,75412.0,122.0,Diesel,Cambio manuale,,Roma,Roma,AUDI,Q3,Q3 1.3 Base 5p.,1769.0,5.0,8.8,,101.0,Nero,,Airbag conducente,4 o 5 porte,Euro 6,Climatizzatore automatico,
1352,Marzo,2005,189247.0,90.0,Diesel,Cambio manuale,,Roma,Torino,FORD,Fiesta,Fiesta 1.8 Sport 5p.,1196.0,5.0,4.3,,90.0,Bianco,,Airbag anteriori e laterali,4 o 5 porte,nan,Climatizzatore automatico,
4905,Marzo,2013,72529.0,96.0,Diesel,Cambio automatico,,Roma,Torino,VOLKSWAGEN,Passat,Passat 1.8 Base 5p.,1484.0,5.0,3.9,,103.0,Grigio,,Airbag conducente,nan,nan,nan,
5048,Gennaio,2017,11981.0,85.0,Diesel,Cambio manuale,,Roma,Torino,OPEL,Astra,Astra 1.4 Comfort 5p.,1418.0,4.0,5.3,,121.0,Bianco,,Airbag conducente,2 o 3 porte,Euro 6,Climatizzatore manuale,
2358,Gennaio,2011,135904.0,79.0,Diesel,Cambio automatico,,Roma,Torino,OPEL,Astra,Astra 1.6 Business 5p.,1246.0,4.0,3.6,,81.0,Nero,,Airbag anteriori e laterali,4 o 5 porte,Euro 6,Climatizzatore manuale,
6537,Giugno,2010,109507.0,103.0,Diesel,Cambio automatico,,Roma,Roma,BMW,Serie 3,Serie 3 1.8 Business 5p.,1676.0,4.0,7.2,,138.0,Bianco,,Airbag conducente,4 o 5 porte,Euro 4,Climatizzatore automatico,
4090,No Mese,2013,108147.0,105.0,Diesel,Cambio automatico,,Roma,Torino,FORD,Focus,Focus 1.6 Comfort 5p.,1621.0,7.0,3.4,,140.0,Bianco,,Airbag anteriori e laterali,4 o 5 porte,nan,nan,
6748,No Mese,2019,500.0,62.0,Diesel,Cambio automatico,,Roma,Roma,VOLKSWAGEN,Passat,Passat 1.2 Comfort 5p.,850.0,4.0,5.8,,102.0,Nero,,nan,2 o 3 porte,Euro 4,Climatizzatore manuale,
4742,No Mese,2005,91554.0,142.0,GPL,Cambio automatico,,Roma,Milano,AUDI,A3,A3 1.8 Sport 5p.,2081.0,5.0,7.9,,141.0,Nero,,Airbag anteriori e laterali,nan,nan,Climatizzatore manuale,
5626,Marzo,2016,2817.0,73.0,Diesel,Cambio automatico,,Roma,Roma,VOLKSWAGEN,Polo,Polo 1.5 Business 5p.,997.0,5.0,6.1,,85.0,Nero,,Airbag anteriori e laterali,nan,Euro 5,Climatizzatore automatico,
5236,No Mese,2008,183252.0,116.0,Diesel,Cambio manuale,,Roma,Milano,AUDI,Q3,Q3 1.3 Comfort 5p.,1544.0,4.0,5.8,,153.0,Grigio,,nan,2 o 3 porte,nan,Climatizzatore automatico,
10688,Gennaio,2016,30446.0,81.0,GPL,Cambio manuale,,Roma,Roma,MERCEDES-BENZ,Classe A,Classe A 1.6 Business 5p.,1263.0,4.0,3.8,,95.0,Bianco,,Airbag conducente,2 o 3 porte,nan,Climatizzatore automatico,
9992,Giugno,2018,17614.0,120.0,Benzina,Cambio manuale,,Roma,Torino,VOLKSWAGEN,Golf,Golf 1.2 Business 5p.,1576.0,7.0,4.6,,75.0,Bianco,,Airbag anteriori e laterali,4 o 5 porte,Euro 6,Climatizzatore automatico,
1540,Giugno,2007,81401.0,80.0,Diesel,Cambio manuale,,Roma,Roma,FIAT,500,500 1.3 Comfort 5p.,1011.0,5.0,7.1,,94.0,Nero,,Airbag conducente,nan,Euro 5,nan,
5967,No Mese,2018,17493.0,97.0,Diesel,Cambio automatico,,Roma,Roma,OPEL,Corsa,Corsa 1.7 Sport 5p.,1699.0,5.0,5.5,,137.0,Nero,,Airbag conducente,2 o 3 porte,Euro 4,Climatizzatore automatico,
1256,Gennaio,2005,179634.0,84.0,Diesel,Cambio automatico,,Roma,Milano,FIAT,500,500 1.5 Base 5p.,994.0,5.0,6.7,,157.0,Bianco,,Airbag anteriori e laterali,4 o 5 porte,Euro 6,Climatizzatore automatico,
1820,Giugno,2006,125401.0,94.0,Diesel,Cambio automatico,,Roma,Milano,FIAT,Panda,Panda 1.4 Comfort 5p.,1190.0,7.0,5.1,,152.0,Grigio,,Airbag conducente,4 o 5 porte,Euro 4,nan,
4781,Giugno,2012,69687.0,126.0,Benzina,Cambio automatico,,Roma,Torino,FORD,Focus,Focus 1.7 Base 5p.,1929.0,5.0,6.3,,143.0,Bianco,,nan,2 o 3 porte,Euro 4,nan,
2867,Gennaio,2003,296341.0,135.0,Diesel,Cambio manuale,,Roma,Roma,BMW,Serie 1,Serie 1 1.2 Base 5p.,2201.0,7.0,5.3,,155.0,Grigio,,Airbag conducente,4 o 5 porte,Euro 5,nan,
984,Gennaio,2004,174779.0,40.0,Diesel,Cambio manuale,,Roma,Torino,VOLKSWAGEN,Golf,Golf 1.5 Comfort 5p.,658.0,4.0,6.4,,123.0,Bianco,,Airbag anteriori e laterali,4 o 5 porte,Euro 6,Climatizzatore manuale,
9455,Marzo,2017,8061.0,108.0,Diesel,Cambio automatico,,Roma,Roma,VOLKSWAGEN,Golf,Golf 1.2 Sport 5p.,1678.0,7.0,7.4,,168.0,Bianco,,Airbag anteriori e laterali,4 o 5 porte,Euro 5,Climatizzatore manuale,
3665,No Mese,2019,500.0,40.0,Diesel,Cambio manuale,,Roma,Torino,OPEL,Corsa,Corsa 1.7 Business 5p.,543.0,7.0,5.6,,45.0,Grigio,,Airbag conducente,nan,Euro 5,nan,
1068,Marzo,2006,216951.0,63.0,Benzina,Cambio automatico,,Roma,Roma,OPEL,Astra,Astra 1.8 Business 5p.,1032.0,5.0,6.5,,138.0,Bianco,,nan,4 o 5 porte,Euro 5,Climatizzatore automatico,
844,Giugno,2003,357448.0,115.0,Benzina,Cambio automatico,,Roma,Roma,RENAULT,Megane,Megane 1.4 Business 5p.,1725.0,5.0,5.0,,132.0,Bianco,,nan,2 o 3 porte,Euro 6,nan,
40201,Gennaio,2013,104818.0,258.0,Benzina,Cambio automatico,,Roma,Torino,PORSCHE,Cayenne,Cayenne 1.4 Comfort 5p.,4074.0,5.0,5.6,,158.0,Bianco,,Airbag anteriori e laterali,2 o 3 porte,nan,Climatizzatore automatico,
5824,Marzo,2013,150689.0,150.0,GPL,Cambio automatico,,Roma,Torino,FORD,Fiesta,Fiesta 1.8 Sport 5p.,2551.0,5.0,3.9,,148.0,Nero,,nan,4 o 5 porte,Euro 4,Climatizzatore automatico,
55598,Marzo,2019,500.0,160.0,Diesel,Cambio manuale,,Roma,Milano,PORSCHE,Cayenne,Cayenne 1.7 Base 5p.,2500.0,5.0,4.2,,168.0,Bianco,,Airbag conducente,2 o 3 porte,Euro 6,nan,
6818,Giugno,2013,44291.0,86.0,Diesel,Cambio manuale,,Roma,Milano,AUDI,Q3,Q3 1.2 Sport 5p.,1215.0,7.0,5.2,,128.0,Nero,,Airbag conducente,2 o 3 porte,nan,nan,
13998,No Mese,2018,9429.0,83.0,GPL,Cambio manuale,,Roma,Roma,MERCEDES-BENZ,Classe C,Classe C 1.7 Business 5p.,1164.0,4.0,6.4,,158.0,Bianco,,Airbag anteriori e laterali,4 o 5 porte,Euro 6,nan,
4775,Gennaio,2008,166013.0,123.0,Benzina,Cambio manuale,,Roma,Torino,MERCEDES-BENZ,Classe C,Classe C 1.2 Sport 5p.,2263.0,5.0,4.5,,147.0,Bianco,,Airbag anteriori e laterali,4 o 5 porte,Euro 5,Climatizzatore manuale,
7782,No Mese,2008,70649.0,179.0,Metano,Cambio automatico,,Roma,Roma,AUDI,A3,A3 1.4 Base 5p.,2454.0,5.0,3.7,,142.0,Bianco,,Airbag conducente,2 o 3 porte,Euro 6,nan,
5893,Giugno,2011,133807.0,75.0,Diesel,Cambio automatico,,Roma,Roma,BMW,X1,X1 1.5 Business 5p.,941.0,5.0,5.3,,128.0,Grigio,,Airbag anteriori e laterali,4 o 5 porte,nan,Climatizzatore automatico,
5653,Gennaio,2017,30658.0,68.0,Diesel,Cambio manuale,,Roma,Torino,FORD,Focus,Focus 1.6 Sport 5p.,1071.0,7.0,6.9,,124.0,Bianco,,Airbag anteriori e laterali,nan,Euro 5,Climatizzatore manuale,
6722,Giugno,2003,276513.0,173.0,Benzina,Cambio manuale,,Roma,Milano,PORSCHE,Macan,Macan 1.5 Sport 5p.,2874.0,5.0,7.3,,144.0,Nero,,Airbag conducente,4 o 5 porte,Euro 4,nan,
6185,Giugno,2009,163593.0,153.0,GPL,Cambio manuale,,Roma,Milano,AUDI,A4,A4 1.5 Sport 5p.,2367.0,5.0,3.6,,142.0,Nero,,nan,2 o 3 porte,Euro 5,Climatizzatore manuale,
6915,No Mese,2018,16057.0,40.0,Diesel,Cambio automatico,,Roma,Torino,MERCEDES-BENZ,Classe A,Classe A 1.3 Business 5p.,555.0,5.0,5.9,,126.0,Nero,,Airbag conducente,4 o 5 porte,Euro 5,nan,
16463,No Mese,2018,18128.0,105.0,GPL,Cambio manuale,,Roma,Torino,BMW,Serie 1,Serie 1 1.8 Sport 5p.,1523.0,5.0,5.9,,138.0,Nero,,nan,4 o 5 porte,nan,Climatizzatore automatico,
1386,Gennaio,2004,214242.0,91.0,GPL,Cambio manuale,,Roma,Torino,RENAULT,Megane,Megane 1.4 Comfort 5p.,1363.0,7.0,3.8,,79.0,Bianco,,nan,2 o 3 porte,nan,Climatizzatore automatico,
2016,No Mese,2009,139900.0,96.0,Benzina,Cambio manuale,,Roma,Torino,PEUGEOT,208,208 1.7 Base 5p.,1606.0,7.0,4.5,,143.0,Grigio,,Airbag conducente,nan,Euro 5,Climatizzatore automatico,
2188,Marzo,2010,61045.0,95.0,Diesel,Cambio manuale,,Roma,Torino,FIAT,Tipo,Tipo 1.3 Sport 5p.,1331.0,5.0,5.9,,100.0,Grigio,,Airbag conducente,2 o 3 porte,Euro 6,Climatizzatore automatico,
7616,Marzo,2011,96822.0,105.0,Benzina,Cambio manuale,,Roma,Roma,BMW,X1,X1 1.4 Base 5p.,1283.0,5.0,4.9,,139.0,Bianco,,Airbag conducente,4 o 5 porte,nan,Climatizzatore manuale,
6642,Marzo,2013,117778.0,157.0,Diesel,Cambio automatico,,Roma,Roma,FORD,Focus,Focus 1.2 Base 5p.,2226.0,5.0,6.3,,137.0,Grigio,,Airbag conducente,nan,Euro 6,Climatizzatore automatico,
2444,Giugno,2003,153570.0,85.0,Diesel,Cambio manuale,,Roma,Milano,BMW,X1,X1 1.4 Sport 5p.,1252.0,5.0,3.9,,164.0,Nero,,Airbag conducente,nan,nan,Climatizzatore automatico,
2535,Giugno,2008,63353.0,94.0,Benzina,Cambio manuale,,Roma,Torino,VOLKSWAGEN,Passat,Passat 1.5 Base 5p.,1469.0,5.0,6.3,,103.0,Bianco,,Airbag anteriori e laterali,nan,Euro 4,nan,
14589,Gennaio,2018,15116.0,123.0,Diesel,Cambio manuale,,Roma,Milano,BMW,X1,X1 1.2 Base 5p.,1529.0,5.0,5.2,,132.0,Grigio,,nan,2 o 3 porte,Euro 4,Climatizzatore manuale,
3398,Gennaio,2006,122582.0,103.0,Benzina,Cambio manuale,,Roma,Roma,AUDI,A3,A3 1.5 Base 5p.,1427.0,4.0,5.0,,129.0,Bianco,,Airbag anteriori e laterali,nan,Euro 5,Climatizzatore manuale,
1043,Gennaio,2006,296603.0,44.0,Diesel,Cambio manuale,,Roma,Roma,VOLKSWAGEN,Golf,Golf 1.4 Base 5p.,570.0,5.0,6.9,,102.0,Nero,,Airbag conducente,4 o 5 porte,Euro 4,Climatizzatore manuale,
5134,No Mese,2017,31725.0,79.0,Diesel,Cambio automatico,,Roma,Roma,PEUGEOT,308,308 1.3 Business 5p.,1192.0,5.0,5.5,,111.0,Bianco,,Airbag anteriori e laterali,nan,Euro 4,nan,
3949,No Mese,2003,160348.0,179.0,Diesel,Cambio automatico,,Roma,Torino,AUDI,Q3,Q3 1.5 Business 5p.,2021.0,5.0,5.0,,92.0,Nero,,nan,nan,Euro 4,Climatizzatore automatico,
17461,No Mese,2019,500.0,110.0,Benzina,Cambio manuale,,Roma,Roma,BMW,Serie 1,Serie 1 1.8 Sport 5p.,1502.0,5.0,3.0,,127.0,Grigio,,Airbag conducente,nan,nan,Climatizzatore manuale,
7584,Marzo,2012,145988.0,148.0,Diesel,Cambio automatico,,Roma,Milano,BMW,Serie 1,Serie 1 1.8 Base 5p.,1671.0,5.0,5.9,,176.0,Bianco,,Airbag conducente,4 o 5 porte,Euro 6,Climatizzatore manuale,
2596,Gennaio,2012,134604.0,130.0,Benzina,Cambio automatico,,Roma,Milano,FIAT,Tipo,Tipo 1.8 Base 5p.,1980.0,5.0,4.2,,98.0,Grigio,,nan,4 o 5 porte,nan,nan,
6393,Giugno,2015,83038.0,123.0,Diesel,Cambio automatico,,Roma,Torino,VOLKSWAGEN,Golf,Golf 1.5 Comfort 5p.,1672.0,5.0,3.7,,134.0,Nero,,Airbag conducente,2 o 3 porte,nan,Climatizzatore automatico,
1600,Giugno,2007,169096.0,95.0,Diesel,Cambio manuale,,Roma,Torino,OPEL,Corsa,Corsa 1.7 Base 5p.,1538.0,7.0,5.1,,131.0,Grigio,,nan,nan,Euro 6,Climatizzatore automatico,
3173,Gennaio,2009,100426.0,118.0,Diesel,Cambio automatico,,Roma,Roma,VOLKSWAGEN,Polo,Polo 1.4 Sport 5p.,1186.0,4.0,7.2,,144.0,Grigio,,nan,4 o 5 porte,Euro 5,nan,
3578,No Mese,2006,241129.0,140.0,Diesel,Cambio automatico,,Roma,Torino,BMW,X1,X1 1.2 Sport 5p.,1731.0,5.0,5.2,,113.0,Grigio,,Airbag conducente,2 o 3 porte,Euro 6,nan,
2304,Gennaio,2011,128936.0,72.0,Diesel,Cambio manuale,,Roma,Milano,FIAT,Tipo,Tipo 1.5 Base 5p.,1094.0,5.0,5.4,,89.0,Grigio,,Airbag anteriori e laterali,4 o 5 porte,Euro 5,nan,
1325,Marzo,2003,181840.0,64.0,Diesel,Cambio manuale,,Roma,Torino,VOLKSWAGEN,Passat,Passat 1.5 Comfort 5p.,953.0,5.0,5.2,,152.0,Bianco,,Airbag conducente,4 o 5 porte,Euro 4,Climatizzatore manuale,
6813,Gennaio,2018,13533.0,85.0,Benzina,Cambio manuale,,Roma,Torino,RENAULT,Megane,Megane 1.5 Business 5p.,1205.0,7.0,5.4,,152.0,Grigio,,Airbag conducente,nan,nan,Climatizzatore automatico,
2560,Gennaio,2009,179836.0,104.0,Diesel,Cambio automatico,,Roma,Torino,VOLKSWAGEN,Passat,Passat 1.8 Sport 5p.,1473.0,5.0,4.2,,173.0,Nero,,Airbag conducente,4 o 5 porte,Euro 5,Climatizzatore automatico,
10451,Giugno,2014,60714.0,103.0,Benzina,Cambio manuale,,Roma,Torino,BMW,Serie 1,Serie 1 1.3 Business 5p.,1528.0,5.0,5.3,,131.0,Bianco,,Airbag anteriori e laterali,nan,Euro 4,Climatizzatore automatico,
17459,No Mese,2018,11596.0,157.0,Diesel,Cambio manuale,,Roma,Roma,BMW,Serie 3,Serie 3 1.7 Business 5p.,2104.0,5.0,6.6,,116.0,Nero,,Airbag conducente,2 o 3 porte,nan,Climatizzatore automatico,
874,Marzo,2005,334536.0,73.0,Benzina,Cambio automatico,,Roma,Milano,OPEL,Astra,Astra 1.2 Base 5p.,981.0,5.0,4.6,,135.0,Nero,,Airbag conducente,4 o 5 porte,nan,nan,
1084,Giugno,2005,169897.0,53.0,Diesel,Cambio automatico,,Roma,Milano,VOLKSWAGEN,Polo,Polo 1.4 Comfort 5p.,631.0,4.0,3.3,,144.0,Grigio,,Airbag anteriori e laterali,nan,nan,Climatizzatore automatico,
10546,No Mese,2017,18204.0,90.0,Diesel,Cambio manuale,,Roma,Roma,AUDI,A4,A4 1.2 Business 5p.,1111.0,5.0,2.9,,154.0,Nero,,nan,4 o 5 porte,Euro 6,Climatizzatore manuale,
9982,Gennaio,2013,105143.0,163.0,Diesel,Cambio manuale,,Roma,Roma,MERCEDES-BENZ,Classe C,Classe C 1.7 Sport 5p.,2798.0,5.0,6.4,,145.0,Bianco,,Airbag anteriori e laterali,nan,Euro 6,Climatizzatore automatico,
919,No Mese,2003,148177.0,54.0,Diesel,Cambio manuale,,Roma,Torino,PEUGEOT,208,208 1.2 Comfort 5p.,807.0,7.0,6.1,,118.0,Nero,,nan,nan,Euro 6,nan,
1011,Marzo,2005,314785.0,92.0,Diesel,Cambio manuale,,Roma,Torino,OPEL,Corsa,Corsa 1.2 Base 5p.,1332.0,5.0,6.0,,151.0,Bianco,,Airbag anteriori e laterali,4 o 5 porte,Euro 4,Climatizzatore manuale,
7620,Marzo,2015,69612.0,79.0,Diesel,Cambio manuale,,Roma,Roma,MERCEDES-BENZ,Classe C,Classe C 1.7 Base 5p.,1072.0,5.0,7.0,,116.0,Bianco,,Airbag anteriori e laterali,4 o 5 porte,Euro 4,Climatizzatore manuale,
1641,Gennaio,2008,187902.0,84.0,Diesel,Cambio manuale,,Roma,Torino,RENAULT,Megane,Megane 1.4 Sport 5p.,1101.0,7.0,5.7,,134.0,Nero,,nan,nan,nan,Climatizzatore automatico,
42569,Gennaio,2009,196842.0,243.0,Benzina,Cambio manuale,,Roma,Milano,FERRARI,F430,F430 1.3 Sport 5p.,3184.0,5.0,5.7,,175.0,Bianco,,Airbag conducente,4 o 5 porte,Euro 4,Climatizzatore manuale,
3089,No Mese,2012,143493.0,70.0,Diesel,Cambio automatico,,Roma,Torino,RENAULT,Clio,Clio 1.2 Comfort 5p.,911.0,5.0,3.9,,84.0,Nero,,nan,2 o 3 porte,Euro 6,Climatizzatore automatico,
1140,Giugno,2005,183530.0,79.0,Diesel,Cambio automatico,,Roma,Roma,FIAT,Panda,Panda 1.5 Base 5p.,1198.0,5.0,5.6,,118.0,Grigio,,Airbag conducente,nan,Euro 6,nan,
4774,Gennaio,2008,96332.0,143.0,Diesel,Cambio manuale,,Roma,Milano,AUDI,Q3,Q3 1.8 Business 5p.,1736.0,4.0,4.3,,133.0,Bianco,,Airbag conducente,nan,Euro 6,Climatizzatore manuale,
1674,Giugno,2007,88010.0,87.0,Diesel,Cambio manuale,,Roma,Milano,FIAT,Tipo,Tipo 1.3 Sport 5p.,1099.0,5.0,6.6,,145.0,Bianco,,Airbag conducente,2 o 3 porte,Euro 6,Climatizzatore automatico,
2521,Marzo,2013,116982.0,76.0,GPL,Cambio manuale,,Roma,Roma,FIAT,Panda,Panda 1.3 Business 5p.,1172.0,5.0,7.7,,136.0,Nero,,Airbag anteriori e laterali,4 o 5 porte,Euro 6,nan,
4170,Gennaio,2019,500.0,50.0,Diesel,Cambio manuale,,Roma,Milano,OPEL,Astra,Astra 1.4 Base 5p.,709.0,4.0,8.8,,119.0,Bianco,,nan,4 o 5 porte,nan,Climatizzatore manuale,
11801,Marzo,2008,64534.0,122.0,Diesel,Cambio manuale,,Roma,Torino,PORSCHE,Cayenne,Cayenne 1.6 Comfort 5p.,1717.0,7.0,6.3,,143.0,Grigio,,Airbag conducente,2 o 3 porte,Euro 5,Climatizzatore manuale,
4598,Giugno,2012,109069.0,112.0,GPL,Cambio manuale,,Roma,Torino,VOLKSWAGEN,Passat,Passat 1.5 Comfort 5p.,1764.0,5.0,7.4,,177.0,Bianco,,nan,4 o 5 porte,Euro 6,Climatizzatore automatico,
10684,Gennaio,2019,500.0,125.0,Diesel,Cambio manuale,,Roma,Milano,FORD,Focus,Focus 1.5 Business 5p.,1797.0,5.0,7.1,,146.0,Grigio,,Airbag anteriori e laterali,2 o 3 porte,Euro 6,nan,
1998,Gennaio,2006,262838.0,99.0,GPL,Cambio automatico,,Roma,Milano,VOLKSWAGEN,Golf,Golf 1.2 Sport 5p.,1268.0,5.0,6.9,,140.0,Grigio,,Airbag conducente,2 o 3 porte,Euro 4,Climatizzatore automatico,
1759,No Mese,2004,191308.0,120.0,Benzina,Cambio manuale,,Roma,Roma,VOLKSWAGEN,Golf,Golf 1.3 Business 5p.,1533.0,5.0,7.1,,103.0,Grigio,,nan,nan,Euro 5,nan,
10660,Gennaio,2005,134990.0,185.0,Elettrico,Cambio manuale,,Roma,Torino,PORSCHE,Cayenne,Cayenne 1.4 Business 5p.,2637.0,5.0,4.2,,119.0,Bianco,,Airbag conducente,2 o 3 porte,Euro 6,nan,
3493,Giugno,2018,13034.0,40.0,GPL,Cambio manuale,,Roma,Milano,RENAULT,Megane,Megane 1.2 Comfort 5p.,478.0,7.0,5.1,,137.0,Bianco,,Airbag anteriori e laterali,2 o 3 porte,Euro 4,Climatizzatore manuale,
2555,Giugno,2014,41364.0,49.0,Diesel,Cambio automatico,,Roma,Roma,FIAT,500,500 1.2 Comfort 5p.,743.0,7.0,7.2,,104.0,Bianco,,nan,nan,Euro 5,nan,
11818,Marzo,2015,69907.0,171.0,Benzina,Cambio manuale,,Roma,Milano,MERCEDES-BENZ,Classe C,Classe C 1.5 Base 5p.,2259.0,5.0,3.4,,163.0,Bianco,,nan,nan,Euro 4,Climatizzatore manuale,
1021,Marzo,2003,338160.0,101.0,Diesel,Cambio manuale,,Roma,Roma,FORD,Fiesta,Fiesta 1.7 Base 5p.,1143.0,7.0,4.8,,135.0,Nero,,Airbag anteriori e laterali,4 o 5 porte,Euro 4,Climatizzatore manuale,
1709,Gennaio,2008,206028.0,159.0,Benzina,Cambio manuale,,Roma,Milano,FIAT,500,500 1.4 Base 5p.,2268.0,5.0,5.6,,83.0,Nero,,nan,2 o 3 porte,Euro 5,Climatizzatore manuale,
1560,Marzo,2005,146996.0,95.0,Diesel,Cambio manuale,,Roma,Milano,PEUGEOT,308,308 1.6 Comfort 5p.,1129.0,5.0,4.0,,143.0,Bianco,,Airbag anteriori e laterali,2 o 3 porte,nan,Climatizzatore manuale,
3919,Marzo,2008,321418.0,177.0,Elettrico,Cambio manuale,,Roma,Torino,BMW,Serie 3,Serie 3 1.6 Comfort 5p.,3055.0,5.0,6.4,,131.0,Bianco,,nan,2 o 3 porte,Euro 6,Climatizzatore automatico,
2141,Marzo,2007,247718.0,54.0,Diesel,Cambio manuale,,Roma,Torino,MERCEDES-BENZ,Classe A,Classe A 1.8 Comfort 5p.,821.0,5.0,5.4,,134.0,Bianco,,Airbag conducente,4 o 5 porte,Euro 4,Climatizzatore automatico,
6194,Giugno,2016,64509.0,130.0,Diesel,Cambio manuale,,Roma,Torino,VOLKSWAGEN,Golf,Golf 1.4 Sport 5p.,2121.0,5.0,5.8,,168.0,Grigio,,nan,nan,Euro 5,Climatizzatore automatico,
12754,Gennaio,2012,54158.0,116.0,Benzina,Cambio automatico,,Roma,Milano,MERCEDES-BENZ,Classe A,Classe A 1.2 Base 5p.,1442.0,4.0,7.5,,102.0,Grigio,,Airbag conducente,4 o 5 porte,Euro 6,Climatizzatore manuale,
9866,Giugno,2013,67197.0,113.0,Metano,Cambio automatico,,Roma,Milano,BMW,Serie 1,Serie 1 1.3 Business 5p.,1650.0,5.0,5.4,,132.0,Grigio,,Airbag anteriori e laterali,nan,nan,nan,
13421,Giugno,2008,241377.0,257.0,Benzina,Cambio automatico,,Roma,Milano,PORSCHE,Macan,Macan 1.3 Sport 5p.,4443.0,5.0,7.2,,150.0,Grigio,,nan,2 o 3 porte,Euro 4,Climatizzatore automatico,
840,Marzo,2006,323797.0,54.0,Metano,Cambio automatico,,Roma,Roma,FORD,Focus,Focus 1.3 Sport 5p.,645.0,5.0,5.3,,139.0,Grigio,,Airbag anteriori e laterali,nan,Euro 6,nan,
2334,No Mese,2003,241905.0,113.0,Diesel,Cambio automatico,,Roma,Roma,BMW,Serie 1,Serie 1 1.7 Business 5p.,1561.0,5.0,5.2,,139.0,Grigio,,nan,2 o 3 porte,nan,Climatizzatore automatico,
149206,No Mese,2016,33165.0,327.0,Diesel,Cambio manuale,,Roma,Milano,FERRARI,F430,F430 1.2 Sport 5p.,4961.0,5.0,6.5,,159.0,Nero,,nan,4 o 5 porte,Euro 4,Climatizzatore automatico,
4475,Giugno,2007,124055.0,118.0,Diesel,Cambio manuale,,Roma,Roma,BMW,Serie 1,Serie 1 1.3 Sport 5p.,1702.0,5.0,4.9,,144.0,Bianco,,Airbag conducente,nan,Euro 4,Climatizzatore automatico,
2017,Marzo,2009,183054.0,95.0,Benzina,Cambio manuale,,Roma,Torino,FIAT,Panda,Panda 1.6 Base 5p.,1131.0,7.0,6.4,,118.0,Bianco,,nan,4 o 5 porte,Euro 6,nan,
4549,Marzo,2018,18587.0,42.0,Diesel,Cambio manuale,,Roma,Torino,OPEL,Corsa,Corsa 1.7 Comfort 5p.,652.0,7.0,3.7,,82.0,Bianco,,Airbag anteriori e laterali,4 o 5 porte,nan,Climatizzatore manuale,
3995,Gennaio,2014,100357.0,89.0,Diesel,Cambio manuale,,Roma,Milano,FORD,Fiesta,Fiesta 1.8 Base 5p.,1224.0,7.0,5.6,,138.0,Nero,,nan,2 o 3 porte,Euro 4,Climatizzatore manuale,
1569,No Mese,2009,35822.0,46.0,Diesel,Cambio manuale,,Roma,Roma,PEUGEOT,208,208 1.7 Base 5p.,696.0,4.0,6.8,,127.0,Nero,,Airbag conducente,4 o 5 porte,Euro 6,nan,
2266,No Mese,2005,294228.0,127.0,Benzina,Cambio manuale,,Roma,Roma,VOLKSWAGEN,Polo,Polo 1.2 Business 5p.,1811.0,7.0,7.0,,107.0,Nero,,nan,2 o 3 porte,Euro 6,Climatizzatore automatico,
1120,Marzo,2003,140501.0,58.0,GPL,Cambio automatico,,Roma,Milano,FORD,Focus,Focus 1.4 Comfort 5p.,799.0,7.0,5.2,,170.0,Nero,,nan,4 o 5 porte,Euro 6,Climatizzatore automatico,
5064,Marzo,2016,55463.0,113.0,Benzina,Cambio manuale,,Roma,Milano,FIAT,Panda,Panda 1.5 Base 5p.,1833.0,5.0,3.5,,153.0,Nero,,nan,2 o 3 porte,Euro 4,Climatizzatore automatico,
2429,No Mese,2004,238642.0,110.0,Diesel,Cambio manuale,,Roma,Torino,AUDI,A3,A3 1.3 Sport 5p.,1557.0,7.0,5.9,,136.0,Nero,,nan,2 o 3 porte,nan,Climatizzatore manuale,
1222,Marzo,2005,213140.0,66.0,Diesel,Cambio automatico,,Roma,Milano,OPEL,Corsa,Corsa 1.3 Sport 5p.,853.0,5.0,7.4,,128.0,Grigio,,nan,nan,nan,Climatizzatore manuale,
12734,Gennaio,2015,57360.0,165.0,Benzina,Cambio manuale,,Roma,Milano,AUDI,A4,A4 1.4 Sport 5p.,2746.0,5.0,6.7,,185.0,Nero,,nan,nan,Euro 6,nan,
11096,Gennaio,2019,500.0,78.0,Diesel,Cambio manuale,,Roma,Torino,VOLKSWAGEN,Passat,Passat 1.8 Base 5p.,990.0,5.0,5.7,,162.0,Bianco,,Airbag anteriori e laterali,nan,Euro 6,Climatizzatore manuale,
10320,Giugno,2018,18026.0,112.0,Diesel,Cambio automatico,,Roma,Milano,PEUGEOT,308,308 1.6 Base 5p.,1608.0,5.0,6.6,,184.0,Grigio,,nan,nan,Euro 5,nan,
3026,Giugno,2012,139464.0,76.0,Diesel,Cambio automatico,,Roma,Roma,OPEL,Corsa,Corsa 1.3 Base 5p.,1127.0,7.0,4.3,,82.0,Bianco,,Airbag conducente,2 o 3 porte,Euro 4,nan,
3310,Giugno,2013,147986.0,96.0,Diesel,Cambio manuale,,Roma,Roma,RENAULT,Megane,Megane 1.3 Business 5p.,1460.0,4.0,3.1,,135.0,Grigio,,nan,2 o 3 porte,Euro 6,Climatizzatore manuale,
20151,Gennaio,2018,13426.0,153.0,Diesel,Cambio manuale,,Roma,Milano,MERCEDES-BENZ,Classe C,Classe C 1.3 Business 5p.,1756.0,4.0,7.1,,138.0,Bianco,,Airbag conducente,nan,Euro 5,Climatizzatore manuale,
8418,Marzo,2018,13565.0,105.0,Benzina,Cambio manuale,,Roma,Roma,FORD,Fiesta,Fiesta 1.3 Base 5p.,1338.0,7.0,5.6,,149.0,Bianco,,Airbag conducente,nan,Euro 4,Climatizzatore automatico,
2119,No Mese,2015,73695.0,52.0,Diesel,Cambio manuale,,Roma,Milano,FIAT,Tipo,Tipo 1.7 Sport 5p.,836.0,7.0,6.2,,83.0,Bianco,,Airbag anteriori e laterali,nan,nan,Climatizzatore manuale,
5895,No Mese,2015,48824.0,116.0,Benzina,Cambio automatico,,Roma,Milano,OPEL,Corsa,Corsa 1.7 Base 5p.,1609.0,5.0,4.4,,113.0,Bianco,,Airbag conducente,4 o 5 porte,nan,nan,
2868,Marzo,2012,61480.0,102.0,Diesel,Cambio manuale,,Roma,Torino,FIAT,500,500 1.8 Business 5p.,1419.0,5.0,6.0,,131.0,Grigio,,Airbag anteriori e laterali,2 o 3 porte,Euro 4,Climatizzatore automatico,
2184,Gennaio,2008,120551.0,70.0,Diesel,Cambio automatico,,Roma,Torino,FORD,Fiesta,Fiesta 1.6 Base 5p.,813.0,5.0,5.7,,135.0,Nero,,nan,nan,Euro 6,Climatizzatore manuale,
3146,Giugno,2005,204771.0,97.0,Diesel,Cambio automatico,,Roma,Milano,BMW,X1,X1 1.7 Business 5p.,1639.0,7.0,6.5,,99.0,Nero,,nan,nan,Euro 4,nan,
910,Giugno,2003,293481.0,120.0,Diesel,Cambio manuale,,Roma,Roma,RENAULT,Megane,Megane 1.5 Business 5p.,1525.0,7.0,5.5,,159.0,Nero,,nan,2 o 3 porte,Euro 5,nan,
1188,Gennaio,2007,248129.0,64.0,Benzina,Cambio manuale,,Roma,Milano,OPEL,Astra,Astra 1.4 Business 5p.,676.0,5.0,5.8,,137.0,Bianco,,nan,nan,Euro 4,nan,
5445,Giugno,2004,56249.0,169.0,Diesel,Cambio manuale,,Roma,Torino,BMW,Serie 1,Serie 1 1.4 Comfort 5p.,2612.0,7.0,7.0,,116.0,Nero,,Airbag conducente,4 o 5 porte,Euro 5,nan,
3045,Giugno,2010,168374.0,105.0,Benzina,Cambio manuale,,Roma,Milano,FIAT,500,500 1.2 Base 5p.,1517.0,7.0,6.4,,160.0,Grigio,,Airbag anteriori e laterali,nan,nan,Climatizzatore manuale,
5137,Marzo,2013,35807.0,137.0,Diesel,Cambio manuale,,Roma,Torino,RENAULT,Megane,Megane 1.4 Base 5p.,2008.0,5.0,4.1,,110.0,Bianco,,Airbag anteriori e laterali,2 o 3 porte,nan,nan,
6560,Gennaio,2015,35206.0,85.0,Diesel,Cambio automatico,,Roma,Milano,VOLKSWAGEN,Passat,Passat 1.7 Sport 5p.,1079.0,7.0,7.0,,127.0,Nero,,nan,nan,Euro 5,nan,
7027,No Mese,2012,115548.0,128.0,Diesel,Cambio automatico,,Roma,Milano,BMW,Serie 1,Serie 1 1.2 Sport 5p.,2117.0,5.0,3.9,,160.0,Nero,,Airbag conducente,2 o 3 porte,Euro 4,Climatizzatore automatico,
4619,Giugno,2014,61812.0,81.0,Diesel,Cambio manuale,,Roma,Roma,VOLKSWAGEN,Polo,Polo 1.8 Business 5p.,1097.0,4.0,5.8,,128.0,Grigio,,nan,nan,Euro 6,Climatizzatore automatico,
2668,Marzo,2009,175019.0,143.0,Benzina,Cambio manuale,,Roma,Torino,PEUGEOT,208,208 1.5 Business 5p.,2025.0,5.0,3.5,,124.0,Bianco,,Airbag anteriori e laterali,4 o 5 porte,Euro 4,Climatizzatore automatico,
6677,No Mese,2014,20669.0,123.0,Diesel,Cambio automatico,,Roma,Roma,VOLKSWAGEN,Polo,Polo 1.6 Base 5p.,1730.0,5.0,5.4,,85.0,Nero,,Airbag anteriori e laterali,nan,nan,Climatizzatore automatico,
1847,Giugno,2005,200811.0,88.0,Benzina,Cambio manuale,,Roma,Torino,PEUGEOT,208,208 1.2 Sport 5p.,1495.0,5.0,5.4,,145.0,Bianco,,Airbag anteriori e laterali,nan,Euro 5,Climatizzatore manuale,
3271,Giugno,2011,211859.0,105.0,Elettrico,Cambio automatico,,Roma,Torino,VOLKSWAGEN,Golf,Golf 1.3 Sport 5p.,1438.0,7.0,6.0,,138.0,Bianco,,Airbag conducente,2 o 3 porte,Euro 5,Climatizzatore automatico,
3672,No Mese,2014,28370.0,80.0,Diesel,Cambio manuale,,Roma,Milano,OPEL,Corsa,Corsa 1.7 Business 5p.,1047.0,7.0,5.5,,128.0,Bianco,,Airbag conducente,4 o 5 porte,Euro 6,Climatizzatore manuale,
13400,No Mese,2013,128916.0,152.0,Benzina,Cambio manuale,,Roma,Roma,BMW,Serie 3,Serie 3 1.4 Base 5p.,1880.0,5.0,8.9,,172.0,Bianco,,Airbag anteriori e laterali,4 o 5 porte,Euro 6,nan,
17584,Gennaio,2017,21094.0,135.0,Diesel,Cambio manuale,,Roma,Milano,BMW,X1,X1 1.7 Base 5p.,1898.0,5.0,4.4,,75.0,Grigio,,Airbag conducente,2 o 3 porte,Euro 6,Climatizzatore automatico,
3267,No Mese,2008,201918.0,103.0,Diesel,Cambio automatico,,Roma,Milano,DR,DR5,DR5 1.7 Business 5p.,1487.0,4.0,5.0,,187.0,Bianco,,Airbag anteriori e laterali,2 o 3 porte,Euro 4,Climatizzatore manuale,
1625,Marzo,2007,121337.0,86.0,Diesel,Cambio manuale,,Roma,Roma,OPEL,Astra,Astra 1.7 Sport 5p.,1190.0,7.0,6.1,,120.0,Nero,,Airbag anteriori e laterali,2 o 3 porte,Euro 6,Climatizzatore automatico,
6617,No Mese,2018,500.0,126.0,Benzina,Cambio manuale,,Roma,Roma,FIAT,Tipo,Tipo 1.4 Business 5p.,1970.0,7.0,4.6,,71.0,Bianco,,Airbag conducente,2 o 3 porte,Euro 5,Climatizzatore manuale,
1958,Marzo,2009,101424.0,75.0,Benzina,Cambio manuale,,Roma,Roma,RENAULT,Megane,Megane 1.8 Business 5p.,1076.0,7.0,7.3,,122.0,Grigio,,nan,2 o 3 porte,Euro 4,nan,
40836,No Mese,2017,47608.0,194.0,Diesel,Cambio manuale,,Roma,Roma,PORSCHE,Macan,Macan 1.8 Business 5p.,2530.0,7.0,5.4,,109.0,Bianco,,nan,nan,Euro 6,Climatizzatore automatico,
114989,Giugno,2012,67329.0,384.0,Diesel,Cambio automatico,,Roma,Roma,FERRARI,F430,F430 1.3 Base 5p.,4982.0,5.0,4.4,,100.0,Grigio,,nan,2 o 3 porte,Euro 5,Climatizzatore automatico,
4359,Marzo,2008,246515.0,136.0,Diesel,Cambio manuale,,Roma,Torino,AUDI,Q3,Q3 1.6 Sport 5p.,1653.0,5.0,4.8,,168.0,Nero,,nan,nan,Euro 4,Climatizzatore manuale,
4179,No Mese,2014,40604.0,68.0,Diesel,Cambio automatico,,Roma,Milano,FIAT,Tipo,Tipo 1.6 Comfort 5p.,1144.0,5.0,2.2,,98.0,Bianco,,Airbag anteriori e laterali,4 o 5 porte,nan,Climatizzatore manuale,
3126,Gennaio,2009,154983.0,133.0,Diesel,Cambio automatico,,Roma,Roma,VOLKSWAGEN,Polo,Polo 1.3 Comfort 5p.,1984.0,5.0,3.8,,50.0,Nero,,Airbag conducente,2 o 3 porte,nan,Climatizzatore automatico,
12243,Marzo,2016,57663.0,133.0,Benzina,Cambio manuale,,Roma,Milano,AUDI,Q3,Q3 1.8 Comfort 5p.,1767.0,5.0,6.2,,121.0,Nero,,Airbag anteriori e laterali,4 o 5 porte,nan,Climatizzatore manuale,
6181,Marzo,2007,21731.0,152.0,Benzina,Cambio manuale,,Roma,Roma,AUDI,A3,A3 1.4 Base 5p.,2170.0,5.0,6.6,,83.0,Grigio,,nan,nan,Euro 5,Climatizzatore automatico,
1560,Marzo,2010,131841.0,71.0,Metano,Cambio manuale,,Roma,Roma,FIAT,Panda,Panda 1.4 Comfort 5p.,1074.0,5.0,5.7,,139.0,Bianco,,nan,4 o 5 porte,Euro 5,nan,
2459,Marzo,2011,115890.0,93.0,Benzina,Cambio manuale,,Roma,Torino,OPEL,Corsa,Corsa 1.4 Base 5p.,1134.0,7.0,4.0,,118.0,Nero,,Airbag anteriori e laterali,4 o 5 porte,nan,nan,
2970,Marzo,2011,125319.0,102.0,Diesel,Cambio manuale,,Roma,Milano,RENAULT,Clio,Clio 1.7 Base 5p.,1456.0,5.0,4.3,,147.0,Grigio,,Airbag conducente,4 o 5 porte,Euro 6,Climatizzatore manuale,
10800,Marzo,2014,59265.0,94.0,Diesel,Cambio automatico,,Roma,Milano,BMW,X1,X1 1.2 Comfort 5p.,1071.0,5.0,5.3,,122.0,Bianco,,Airbag anteriori e laterali,4 o 5 porte,Euro 4,nan,
2440,Giugno,2009,117188.0,69.0,Diesel,Cambio automatico,,Roma,Milano,FORD,Focus,Focus 1.6 Base 5p.,957.0,5.0,3.8,,103.0,Grigio,,nan,2 o 3 porte,Euro 4,Climatizzatore automatico,
1704,Marzo,2009,168881.0,51.0,Diesel,Cambio manuale,,Roma,Milano,FORD,Focus,Focus 1.4 Business 5p.,715.0,5.0,2.5,,114.0,Bianco,,Airbag anteriori e laterali,4 o 5 porte,Euro 6,nan,
6064,No Mese,2018,10958.0,90.0,Diesel,Cambio manuale,,Roma,Milano,FIAT,Panda,Panda 1.7 Base 5p.,1158.0,5.0,4.7,,118.0,Bianco,,Airbag anteriori e laterali,2 o 3 porte,Euro 4,Climatizzatore automatico,
575,Giugno,2005,326185.0,45.0,Diesel,Cambio manuale,,Roma,Milano,FIAT,500,500 1.6 Comfort 5p.,565.0,5.0,7.5,,109.0,Grigio,,nan,2 o 3 porte,Euro 5,Climatizzatore manuale,
1102,Gennaio,2003,244559.0,82.0,Benzina,Cambio automatico,,Roma,Torino,FORD,Focus,Focus 1.5 Base 5p.,1008.0,5.0,4.3,,105.0,Nero,,Airbag conducente,nan,nan,Climatizzatore automatico,
12068,Giugno,2016,32452.0,103.0,Diesel,Cambio automatico,,Roma,Roma,MERCEDES-BENZ,Classe C,Classe C 1.4 Base 5p.,1439.0,5.0,4.6,,138.0,Nero,,Airbag anteriori e laterali,4 o 5 porte,Euro 6,Climatizzatore automatico,
784,Giugno,2003,249675.0,63.0,Diesel,Cambio manuale,,Roma,Roma,FORD,Focus,Focus 1.6 Sport 5p.,956.0,5.0,4.5,,120.0,Grigio,,Airbag conducente,nan,Euro 6,Climatizzatore manuale,
1112,Gennaio,2005,181497.0,48.0,Benzina,Cambio automatico,,Roma,Torino,PEUGEOT,308,308 1.4 Business 5p.,750.0,4.0,4.9,,116.0,Bianco,,Airbag anteriori e laterali,4 o 5 porte,Euro 6,nan,
6501,Marzo,2019,500.0,89.0,Diesel,Cambio manuale,,Roma,Milano,OPEL,Corsa,Corsa 1.8 Business 5p.,1205.0,4.0,4.4,,110.0,Grigio,,Airbag conducente,4 o 5 porte,Euro 6,Climatizzatore manuale,
7274,Marzo,2018,6109.0,137.0,Benzina,Cambio manuale,,Roma,Roma,FORD,Fiesta,Fiesta 1.4 Comfort 5p.,2165.0,5.0,4.3,,82.0,Bianco,,Airbag anteriori e laterali,4 o 5 porte,Euro 6,Climatizzatore automatico,
1109,Marzo,2009,126825.0,46.0,Diesel,Cambio automatico,,Roma,Roma,FIAT,500,500 1.3 Sport 5p.,758.0,4.0,6.8,,126.0,Bianco,,nan,2 o 3 porte,Euro 6,Climatizzatore automatico,
5763,Giugno,2011,168552.0,115.0,Benzina,Cambio manuale,,Roma,Milano,BMW,Serie 3,Serie 3 1.5 Comfort 5p.,1314.0,7.0,7.2,,79.0,Grigio,,Airbag conducente,4 o 5 porte,nan,Climatizzatore manuale,
2487,Giugno,2011,48386.0,62.0,Diesel,Cambio manuale,,Roma,Roma,OPEL,Astra,Astra 1.7 Business 5p.,895.0,4.0,6.8,,102.0,Nero,,Airbag conducente,4 o 5 porte,nan,Climatizzatore automatico,
11531,Gennaio,2015,60669.0,110.0,Diesel,Cambio manuale,,Roma,Milano,MERCEDES-BENZ,Classe A,Classe A 1.3 Comfort 5p.,1488.0,7.0,6.3,,163.0,Nero,,Airbag anteriori e laterali,2 o 3 porte,Euro 4,nan,
4469,Gennaio,2011,70798.0,105.0,Diesel,Cambio automatico,,Roma,Milano,VOLKSWAGEN,Golf,Golf 1.5 Comfort 5p.,1723.0,5.0,3.4,,112.0,Grigio,,nan,nan,Euro 4,Climatizzatore manuale,
3740,Gennaio,2018,24998.0,49.0,Diesel,Cambio automatico,,Roma,Torino,FIAT,Panda,Panda 1.4 Comfort 5p.,711.0,5.0,7.6,,106.0,Bianco,,Airbag anteriori e laterali,2 o 3 porte,Euro 4,nan,
2558,Gennaio,2016,27759.0,45.0,Benzina,Cambio manuale,,Roma,Torino,FIAT,Panda,Panda 1.8 Sport 5p.,527.0,5.0,5.3,,99.0,Nero,,Airbag conducente,nan,Euro 6,nan,
2320,Giugno,2009,153129.0,106.0,Diesel,Cambio manuale,,Roma,Torino,FIAT,Tipo,Tipo 1.3 Sport 5p.,1548.0,4.0,5.4,,111.0,Grigio,,Airbag anteriori e laterali,nan,Euro 4,Climatizzatore automatico,
1103,Gennaio,2006,204948.0,63.0,Diesel,Cambio manuale,,Roma,Roma,PEUGEOT,308,308 1.8 Business 5p.,989.0,5.0,5.4,,89.0,Grigio,,Airbag anteriori e laterali,2 o 3 porte,nan,Climatizzatore automatico,
1534,No Mese,2003,236356.0,103.0,Diesel,Cambio automatico,,Roma,Milano,OPEL,Corsa,Corsa 1.8 Sport 5p.,1485.0,4.0,6.6,,117.0,Nero,,Airbag conducente,2 o 3 porte,Euro 4,nan,
17227,No Mese,2019,500.0,124.0,Benzina,Cambio manuale,,Roma,Milano,BMW,Serie 3,Serie 3 1.6 Base 5p.,1645.0,5.0,2.8,,144.0,Nero,,Airbag conducente,nan,Euro 6,Climatizzatore manuale,
8213,No Mese,2004,213847.0,168.0,Benzina,Cambio manuale,,Roma,Milano,PORSCHE,Cayenne,Cayenne 1.4 Comfort 5p.,2292.0,7.0,6.1,,106.0,Bianco,,Airbag conducente,4 o 5 porte,Euro 6,Climatizzatore automatico,
7511,Gennaio,2018,16194.0,111.0,Diesel,Cambio manuale,,Roma,Milano,RENAULT,Megane,Megane 1.7 Comfort 5p.,,5.0,4.1,,115.0,Bianco,,Airbag anteriori e laterali,2 o 3 porte,Euro 5,Climatizzatore automatico,
2570,Marzo,2012,106222.0,54.0,Diesel,Cambio automatico,,Roma,Torino,VOLKSWAGEN,Polo,Polo 1.4 Sport 5p.,738.0,5.0,5.0,,121.0,Bianco,,nan,2 o 3 porte,Euro 6,Climatizzatore automatico,
7647,Gennaio,2016,35421.0,120.0,Diesel,Cambio manuale,,Roma,Roma,VOLKSWAGEN,Passat,Passat 1.8 Business 5p.,1599.0,5.0,5.6,,68.0,Bianco,,Airbag conducente,4 o 5 porte,nan,nan,
3918,Marzo,2013,44830.0,79.0,Diesel,Cambio manuale,,Roma,Milano,VOLKSWAGEN,Passat,Passat 1.7 Base 5p.,1194.0,5.0,6.9,,139.0,Bianco,,nan,nan,Euro 4,Climatizzatore automatico,
4702,Marzo,2019,500.0,49.0,Benzina,Cambio manuale,,Roma,Milano,RENAULT,Megane,Megane 1.3 Comfort 5p.,651.0,7.0,6.6,,123.0,Bianco,,nan,4 o 5 porte,nan,nan,
6486,No Mese,2013,109447.0,181.0,Diesel,Cambio manuale,,Roma,Milano,RENAULT,Megane,Megane 1.3 Business 5p.,2177.0,4.0,5.5,,114.0,Grigio,,Airbag conducente,nan,Euro 6,Climatizzatore automatico,
5834,Giugno,2015,79944.0,149.0,Diesel,Cambio manuale,,Roma,Milano,OPEL,Astra,Astra 1.7 Sport 5p.,1940.0,5.0,4.4,,130.0,Nero,,nan,4 o 5 porte,nan,Climatizzatore manuale,
10557,Giugno,2017,39171.0,151.0,Benzina,Cambio manuale,,Roma,Torino,VOLKSWAGEN,Golf,Golf 1.5 Base 5p.,1861.0,5.0,6000.0,,121.0,Nero,,Airbag anteriori e laterali,nan,Euro 4,Climatizzatore automatico,
4764,Giugno,2014,84536.0,142.0,Metano,Cambio automatico,,Roma,Torino,FORD,Focus,Focus 1.2 Base 5p.,1903.0,5.0,4.7,,115.0,Bianco,,nan,2 o 3 porte,nan,Climatizzatore automatico,
883,Gennaio,2003,155548.0,58.0,Benzina,Cambio manuale,,Roma,Roma,RENAULT,Megane,Megane 1.4 Base 5p.,789.0,5.0,5.4,,155.0,Bianco,,Airbag conducente,nan,nan,Climatizzatore manuale,
826,Gennaio,2006,194756.0,40.0,GPL,Cambio manuale,,Roma,Torino,PEUGEOT,208,208 1.5 Sport 5p.,551.0,4.0,4.5,,93.0,Nero,,Airbag conducente,2 o 3 porte,Euro 5,Climatizzatore manuale,
1155,Gennaio,2005,198397.0,84.0,Diesel,Cambio automatico,,Roma,Milano,FIAT,500,500 1.7 Business 5p.,1288.0,4.0,6.1,,138.0,Grigio,,Airbag anteriori e laterali,4 o 5 porte,Euro 4,Climatizzatore automatico,
4581,Gennaio,2014,23295.0,122.0,Benzina,Cambio manuale,,Roma,Torino,VOLKSWAGEN,Passat,Passat 1.7 Comfort 5p.,1689.0,4.0,5.7,,119.0,Nero,,nan,nan,Euro 4,Climatizzatore manuale,
1239,Giugno,2004,232694.0,72.0,Benzina,Cambio automatico,,Roma,Torino,VOLKSWAGEN,Golf,Golf 1.4 Business 5p.,941.0,4.0,5.7,,122.0,Grigio,,Airbag conducente,nan,Euro 5,Climatizzatore automatico,
5840,Marzo,2018,21272.0,97.0,Diesel,Cambio manuale,,Roma,Roma,RENAULT,Clio,Clio 1.7 Sport 5p.,1310.0,5.0,5.3,,143.0,Nero,,Airbag anteriori e laterali,2 o 3 porte,Euro 4,Climatizzatore automatico,
7014,No Mese,2017,23744.0,100.0,Diesel,Cambio manuale,,Roma,Milano,OPEL,Corsa,Corsa 1.7 Comfort 5p.,1357.0,4.0,3.9,,80.0,Nero,,Airbag conducente,nan,Euro 4,Climatizzatore automatico,
1642,No Mese,2003,224618.0,138.0,Benzina,Cambio manuale,,Roma,Milano,VOLKSWAGEN,Golf,Golf 1.6 Comfort 5p.,2059.0,7.0,7.6,,116.0,Bianco,,nan,4 o 5 porte,Euro 6,nan,
4693,No Mese,2011,169363.0,126.0,Diesel,Cambio automatico,,Roma,Milano,VOLKSWAGEN,Golf,Golf 1.4 Business 5p.,1712.0,5.0,4.5,,110.0,Nero,,Airbag conducente,2 o 3 porte,nan,Climatizzatore manuale,
8479,Gennaio,2019,500.0,88.0,Benzina,Cambio manuale,,Roma,Torino,VOLKSWAGEN,Passat,Passat 1.3 Business 5p.,1396.0,5.0,4.5,,108.0,Grigio,,Airbag anteriori e laterali,4 o 5 porte,Euro 5,nan,
4345,Marzo,2010,175711.0,106.0,Diesel,Cambio manuale,,Roma,Torino,AUDI,A4,A4 1.3 Base 5p.,1214.0,5.0,2.1,,115.0,Grigio,,nan,4 o 5 porte,Euro 5,nan,
16088,Marzo,2015,60809.0,173.0,Diesel,Cambio automatico,,Roma,Torino,AUDI,Q3,Q3 1.8 Base 5p.,2613.0,4.0,5.1,,134.0,Nero,,Airbag anteriori e laterali,nan,Euro 4,Climatizzatore automatico,
3795,No Mese,2007,180420.0,134.0,Benzina,Cambio automatico,,Roma,Roma,BMW,Serie 1,Serie 1 1.8 Sport 5p.,1704.0,5.0,7.0,,109.0,Grigio,,Airbag conducente,nan,Euro 5,nan,
11837,No Mese,2016,43364.0,149.0,Diesel,Cambio manuale,,Roma,Roma,MERCEDES-BENZ,Classe C,Classe C 1.8 Sport 5p.,2318.0,7.0,4.9,,129.0,Nero,,Airbag conducente,nan,Euro 5,Climatizzatore manuale,
549,Marzo,2004,186530.0,40.0,Elettrico,Cambio manuale,,Roma,Roma,RENAULT,Clio,Clio 1.2 Sport 5p.,646.0,5.0,5.7,,120.0,Grigio,,Airbag conducente,nan,Euro 4,Climatizzatore automatico,
531,Gennaio,2005,269475.0,40.0,Benzina,Cambio manuale,,Roma,Roma,FIAT,Panda,Panda 1.6 Business 5p.,590.0,7.0,4.1,,64.0,Nero,,Airbag anteriori e laterali,2 o 3 porte,Euro 6,Climatizzatore manuale,
10984,No Mese,2019,500.0,63.0,Metano,Cambio manuale,,Roma,Torino,BMW,Serie 1,Serie 1 1.3 Sport 5p.,994.0,5.0,5.1,,111.0,Grigio,,Airbag conducente,nan,nan,nan,
4774,Gennaio,2017,34659.0,112.0,Diesel,Cambio manuale,,Roma,Milano,FIAT,Tipo,Tipo 1.2 Comfort 5p.,1535.0,4.0,6.0,,87.0,Bianco,,nan,nan,Euro 4,Climatizzatore automatico,
3141,Giugno,2003,186336.0,105.0,Diesel,Cambio automatico,,Roma,Torino,BMW,Serie 3,Serie 3 1.2 Business 5p.,1477.0,5.0,4.1,,128.0,Bianco,,Airbag anteriori e laterali,2 o 3 porte,Euro 5,Climatizzatore manuale,
17657,Gennaio,2011,77242.0,168.0,Benzina,Cambio manuale,,Roma,Milano,PORSCHE,Macan,Macan 1.8 Comfort 5p.,2298.0,5.0,5.9,,156.0,Grigio,,Airbag anteriori e laterali,4 o 5 porte,Euro 4,Climatizzatore automatico,
3804,Giugno,2017,36567.0,59.0,GPL,Cambio manuale,,Roma,Torino,FIAT,500,500 1.7 Sport 5p.,997.0,4.0,6.9,,118.0,Bianco,,Airbag anteriori e laterali,nan,Euro 6,nan,
16063,Gennaio,2017,28851.0,115.0,Diesel,Cambio automatico,,Roma,Roma,BMW,Serie 3,Serie 3 1.3 Comfort 5p.,1493.0,5.0,3.9,,76.0,Grigio,,Airbag anteriori e laterali,nan,Euro 6,Climatizzatore automatico,
823,No Mese,2004,182053.0,64.0,Diesel,Cambio manuale,,Roma,Milano,RENAULT,Clio,Clio 1.4 Business 5p.,1063.0,7.0,6.9,,108.0,Bianco,,Airbag anteriori e laterali,4 o 5 porte,Euro 5,Climatizzatore manuale,
8806,Giugno,2017,14076.0,130.0,Diesel,Cambio automatico,,Roma,Roma,VOLKSWAGEN,Passat,Passat 1.7 Sport 5p.,1687.0,5.0,7.2,,94.0,Grigio,,Airbag anteriori e laterali,4 o 5 porte,Euro 4,Climatizzatore manuale,
3512,Gennaio,2009,84267.0,148.0,Diesel,Cambio manuale,,Roma,Roma,PEUGEOT,208,208 1.6 Business 5p.,2265.0,5.0,6.4,,123.0,Nero,,nan,4 o 5 porte,Euro 5,Climatizzatore automatico,
3302,No Mese,2013,53415.0,66.0,Diesel,Cambio manuale,,Roma,Milano,FORD,Fiesta,Fiesta 1.7 Comfort 5p.,774.0,5.0,5.8,,108.0,Nero,,nan,2 o 3 porte,nan,nan,
4500,No Mese,2008,142498.0,84.0,Diesel,Cambio automatico,,Roma,Milano,BMW,X1,X1 1.2 Comfort 5p.,1327.0,4.0,7.9,,149.0,Grigio,,nan,nan,Euro 6,Climatizzatore automatico,
2216,Giugno,2007,108135.0,66.0,Diesel,Cambio automatico,,Roma,Roma,VOLKSWAGEN,Passat,Passat 1.2 Base 5p.,1035.0,5.0,6.5,,154.0,Grigio,,Airbag anteriori e laterali,nan,Euro 5,nan,
20135,Marzo,2019,500.0,142.0,Diesel,Cambio manuale,,Roma,Torino,AUDI,A4,A4 1.4 Sport 5p.,1907.0,5.0,5.4,,125.0,Grigio,,Airbag conducente,4 o 5 porte,Euro 4,Climatizzatore automatico,
3768,Giugno,2011,77367.0,83.0,Diesel,Cambio manuale,,Roma,Torino,FORD,Fiesta,Fiesta 1.5 Base 5p.,1338.0,4.0,7.3,,131.0,Bianco,,Airbag anteriori e laterali,nan,Euro 6,Climatizzatore manuale,
3142,Gennaio,2014,52872.0,53.0,Diesel,Cambio manuale,,Roma,Milano,DR,DR5,DR5 1.7 Base 5p.,682.0,7.0,7.4,,73.0,Grigio,,Airbag anteriori e laterali,4 o 5 porte,Euro 4,Climatizzatore manuale,
4916,No Mese,2013,87462.0,117.0,Diesel,Cambio manuale,,Roma,Torino,PEUGEOT,208,208 1.6 Comfort 5p.,1514.0,7.0,5.6,,125.0,Bianco,,nan,2 o 3 porte,Euro 5,nan,
20307,Marzo,2019,500.0,40.0,Diesel,Cambio automatico,,Roma,Milano,PORSCHE,Macan,Macan 1.6 Base 5p.,503.0,7.0,4.5,,150.0,Nero,,nan,2 o 3 porte,nan,Climatizzatore automatico,
14102,Giugno,2015,56739.0,136.0,Metano,Cambio manuale,,Roma,Torino,MERCEDES-BENZ,Classe A,Classe A 1.6 Business 5p.,1548.0,7.0,6.3,,158.0,Nero,,Airbag conducente,4 o 5 porte,Euro 4,nan,
7453,Gennaio,2007,80671.0,157.0,Diesel,Cambio manuale,,Roma,Roma,AUDI,Q3,Q3 1.5 Base 5p.,2288.0,7.0,6.1,,108.0,Grigio,,Airbag anteriori e laterali,2 o 3 porte,Euro 4,Climatizzatore automatico,
1528,Giugno,2010,179794.0,58.0,Diesel,Cambio manuale,,Roma,Torino,OPEL,Astra,Astra 1.2 Business 5p.,837.0,5.0,6.8,,128.0,Bianco,,Airbag anteriori e laterali,nan,Euro 4,Climatizzatore manuale,
6342,Marzo,2016,74613.0,136.0,Benzina,Cambio manuale,,Roma,Roma,PEUGEOT,208,208 1.6 Sport 5p.,1990.0,5.0,6.4,,149.0,Grigio,,nan,4 o 5 porte,Euro 5,nan,
4073,Gennaio,2007,226672.0,125.0,Diesel,Cambio automatico,,Roma,Torino,BMW,Serie 1,Serie 1 1.8 Business 5p.,1703.0,5.0,5.5,,138.0,Nero,,Airbag anteriori e laterali,2 o 3 porte,Euro 4,nan,
2916,Gennaio,2010,74297.0,80.0,Diesel,Cambio manuale,,Roma,Torino,PEUGEOT,208,208 1.6 Comfort 5p.,1239.0,5.0,3.9,,92.0,Nero,,nan,2 o 3 porte,nan,Climatizzatore manuale,
2800,Marzo,2014,88114.0,73.0,Elettrico,Cambio manuale,,Roma,Roma,FIAT,500,500 1.4 Comfort 5p.,1091.0,7.0,5.7,,111.0,Grigio,,Airbag anteriori e laterali,nan,Euro 5,nan,
1162,Gennaio,2004,320287.0,80.0,Diesel,Cambio automatico,,Roma,Milano,VOLKSWAGEN,Polo,Polo 1.6 Sport 5p.,1142.0,5.0,5.1,,142.0,Bianco,,nan,nan,Euro 4,nan,
2468,Giugno,2008,500.0,73.0,Diesel,Cambio automatico,,Roma,Roma,FIAT,500,500 1.8 Comfort 5p.,909.0,4.0,4.5,,152.0,Grigio,,Airbag conducente,4 o 5 porte,Euro 6,nan,
2238,No Mese,2007,108895.0,78.0,Diesel,Cambio manuale,,Roma,Milano,FORD,Fiesta,Fiesta 1.6 Sport 5p.,957.0,5.0,6.4,,143.0,Bianco,,Airbag anteriori e laterali,nan,nan,nan,
1503,Marzo,2004,265969.0,45.0,Diesel,Cambio automatico,,Roma,Torino,MERCEDES-BENZ,Classe A,Classe A 1.3 Sport 5p.,730.0,5.0,5.0,,169.0,Grigio,,Airbag conducente,nan,Euro 6,Climatizzatore automatico,
2750,Gennaio,2008,111634.0,122.0,GPL,Cambio automatico,,Roma,Roma,FORD,Focus,Focus 1.2 Base 5p.,1520.0,5.0,5.4,,111.0,Nero,,Airbag conducente,nan,nan,nan,
2059,Giugno,2006,102196.0,105.0,Benzina,Cambio manuale,,Roma,Torino,PEUGEOT,308,308 1.3 Sport 5p.,1581.0,7.0,7.3,,90.0,Bianco,,nan,4 o 5 porte,Euro 4,Climatizzatore manuale,
915,Marzo,2004,283746.0,66.0,Diesel,Cambio manuale,,Roma,Torino,PEUGEOT,208,208 1.6 Base 5p.,799.0,5.0,4.1,,101.0,Bianco,,Airbag conducente,4 o 5 porte,Euro 5,Climatizzatore automatico,
4008,Marzo,2014,72574.0,114.0,Diesel,Cambio manuale,,Roma,Roma,RENAULT,Megane,Megane 1.7 Business 5p.,1589.0,5.0,5.2,,65.0,Nero,,Airbag anteriori e laterali,2 o 3 porte,nan,nan,
2946,No Mese,2009,139472.0,119.0,Diesel,Cambio automatico,,Roma,Roma,OPEL,Astra,Astra 1.5 Base 5p.,1852.0,4.0,3.9,,113.0,Nero,,Airbag anteriori e laterali,2 o 3 porte,Euro 6,Climatizzatore manuale,
52690,Gennaio,2019,500.0,194.0,Diesel,Cambio automatico,,Roma,Milano,PORSCHE,Macan,Macan 1.8 Comfort 5p.,2396.0,5.0,8.3,,83.0,Bianco,,Airbag anteriori e laterali,4 o 5 porte,Euro 4,nan,
1349,Giugno,2004,225703.0,90.0,Diesel,Cambio manuale,,Roma,Roma,VOLKSWAGEN,Golf,Golf 1.4 Sport 5p.,1161.0,5.0,8.0,,105.0,Bianco,,Airbag conducente,nan,Euro 6,Climatizzatore manuale,
1977,No Mese,2013,136743.0,46.0,Diesel,Cambio manuale,,Roma,Roma,OPEL,Corsa,Corsa 1.8 Business 5p.,630.0,5.0,4.7,,149.0,Bianco,,nan,2 o 3 porte,nan,Climatizzatore manuale,
9187,Marzo,2010,129568.0,94.0,Diesel,Cambio manuale,,Roma,Milano,PORSCHE,Cayenne,Cayenne 1.3 Sport 5p.,1429.0,5.0,5.0,,102.0,Grigio,,nan,2 o 3 porte,Euro 6,Climatizzatore manuale,
5501,Gennaio,2017,21960.0,90.0,Benzina,Cambio automatico,,Roma,Milano,RENAULT,Megane,Megane 1.6 Business 5p.,1017.0,5.0,6.1,,142.0,Grigio,,nan,2 o 3 porte,Euro 4,Climatizzatore manuale,
4451,Gennaio,2008,102545.0,80.0,Metano,Cambio manuale,,Roma,Roma,AUDI,A4,A4 1.6 Comfort 5p.,1015.0,5.0,5.9,,144.0,Bianco,,nan,4 o 5 porte,Euro 5,Climatizzatore automatico,
1566,Gennaio,2007,101786.0,80.0,Diesel,Cambio automatico,,Roma,Torino,RENAULT,Megane,Megane 1.7 Base 5p.,1354.0,5.0,3.7,,135.0,Grigio,,Airbag conducente,4 o 5 porte,nan,nan,
2104,Gennaio,2006,275576.0,137.0,Diesel,Cambio automatico,,Roma,Roma,VOLKSWAGEN,Golf,Golf 1.8 Business 5p.,2060.0,4.0,5.6,,162.0,Grigio,,Airbag conducente,2 o 3 porte,nan,Climatizzatore manuale,
2124,Giugno,2003,230912.0,76.0,Diesel,Cambio automatico,,Roma,Roma,MERCEDES-BENZ,Classe C,Classe C 1.3 Business 5p.,993.0,5.0,6.3,,97.0,Grigio,,Airbag anteriori e laterali,2 o 3 porte,nan,Climatizzatore automatico,
1605,No Mese,2008,188808.0,84.0,Diesel,Cambio manuale,,Roma,Roma,FIAT,Panda,Panda 1.4 Comfort 5p.,961.0,7.0,6.5,,107.0,Nero,,nan,2 o 3 porte,Euro 5,Climatizzatore manuale,
1269,Giugno,2004,232643.0,92.0,GPL,Cambio automatico,,Roma,Milano,PEUGEOT,308,308 1.7 Business 5p.,1208.0,5.0,7.2,,159.0,Nero,,nan,nan,nan,Climatizzatore manuale,
934,Marzo,2005,236666.0,81.0,Diesel,Cambio manuale,,Roma,Roma,FIAT,500,500 1.7 Sport 5p.,1155.0,5.0,4.6,,142.0,Nero,,nan,2 o 3 porte,Euro 4,Climatizzatore automatico,
2101,Giugno,2008,58038.0,67.0,Diesel,Cambio automatico,,Roma,Roma,FORD,Focus,Focus 1.2 Comfort 5p.,853.0,4.0,5.9,,139.0,Bianco,,nan,4 o 5 porte,Euro 4,Climatizzatore manuale,
5637,Giugno,2009,227300.0,150.0,GPL,Cambio automatico,,Roma,Roma,MERCEDES-BENZ,Classe A,Classe A 1.5 Comfort 5p.,2124.0,5.0,6.1,,103.0,Bianco,,Airbag anteriori e laterali,4 o 5 porte,Euro 4,Climatizzatore automatico,
1745,Marzo,2009,161230.0,78.0,Diesel,Cambio manuale,,Roma,Milano,FIAT,Panda,Panda 1.7 Base 5p.,1005.0,4.0,6.8,,145.0,Bianco,,Airbag conducente,2 o 3 porte,nan,Climatizzatore manuale,
608,Gennaio,2006,306667.0,40.0,Benzina,Cambio manuale,,Roma,Milano,RENAULT,Megane,Megane 1.5 Sport 5p.,483.0,5.0,6.7,,139.0,Bianco,,Airbag anteriori e laterali,4 o 5 porte,Euro 5,nan,
3329,Giugno,2008,184513.0,95.0,Diesel,Cambio manuale,,Roma,Milano,AUDI,Q3,Q3 1.4 Comfort 5p.,1216.0,7.0,7.8,,111.0,Bianco,,Airbag anteriori e laterali,2 o 3 porte,Euro 4,Climatizzatore automatico,
11088,No Mese,2016,17420.0,84.0,Diesel,Cambio manuale,,Roma,Milano,MERCEDES-BENZ,Classe C,Classe C 1.7 Business 5p.,1152.0,4.0,6.6,,129.0,Bianco,,Airbag anteriori e laterali,2 o 3 porte,Euro 4,Climatizzatore automatico,
3446,Giugno,2013,76718.0,81.0,Diesel,Cambio automatico,,Roma,Roma,FIAT,Panda,Panda 1.7 Sport 5p.,1088.0,5.0,5.0,,92.0,Grigio,,Airbag anteriori e laterali,2 o 3 porte,Euro 4,nan,
3419,Giugno,2015,36240.0,41.0,Benzina,Cambio automatico,,Roma,Torino,FORD,Focus,Focus 1.6 Business 5p.,586.0,5.0,2.3,,101.0,Nero,,nan,2 o 3 porte,nan,Climatizzatore automatico,
1920,Giugno,2009,120538.0,81.0,Diesel,Cambio manuale,,Roma,Roma,FIAT,Panda,Panda 1.3 Business 5p.,1191.0,5.0,4.2,,101.0,Grigio,,nan,2 o 3 porte,Euro 5,Climatizzatore manuale,
3199,Marzo,2011,148526.0,104.0,Benzina,Cambio automatico,,Roma,Torino,OPEL,Corsa,Corsa 1.2 Comfort 5p.,1520.0,5.0,6.1,,170.0,Grigio,,Airbag anteriori e laterali,4 o 5 porte,Euro 4,Climatizzatore automatico,
2500,Giugno,2012,106297.0,49.0,Diesel,Cambio manuale,,Roma,Roma,VOLKSWAGEN,Golf,Golf 1.4 Base 5p.,673.0,5.0,7.0,,151.0,Bianco,,Airbag conducente,2 o 3 porte,Euro 5,Climatizzatore automatico,
5410,Gennaio,2017,19878.0,77.0,Diesel,Cambio automatico,,Roma,Roma,RENAULT,Clio,Clio 1.8 Sport 5p.,986.0,5.0,3.6,,122.0,Nero,,nan,4 o 5 porte,Euro 6,Climatizzatore manuale,
1495,No Mese,2006,86708.0,83.0,Diesel,Cambio manuale,,Roma,Milano,FIAT,Panda,Panda 1.8 Business 5p.,1132.0,5.0,6.9,,128.0,Nero,,Airbag conducente,2 o 3 porte,Euro 6,nan,
2234,Giugno,2014,88567.0,65.0,Diesel,Cambio manuale,,Roma,Roma,OPEL,Astra,Astra 1.6 Comfort 5p.,775.0,4.0,5.0,,132.0,Bianco,,Airbag anteriori e laterali,2 o 3 porte,Euro 6,Climatizzatore automatico,
1757,Giugno,2004,241766.0,140.0,Benzina,Cambio manuale,,Roma,Roma,VOLKSWAGEN,Golf,Golf 1.2 Base 5p.,1491.0,5.0,4.2,,80.0,Grigio,,nan,nan,Euro 4,Climatizzatore automatico,
3942,Giugno,2008,236089.0,132.0,Diesel,Cambio manuale,,Roma,Roma,VOLKSWAGEN,Passat,Passat 1.6 Sport 5p.,1699.0,5.0,7.4,,115.0,Nero,,Airbag conducente,4 o 5 porte,Euro 5,Climatizzatore manuale,
908,Giugno,2004,277535.0,97.0,Benzina,Cambio manuale,,Roma,Milano,FIAT,Tipo,Tipo 1.7 Business 5p.,1309.0,7.0,4.2,,82.0,Nero,,Airbag anteriori e laterali,nan,Euro 5,Climatizzatore automatico,
4326,Gennaio,2017,25750.0,57.0,Diesel,Cambio manuale,,Roma,Roma,FORD,Focus,Focus 1.3 Business 5p.,860.0,5.0,5.1,,146.0,Nero,,Airbag anteriori e laterali,nan,nan,Climatizzatore manuale,
3514,Giugno,2014,47784.0,68.0,Benzina,Cambio automatico,,Roma,Roma,RENAULT,Clio,Clio 1.6 Base 5p.,902.0,4.0,5.2,,128.0,Grigio,,nan,4 o 5 porte,Euro 6,Climatizzatore manuale,
8477,Giugno,2018,17540.0,95.0,Diesel,Cambio automatico,,Roma,Torino,OPEL,Astra,Astra 1.8 Business 5p.,1409.0,5.0,5.0,,95.0,Grigio,,Airbag anteriori e laterali,2 o 3 porte,Euro 4,Climatizzatore automatico,
2301,No Mese,2010,132558.0,71.0,Benzina,Cambio manuale,,Roma,Torino,FIAT,Panda,Panda 1.5 Business 5p.,1055.0,4.0,6.6,,86.0,Nero,,Airbag anteriori e laterali,2 o 3 porte,Euro 5,nan,
818,Giugno,2004,276289.0,73.0,Diesel,Cambio automatico,,Roma,Roma,RENAULT,Megane,Megane 1.5 Business 5p.,1112.0,5.0,5.9,,111.0,Nero,,nan,2 o 3 porte,Euro 5,nan,
6226,Marzo,2016,61459.0,115.0,Diesel,Cambio manuale,,Roma,Torino,FORD,Fiesta,Fiesta 1.5 Sport 5p.,1606.0,5.0,5.9,,132.0,Nero,,Airbag conducente,2 o 3 porte,Euro 4,Climatizzatore automatico,
14315,Giugno,2009,120741.0,156.0,Metano,Cambio automatico,,Roma,Roma,PORSCHE,Cayenne,Cayenne 1.4 Comfort 5p.,2184.0,5.0,4.8,,147.0,Nero,,nan,4 o 5 porte,Euro 4,Climatizzatore automatico,
1450,Gennaio,2007,165263.0,46.0,Elettrico,Cambio automatico,,Roma,Milano,VOLKSWAGEN,Polo,Polo 1.7 Business 5p.,612.0,5.0,4.6,,96.0,Grigio,,Airbag anteriori e laterali,2 o 3 porte,Euro 6,Climatizzatore manuale,
4814,No Mese,2017,23276.0,85.0,Benzina,Cambio manuale,,Roma,Torino,RENAULT,Clio,Clio 1.3 Sport 5p.,1213.0,5.0,5.3,,170.0,Bianco,,nan,4 o 5 porte,Euro 4,Climatizzatore automatico,
2300,Marzo,2007,186272.0,97.0,Benzina,Cambio manuale,,Roma,Torino,VOLKSWAGEN,Passat,Passat 1.6 Comfort 5p.,1659.0,5.0,3.9,,125.0,Bianco,,Airbag anteriori e laterali,nan,Euro 5,Climatizzatore manuale,
1616,No Mese,2009,129240.0,81.0,Diesel,Cambio manuale,,Roma,Roma,FIAT,Tipo,Tipo 1.4 Sport 5p.,1125.0,5.0,6.2,,113.0,Bianco,,nan,4 o 5 porte,Euro 4,Climatizzatore manuale,
1284,Marzo,2006,307361.0,92.0,Elettrico,Cambio manuale,,Roma,Roma,FORD,Focus,Focus 1.8 Sport 5p.,1093.0,5.0,4.0,,146.0,Bianco,,Airbag anteriori e laterali,2 o 3 porte,nan,nan,
2687,Gennaio,2005,68154.0,65.0,Diesel,Cambio manuale,,Roma,Milano,AUDI,A4,A4 1.8 Business 5p.,1086.0,4.0,5.1,,163.0,Bianco,,nan,nan,Euro 6,nan,
7202,Giugno,2012,126425.0,129.0,Diesel,Cambio manuale,,Roma,Milano,BMW,X1,X1 1.8 Comfort 5p.,1657.0,5.0,6.6,,120.0,Grigio,,Airbag anteriori e laterali,nan,Euro 6,nan,
10207,No Mese,2014,129250.0,131.0,Benzina,Cambio automatico,,Roma,Roma,AUDI,Q3,Q3 1.2 Comfort 5p.,1951.0,5.0,3.7,,134.0,Nero,,Airbag anteriori e laterali,nan,Euro 4,Climatizzatore automatico,
2028,Marzo,2003,214308.0,92.0,Benzina,Cambio manuale,,Roma,Milano,BMW,X1,X1 1.7 Business 5p.,1120.0,5.0,6.3,,176.0,Nero,,nan,4 o 5 porte,Euro 5,nan,
3218,Gennaio,2014,49741.0,55.0,Elettrico,Cambio manuale,,Roma,Roma,FORD,Fiesta,Fiesta 1.3 Sport 5p.,773.0,5.0,6.4,,113.0,Grigio,,Airbag anteriori e laterali,4 o 5 porte,nan,Climatizzatore automatico,
844,No Mese,2003,307208.0,62.0,Diesel,Cambio automatico,,Roma,Torino,FORD,Focus,Focus 1.6 Comfort 5p.,729.0,4.0,5.8,,187.0,Nero,,nan,nan,Euro 4,nan,
1017,Gennaio,2004,175318.0,78.0,Benzina,Cambio automatico,,Roma,Torino,FIAT,500,500 1.6 Business 5p.,1193.0,4.0,6.6,,136.0,Bianco,,Airbag anteriori e laterali,nan,Euro 6,Climatizzatore manuale,
3000,No Mese,2010,120069.0,105.0,Diesel,Cambio manuale,,Roma,Roma,VOLKSWAGEN,Passat,Passat 1.2 Comfort 5p.,1544.0,7.0,5.7,,113.0,Grigio,,Airbag anteriori e laterali,2 o 3 porte,nan,Climatizzatore manuale,
4200,No Mese,2019,500.0,61.0,Benzina,Cambio manuale,,Roma,Torino,FIAT,500,500 1.4 Comfort 5p.,674.0,5.0,4.8,,117.0,Nero,,Airbag anteriori e laterali,2 o 3 porte,Euro 5,Climatizzatore manuale,
1854,No Mese,2006,178277.0,102.0,Benzina,Cambio automatico,,Roma,Milano,FORD,Focus,Focus 1.2 Business 5p.,1156.0,5.0,5.1,,132.0,Grigio,,Airbag anteriori e laterali,2 o 3 porte,Euro 5,Climatizzatore manuale,
1751,Gennaio,2004,191631.0,103.0,GPL,Cambio automatico,,Roma,Milano,VOLKSWAGEN,Polo,Polo 1.3 Business 5p.,1187.0,4.0,6.1,,124.0,Grigio,,Airbag conducente,2 o 3 porte,Euro 4,Climatizzatore manuale,
11259,Gennaio,2016,47765.0,92.0,Benzina,Cambio manuale,,Roma,Roma,BMW,X1,X1 1.6 Base 5p.,1084.0,7.0,5.6,,115.0,Grigio,,Airbag conducente,2 o 3 porte,Euro 6,Climatizzatore automatico,
1552,Marzo,2007,160336.0,80.0,Benzina,Cambio manuale,,Roma,Torino,RENAULT,Megane,Megane 1.8 Base 5p.,932.0,7.0,6.1,,118.0,Grigio,,Airbag conducente,4 o 5 porte,Euro 4,Climatizzatore manuale,
1625,Giugno,2008,150545.0,70.0,Benzina,Cambio automatico,,Roma,Roma,FIAT,Panda,Panda 1.3 Sport 5p.,963.0,4.0,5.6,,122.0,Nero,,Airbag anteriori e laterali,2 o 3 porte,Euro 4,Climatizzatore automatico,
5601,No Mese,2017,32423.0,63.0,Diesel,Cambio manuale,,Roma,Milano,FORD,Fiesta,Fiesta 1.2 Base 5p.,836.0,7.0,6.3,,123.0,Nero,,Airbag conducente,4 o 5 porte,nan,Climatizzatore automatico,
7068,Gennaio,2016,54374.0,112.0,Diesel,Cambio automatico,,Roma,Roma,FORD,Fiesta,Fiesta 1.2 Comfort 5p.,1546.0,5.0,5.8,,96.0,Nero,,nan,2 o 3 porte,Euro 4,Climatizzatore manuale,
7398,No Mese,2018,18582.0,97.0,Diesel,Cambio automatico,,Roma,Milano,FORD,Focus,Focus 1.7 Comfort 5p.,1480.0,5.0,7.9,,127.0,Grigio,,Airbag anteriori e laterali,nan,Euro 6,Climatizzatore automatico,
2301,Giugno,2012,186435.0,60.0,Diesel,Cambio manuale,,Roma,Roma,OPEL,Corsa,Corsa 1.2 Sport 5p.,690.0,7.0,5.2,,131.0,Grigio,,Airbag conducente,nan,Euro 5,nan,
11506,Giugno,2015,36853.0,146.0,Diesel,Cambio automatico,,Roma,Roma,BMW,Serie 3,Serie 3 1.7 Business 5p.,1509.0,5.0,5.3,,135.0,Grigio,,nan,nan,Euro 6,Climatizzatore automatico,
1012,Giugno,2005,124407.0,58.0,Diesel,Cambio automatico,,Roma,Torino,FIAT,Tipo,Tipo 1.2 Business 5p.,868.0,5.0,4.3,,120.0,Nero,,Airbag anteriori e laterali,4 o 5 porte,Euro 6,Climatizzatore manuale,
17587,Marzo,2009,140097.0,189.0,Diesel,Cambio automatico,,Roma,Milano,PORSCHE,Macan,Macan 1.5 Comfort 5p.,3013.0,5.0,2.8,,128.0,Bianco,,Airbag anteriori e laterali,2 o 3 porte,nan,Climatizzatore manuale,
1887,Giugno,2009,179778.0,64.0,Diesel,Cambio manuale,,Roma,Roma,VOLKSWAGEN,Golf,Golf 1.6 Business 5p.,686.0,5.0,7.2,,123.0,Nero,,Airbag conducente,4 o 5 porte,Euro 6,Climatizzatore manuale,
3529,Gennaio,2014,102108.0,92.0,Diesel,Cambio manuale,,Roma,Milano,RENAULT,Clio,Clio 1.7 Business 5p.,1197.0,5.0,7.9,,76.0,Bianco,,nan,nan,Euro 5,Climatizzatore manuale,
1529,Giugno,2004,201618.0,93.0,Benzina,Cambio automatico,,Roma,Roma,PEUGEOT,308,308 1.7 Comfort 5p.,1193.0,5.0,5.5,,110.0,Bianco,,Airbag conducente,nan,Euro 5,Climatizzatore manuale,
16556,Marzo,2016,45315.0,163.0,Diesel,Cambio manuale,,Roma,Milano,MERCEDES-BENZ,Classe A,Classe A 1.3 Base 5p.,2278.0,4.0,1.6,,116.0,Nero,,Airbag conducente,nan,Euro 5,nan,
1560,Marzo,2009,175491.0,66.0,Diesel,Cambio manuale,,Roma,Milano,FIAT,Panda,Panda 1.2 Comfort 5p.,815.0,5.0,5.4,,123.0,Bianco,,nan,4 o 5 porte,nan,Climatizzatore manuale,
4824,Giugno,2015,75893.0,101.0,Benzina,Cambio manuale,,Roma,Torino,OPEL,Astra,Astra 1.5 Comfort 5p.,1298.0,5.0,7.0,,120.0,Bianco,,Airbag conducente,nan,nan,nan,
3923,Giugno,2007,110619.0,133.0,Benzina,Cambio automatico,,Roma,Roma,BMW,X1,X1 1.6 Sport 5p.,1830.0,5.0,4.9,,126.0,Grigio,,Airbag anteriori e laterali,4 o 5 porte,Euro 4,Climatizzatore manuale,
2734,Marzo,2012,176274.0,81.0,Benzina,Cambio manuale,,Roma,Milano,VOLKSWAGEN,Passat,Passat 1.2 Base 5p.,1143.0,4.0,5.8,,60.0,Nero,,Airbag anteriori e laterali,nan,nan,Climatizzatore manuale,
933,No Mese,2003,394440.0,128.0,Benzina,Cambio automatico,,Roma,Torino,FORD,Focus,Focus 1.2 Business 5p.,1523.0,5.0,7.3,,124.0,Nero,,Airbag anteriori e laterali,nan,Euro 6,Climatizzatore automatico,
2907,No Mese,2010,172218.0,125.0,Diesel,Cambio automatico,,Roma,Milano,RENAULT,Clio,Clio 1.6 Sport 5p.,1802.0,5.0,5.9,,103.0,Bianco,,Airbag anteriori e laterali,4 o 5 porte,nan,Climatizzatore automatico,
4604,Gennaio,2009,169332.0,106.0,Diesel,Cambio manuale,,Roma,Milano,MERCEDES-BENZ,Classe C,Classe C 1.4 Business 5p.,1589.0,5.0,3.7,,115.0,Bianco,,nan,4 o 5 porte,Euro 6,Climatizzatore automatico,
9573,Marzo,2016,59930.0,85.0,Diesel,Cambio manuale,,Roma,Roma,AUDI,A4,A4 1.7 Business 5p.,1228.0,5.0,4.6,,190.0,Bianco,,Airbag anteriori e laterali,2 o 3 porte,Euro 5,Climatizzatore automatico,
10797,Giugno,2015,70140.0,131.0,Benzina,Cambio manuale,,Roma,Milano,MERCEDES-BENZ,Classe A,Classe A 1.7 Comfort 5p.,1640.0,5.0,4.3,,106.0,Grigio,,nan,2 o 3 porte,nan,Climatizzatore automatico,
5809,No Mese,2010,169858.0,128.0,Benzina,Cambio manuale,,Roma,Roma,BMW,X1,X1 1.6 Sport 5p.,1829.0,5.0,5.1,,93.0,Bianco,,nan,4 o 5 porte,nan,nan,
1842,Marzo,2006,85121.0,77.0,Benzina,Cambio manuale,,Roma,Milano,FORD,Focus,Focus 1.6 Comfort 5p.,1124.0,4.0,5.6,,118.0,Nero,,Airbag anteriori e laterali,2 o 3 porte,Euro 4,nan,
1091,Marzo,2008,274363.0,40.0,Diesel,Cambio automatico,,Roma,Milano,DR,DR5,DR5 1.5 Business 5p.,550.0,5.0,6.7,,107.0,Grigio,,nan,nan,Euro 5,Climatizzatore automatico,
1253,Gennaio,2005,230594.0,93.0,Benzina,Cambio automatico,,Roma,Roma,RENAULT,Clio,Clio 1.2 Base 5p.,1347.0,4.0,7.5,,153.0,Bianco,,Airbag conducente,2 o 3 porte,Euro 4,nan,
6420,Giugno,2019,500.0,72.0,Diesel,Cambio manuale,,Roma,Torino,FORD,Fiesta,Fiesta 1.7 Comfort 5p.,1100.0,7.0,3.3,,124.0,Nero,,Airbag conducente,2 o 3 porte,Euro 5,Climatizzatore automatico,
1740,Giugno,2005,156098.0,97.0,Diesel,Cambio manuale,,Roma,Torino,FORD,Focus,Focus 1.4 Base 5p.,1505.0,4.0,6.5,,50.0,Bianco,,Airbag anteriori e laterali,4 o 5 porte,Euro 5,Climatizzatore automatico,
1857,No Mese,2010,193353.0,78.0,Benzina,Cambio automatico,,Roma,Torino,FIAT,Tipo,Tipo 1.8 Business 5p.,1172.0,5.0,3.3,,160.0,Bianco,,Airbag anteriori e laterali,4 o 5 porte,Euro 6,Climatizzatore manuale,
1352,Giugno,2008,239951.0,76.0,Diesel,Cambio manuale,,Roma,Milano,RENAULT,Megane,Megane 1.3 Business 5p.,988.0,5.0,5.6,,141.0,Grigio,,Airbag conducente,2 o 3 porte,Euro 6,Climatizzatore automatico,
79288,Gennaio,2011,102724.0,301.0,Benzina,Cambio manuale,,Roma,Milano,FERRARI,F430,F430 1.2 Base 5p.,2965.0,7.0,4.5,,128.0,Nero,,Airbag conducente,2 o 3 porte,Euro 5,Climatizzatore automatico,
3824,No Mese,2013,92271.0,80.0,Diesel,Cambio automatico,,Roma,Torino,PEUGEOT,308,308 1.5 Sport 5p.,1222.0,4.0,5.2,,124.0,Grigio,,Airbag conducente,2 o 3 porte,Euro 4,nan,
7946,Marzo,2018,18484.0,133.0,Diesel,Cambio manuale,,Roma,Roma,RENAULT,Megane,Megane 1.6 Comfort 5p.,1913.0,7.0,6.8,,98.0,Bianco,,nan,2 o 3 porte,nan,Climatizzatore manuale,
3541,No Mese,2010,140695.0,118.0,Diesel,Cambio automatico,,Roma,Roma,VOLKSWAGEN,Golf,Golf 1.2 Business 5p.,1582.0,5.0,5.7,,134.0,Bianco,,nan,nan,Euro 5,Climatizzatore automatico,
998,No Mese,2003,272289.0,87.0,Metano,Cambio manuale,,Roma,Torino,FORD,Focus,Focus 1.3 Sport 5p.,1097.0,5.0,6.9,,127.0,Grigio,,Airbag conducente,4 o 5 porte,Euro 5,Climatizzatore automatico,
3778,No Mese,2008,155545.0,84.0,Diesel,Cambio manuale,,Roma,Milano,BMW,Serie 3,Serie 3 1.3 Business 5p.,1207.0,5.0,5.5,,97.0,Grigio,,Airbag anteriori e laterali,nan,Euro 6,Climatizzatore manuale,
9297,Giugno,2019,500.0,107.0,Benzina,Cambio automatico,,Roma,Torino,FIAT,500,500 1.6 Comfort 5p.,1321.0,5.0,6.2,,81.0,Bianco,,nan,2 o 3 porte,Euro 5,Climatizzatore manuale,
2001,Gennaio,2008,75284.0,79.0,Benzina,Cambio manuale,,Roma,Torino,FORD,Fiesta,Fiesta 1.8 Business 5p.,1017.0,5.0,5.7,,112.0,Grigio,,Airbag conducente,nan,Euro 5,nan,
1700,Marzo,2010,168387.0,70.0,Elettrico,Cambio automatico,,Roma,Roma,FIAT,500,500 1.5 Sport 5p.,1015.0,4.0,6.8,,158.0,Nero,,nan,2 o 3 porte,Euro 4,Climatizzatore automatico,
7091,Marzo,2012,114206.0,118.0,Diesel,Cambio manuale,,Roma,Milano,AUDI,Q3,Q3 1.7 Sport 5p.,1758.0,7.0,3.8,,129.0,Bianco,,nan,nan,nan,nan,
2548,Gennaio,2012,64898.0,40.0,Diesel,Cambio manuale,,Roma,Roma,OPEL,Astra,Astra 1.3 Base 5p.,628.0,5.0,5.7,,113.0,Nero,,nan,2 o 3 porte,Euro 5,Climatizzatore automatico,
7797,Marzo,2012,64536.0,135.0,Diesel,Cambio manuale,,Roma,Roma,AUDI,Q3,Q3 1.4 Comfort 5p.,1899.0,5.0,5.1,,108.0,Nero,,Airbag anteriori e laterali,2 o 3 porte,nan,Climatizzatore automatico,
7223,No Mese,2003,250898.0,192.0,Benzina,Cambio manuale,,Roma,Torino,PORSCHE,Cayenne,Cayenne 1.4 Business 5p.,2837.0,5.0,6.9,,115.0,Grigio,,Airbag anteriori e laterali,2 o 3 porte,Euro 5,Climatizzatore automatico,
9061,No Mese,2012,95368.0,159.0,Diesel,Cambio manuale,,Roma,Roma,MERCEDES-BENZ,Classe C,Classe C 1.3 Base 5p.,1989.0,5.0,5.1,,128.0,Grigio,,Airbag conducente,nan,nan,Climatizzatore manuale,
1578,Marzo,2007,187457.0,93.0,Benzina,Cambio automatico,,Roma,Milano,FORD,Focus,Focus 1.4 Comfort 5p.,1421.0,7.0,3.2,,142.0,Nero,,Airbag anteriori e laterali,4 o 5 porte,Euro 4,nan,
2430,No Mese,2014,94149.0,54.0,GPL,Cambio manuale,,Roma,Roma,OPEL,Astra,Astra 1.4 Business 5p.,762.0,5.0,5.3,,143.0,Bianco,,Airbag conducente,2 o 3 porte,nan,Climatizzatore automatico,
2091,Gennaio,2005,200397.0,93.0,Diesel,Cambio automatico,,Roma,Torino,VOLKSWAGEN,Golf,Golf 1.5 Comfort 5p.,1232.0,5.0,5.3,,164.0,Bianco,,Airbag anteriori e laterali,4 o 5 porte,Euro 4,Climatizzatore automatico,
1116,Giugno,2011,87584.0,40.0,Diesel,Cambio manuale,,Roma,Torino,FIAT,Panda,Panda 1.7 Base 5p.,537.0,5.0,6.9,,120.0,Nero,,nan,4 o 5 porte,Euro 6,Climatizzatore automatico,
4157,No Mese,2007,234407.0,137.0,GPL,Cambio automatico,,Roma,Roma,AUDI,A3,A3 1.5 Comfort 5p.,1972.0,5.0,5.7,,132.0,Bianco,,Airbag conducente,nan,nan,Climatizzatore automatico,
2412,Gennaio,2009,167414.0,128.0,Benzina,Cambio manuale,,Roma,Torino,OPEL,Corsa,Corsa 1.4 Business 5p.,1549.0,5.0,5.1,,108.0,Grigio,,Airbag anteriori e laterali,2 o 3 porte,Euro 4,nan,
1571,Marzo,2008,213097.0,61.0,Diesel,Cambio manuale,,Roma,Roma,FORD,Focus,Focus 1.4 Base 5p.,878.0,5.0,5.9,,104.0,Grigio,,nan,nan,Euro 4,nan,
16912,Gennaio,2013,77675.0,114.0,Diesel,Cambio automatico,,Roma,Milano,PORSCHE,Cayenne,Cayenne 1.3 Comfort 5p.,1687.0,5.0,6.2,,99.0,Bianco,,nan,nan,Euro 4,nan,
1643,Marzo,2005,169234.0,88.0,Diesel,Cambio automatico,,Roma,Torino,VOLKSWAGEN,Passat,Passat 1.7 Base 5p.,1344.0,7.0,5.9,,124.0,Grigio,,nan,4 o 5 porte,Euro 4,nan,
1436,Giugno,2005,221054.0,102.0,Diesel,Cambio manuale,,Roma,Roma,FORD,Focus,Focus 1.3 Base 5p.,1468.0,5.0,4.3,,153.0,Bianco,,Airbag anteriori e laterali,2 o 3 porte,Euro 5,Climatizzatore manuale,
1487,Gennaio,2011,115366.0,52.0,Diesel,Cambio manuale,,Roma,Roma,FIAT,500,500 1.8 Business 5p.,841.0,5.0,6.6,,109.0,Grigio,,nan,nan,nan,Climatizzatore automatico,
1882,Gennaio,2005,193068.0,48.0,Benzina,Cambio automatico,,Roma,Milano,BMW,Serie 1,Serie 1 1.2 Comfort 5p.,683.0,4.0,5.9,,128.0,Bianco,,nan,2 o 3 porte,Euro 4,Climatizzatore manuale,
2449,No Mese,2004,67670.0,99.0,Diesel,Cambio manuale,,Roma,Milano,VOLKSWAGEN,Polo,Polo 1.6 Business 5p.,1218.0,5.0,5.6,,133.0,Nero,,Airbag anteriori e laterali,2 o 3 porte,Euro 4,Climatizzatore automatico,
2146,No Mese,2003,291532.0,97.0,Diesel,Cambio automatico,,Roma,Torino,BMW,X1,X1 1.7 Comfort 5p.,1398.0,5.0,5.5,,118.0,Bianco,,Airbag anteriori e laterali,nan,Euro 4,Climatizzatore manuale,
15362,Gennaio,2018,23356.0,145.0,Diesel,Cambio manuale,,Roma,Roma,MERCEDES-BENZ,Classe C,Classe C 1.7 Business 5p.,2073.0,5.0,6.9,,103.0,Nero,,Airbag anteriori e laterali,nan,Euro 6,nan,
6445,No Mese,2015,70356.0,118.0,Diesel,Cambio automatico,,Roma,Torino,FORD,Fiesta,Fiesta 1.7 Sport 5p.,1478.0,7.0,7.6,,97.0,Bianco,,nan,4 o 5 porte,nan,Climatizzatore manuale,
8446,Marzo,2013,94669.0,114.0,Diesel,Cambio manuale,,Roma,Torino,BMW,Serie 1,Serie 1 1.7 Base 5p.,1585.0,5.0,7.9,,128.0,Nero,,nan,nan,Euro 6,Climatizzatore automatico,
5818,Gennaio,2013,83374.0,63.0,Diesel,Cambio manuale,,Roma,Torino,AUDI,A3,A3 1.6 Sport 5p.,806.0,5.0,4.2,,83.0,Bianco,,nan,2 o 3 porte,Euro 4,Climatizzatore automatico,
1530,Marzo,2005,228077.0,70.0,Diesel,Cambio manuale,,Roma,Torino,FORD,Fiesta,Fiesta 1.3 Business 5p.,1067.0,5.0,7.1,,123.0,Bianco,,nan,4 o 5 porte,Euro 6,nan,
6790,No Mese,2016,28368.0,109.0,Benzina,Cambio manuale,,Roma,Torino,RENAULT,Clio,Clio 1.8 Sport 5p.,1239.0,7.0,5.7,,160.0,Nero,,nan,4 o 5 porte,Euro 5,Climatizzatore manuale,
4836,Giugno,2015,63178.0,80.0,Diesel,Cambio manuale,,Roma,Milano,FORD,Focus,Focus 1.7 Base 5p.,1215.0,5.0,4.1,,135.0,Nero,,Airbag anteriori e laterali,4 o 5 porte,Euro 5,Climatizzatore manuale,
1359,Giugno,2006,131891.0,75.0,Diesel,Cambio manuale,,Roma,Milano,FIAT,500,500 1.4 Business 5p.,1151.0,5.0,4.2,,159.0,Nero,,Airbag conducente,nan,Euro 6,nan,
5751,Marzo,2013,55975.0,145.0,Benzina,Cambio automatico,,Roma,Torino,VOLKSWAGEN,Passat,Passat 1.7 Base 5p.,2060.0,5.0,3.8,,138.0,Grigio,,nan,2 o 3 porte,Euro 4,Climatizzatore automatico,
1017,Marzo,2004,253268.0,72.0,Benzina,Cambio automatico,,Roma,Milano,FIAT,Panda,Panda 1.2 Base 5p.,981.0,5.0,5.3,,169.0,Bianco,,Airbag conducente,nan,Euro 5,Climatizzatore automatico,
1892,Giugno,2007,113382.0,104.0,Diesel,Cambio manuale,,Roma,Roma,OPEL,Corsa,Corsa 1.7 Sport 5p.,1677.0,4.0,6.3,,129.0,Bianco,,Airbag anteriori e laterali,2 o 3 porte,Euro 5,nan,
4351,No Mese,2019,500.0,40.0,Diesel,Cambio automatico,,Roma,Milano,RENAULT,Megane,Megane 1.7 Business 5p.,456.0,7.0,3.9,,162.0,Nero,,Airbag anteriori e laterali,2 o 3 porte,Euro 4,nan,
23745,Giugno,2019,500.0,140.0,Diesel,Cambio manuale,,Roma,Milano,MERCEDES-BENZ,Classe C,Classe C 1.8 Base 5p.,1850.0,5.0,2.8,,132.0,Bianco,,nan,2 o 3 porte,nan,Climatizzatore manuale,
1323,No Mese,2005,109294.0,60.0,GPL,Cambio manuale,,Roma,Roma,FIAT,Panda,Panda 1.8 Base 5p.,860.0,5.0,4.2,,126.0,Bianco,,Airbag conducente,nan,Euro 4,Climatizzatore automatico,
4538,Gennaio,2015,76747.0,80.0,Diesel,Cambio automatico,,Roma,Roma,VOLKSWAGEN,Polo,Polo 1.3 Base 5p.,1239.0,5.0,5.7,,140.0,Bianco,,nan,2 o 3 porte,Euro 6,Climatizzatore manuale,
1174,Marzo,2007,230900.0,60.0,Diesel,Cambio automatico,,Roma,Torino,FORD,Fiesta,Fiesta 1.7 Base 5p.,939.0,5.0,5.4,,113.0,Grigio,,Airbag anteriori e laterali,2 o 3 porte,nan,Climatizzatore automatico,
4183,Marzo,2005,266469.0,189.0,Benzina,Cambio manuale,,Roma,Milano,MERCEDES-BENZ,Classe A,Classe A 1.3 Base 5p.,2825.0,5.0,8.7,,134.0,Nero,,nan,nan,Euro 5,Climatizzatore automatico,
6012,Marzo,2019,500.0,69.0,Diesel,Cambio automatico,,Roma,Roma,FIAT,500,500 1.6 Business 5p.,823.0,7.0,4.0,,101.0,Nero,,nan,4 o 5 porte,Euro 6,nan,
693,No Mese,2004,270751.0,64.0,Benzina,Cambio manuale,,Roma,Torino,FIAT,500,500 1.7 Base 5p.,894.0,5.0,5.7,,90.0,Bianco,,nan,2 o 3 porte,nan,Climatizzatore manuale,
3946,Marzo,2015,77055.0,70.0,Diesel,Cambio manuale,,Roma,Roma,RENAULT,Clio,Clio 1.5 Sport 5p.,952.0,5.0,3.9,,147.0,Bianco,,Airbag anteriori e laterali,4 o 5 porte,nan,Climatizzatore automatico,
9464,Marzo,2015,71712.0,106.0,Metano,Cambio manuale,,Roma,Roma,MERCEDES-BENZ,Classe A,Classe A 1.2 Business 5p.,1559.0,5.0,4.3,,88.0,Bianco,,Airbag anteriori e laterali,4 o 5 porte,Euro 4,Climatizzatore automatico,
5993,Giugno,2019,500.0,95.0,Diesel,Cambio manuale,,Roma,Torino,FIAT,Panda,Panda 1.7 Base 5p.,1398.0,4.0,5.6,,101.0,Bianco,,Airbag conducente,2 o 3 porte,nan,nan,
9724,Marzo,2005,265153.0,173.0,Benzina,Cambio automatico,,Roma,Milano,PORSCHE,Macan,Macan 1.5 Sport 5p.,2273.0,4.0,5.4,,149.0,Bianco,,Airbag conducente,nan,nan,Climatizzatore automatico,
4862,Marzo,2015,26531.0,96.0,Metano,Cambio manuale,,Roma,Roma,FORD,Fiesta,Fiesta 1.2 Comfort 5p.,1359.0,5.0,3.5,,131.0,Nero,,nan,2 o 3 porte,Euro 5,Climatizzatore automatico,
988,Giugno,2008,146636.0,40.0,Diesel,Cambio manuale,,Roma,Roma,OPEL,Corsa,Corsa 1.6 Sport 5p.,473.0,7.0,5.5,,133.0,Bianco,,Airbag anteriori e laterali,2 o 3 porte,nan,Climatizzatore manuale,
3146,Giugno,2009,112269.0,119.0,GPL,Cambio automatico,,Roma,Milano,PEUGEOT,208,208 1.3 Business 5p.,1744.0,5.0,5.0,,145.0,Nero,,Airbag conducente,4 o 5 porte,Euro 5,Climatizzatore manuale,
8057,No Mese,2013,127691.0,108.0,Benzina,Cambio manuale,,Roma,Milano,BMW,X1,X1 1.7 Comfort 5p.,1473.0,5.0,5.5,,130.0,Bianco,,Airbag anteriori e laterali,2 o 3 porte,Euro 4,Climatizzatore manuale,
7326,Giugno,2014,62645.0,64.0,Diesel,Cambio manuale,,Roma,Torino,BMW,Serie 3,Serie 3 1.6 Comfort 5p.,872.0,7.0,6.0,,113.0,Bianco,,Airbag anteriori e laterali,4 o 5 porte,Euro 6,Climatizzatore manuale,
3156,Giugno,2017,21389.0,49.0,Diesel,Cambio manuale,,Roma,Roma,OPEL,Corsa,Corsa 1.6 Comfort 5p.,566.0,7.0,4.0,,125.0,Bianco,,nan,4 o 5 porte,Euro 5,Climatizzatore manuale,
8361,Marzo,2014,84120.0,102.0,Benzina,Cambio manuale,,Roma,Torino,BMW,Serie 3,Serie 3 1.5 Sport 5p.,1321.0,7.0,7.1,,127.0,Grigio,,Airbag conducente,2 o 3 porte,nan,nan,
2756,No Mese,2006,88958.0,133.0,GPL,Cambio automatico,,Roma,Roma,RENAULT,Megane,Megane 1.7 Comfort 5p.,1953.0,7.0,5.1,,120.0,Bianco,,nan,nan,Euro 4,Climatizzatore manuale,
4337,Gennaio,2018,10740.0,66.0,Diesel,Cambio automatico,,Roma,Torino,RENAULT,Clio,Clio 1.8 Comfort 5p.,1078.0,5.0,4.0,,146.0,Grigio,,Airbag conducente,2 o 3 porte,nan,Climatizzatore manuale,
1957,Giugno,2007,78264.0,79.0,Benzina,Cambio automatico,,Roma,Milano,OPEL,Corsa,Corsa 1.5 Base 5p.,934.0,5.0,4.7,,121.0,Nero,,Airbag anteriori e laterali,2 o 3 porte,Euro 5,Climatizzatore manuale,
12343,No Mese,2019,500.0,138.0,Diesel,Cambio automatico,,Roma,Milano,RENAULT,Megane,Megane 1.8 Comfort 5p.,2062.0,5.0,6.1,,66.0,Grigio,,nan,2 o 3 porte,Euro 4,nan,
8648,Marzo,2010,70467.0,216.0,Benzina,Cambio manuale,,Roma,Torino,BMW,X1,X1 1.7 Business 5p.,2706.0,7.0,5.1,,97.0,Grigio,,Airbag anteriori e laterali,2 o 3 porte,Euro 4,nan,
6273,Marzo,2012,60673.0,119.0,Benzina,Cambio automatico,,Roma,Milano,VOLKSWAGEN,Passat,Passat 1.3 Business 5p.,1842.0,5.0,4.4,,102.0,Bianco,,Airbag conducente,2 o 3 porte,Euro 6,nan,
6039,Marzo,2012,85634.0,134.0,Diesel,Cambio manuale,,Roma,Milano,BMW,Serie 1,Serie 1 1.5 Sport 5p.,1681.0,7.0,4.7,,111.0,Bianco,,Airbag conducente,4 o 5 porte,Euro 4,Climatizzatore manuale,
7722,Gennaio,2016,30648.0,90.0,Diesel,Cambio automatico,,Roma,Roma,VOLKSWAGEN,Passat,Passat 1.3 Base 5p.,1170.0,7.0,3.6,,132.0,Bianco,,Airbag conducente,4 o 5 porte,nan,Climatizzatore automatico,
8431,No Mese,2013,106721.0,143.0,Benzina,Cambio automatico,,Roma,Torino,AUDI,Q3,Q3 1.5 Sport 5p.,1916.0,5.0,5.1,,73.0,Bianco,,Airbag conducente,nan,nan,Climatizzatore automatico,
12633,Marzo,2018,22570.0,136.0,Benzina,Cambio manuale,,Roma,Milano,AUDI,Q3,Q3 1.7 Comfort 5p.,1887.0,5.0,6.1,,136.0,Bianco,,Airbag conducente,2 o 3 porte,Euro 4,nan,
628,Gennaio,2005,262580.0,40.0,Elettrico,Cambio automatico,,Roma,Roma,FIAT,Panda,Panda 1.8 Base 5p.,531.0,5.0,5.8,,134.0,Grigio,,nan,4 o 5 porte,Euro 5,Climatizzatore automatico,
721,Giugno,2006,255646.0,58.0,Diesel,Cambio automatico,,Roma,Torino,FIAT,Panda,Panda 1.4 Business 5p.,816.0,5.0,6.5,,97.0,Grigio,,Airbag conducente,4 o 5 porte,nan,nan,
3222,Marzo,2004,79797.0,143.0,Diesel,Cambio automatico,,Roma,Milano,VOLKSWAGEN,Golf,Golf 1.4 Base 5p.,2010.0,5.0,5.2,,158.0,Bianco,,Airbag conducente,nan,Euro 4,nan,
4836,Marzo,2016,37346.0,105.0,Diesel,Cambio automatico,,Roma,Milano,FIAT,Tipo,Tipo 1.6 Comfort 5p.,1472.0,5.0,5.1,,110.0,Bianco,,nan,nan,Euro 6,nan,
18586,No Mese,2019,500.0,121.0,Diesel,Cambio manuale,,Roma,Roma,MERCEDES-BENZ,Classe C,Classe C 1.3 Business 5p.,1483.0,5.0,5.1,,111.0,Bianco,,Airbag conducente,2 o 3 porte,nan,nan,
10981,Giugno,2015,68048.0,139.0,Metano,Cambio automatico,,Roma,Torino,AUDI,Q3,Q3 1.3 Comfort 5p.,1908.0,4.0,7.1,,162.0,Bianco,,nan,4 o 5 porte,Euro 4,nan,
1414,No Mese,2005,227750.0,109.0,Diesel,Cambio manuale,,Roma,Torino,FORD,Focus,Focus 1.2 Sport 5p.,1576.0,4.0,6.3,,131.0,Nero,,Airbag conducente,2 o 3 porte,nan,nan,
11599,No Mese,2017,12379.0,99.0,Diesel,Cambio manuale,,Roma,Torino,MERCEDES-BENZ,Classe C,Classe C 1.7 Business 5p.,1586.0,5.0,3.9,,90.0,Nero,,Airbag conducente,nan,Euro 4,nan,
6333,Gennaio,2017,36806.0,94.0,Diesel,Cambio manuale,,Roma,Roma,FORD,Fiesta,Fiesta 1.6 Base 5p.,1322.0,4.0,7.6,,137.0,Grigio,,nan,nan,Euro 4,nan,
914,No Mese,2004,380909.0,40.0,Benzina,Cambio automatico,,Roma,Torino,AUDI,A3,A3 1.7 Sport 5p.,505.0,7.0,5.2,,134.0,Bianco,,Airbag conducente,4 o 5 porte,nan,nan,
2697,Marzo,2007,130794.0,125.0,Diesel,Cambio automatico,,Roma,Milano,FIAT,Panda,Panda 1.6 Base 5p.,2140.0,7.0,3.2,,128.0,Grigio,,Airbag conducente,nan,nan,Climatizzatore automatico,
7223,Marzo,2015,38225.0,159.0,Diesel,Cambio automatico,,Roma,Milano,PEUGEOT,208,208 1.5 Business 5p.,2508.0,5.0,4.8,,118.0,Bianco,,Airbag anteriori e laterali,2 o 3 porte,Euro 4,Climatizzatore manuale,
3965,Gennaio,2013,94189.0,117.0,Diesel,Cambio automatico,,Roma,Milano,FIAT,Tipo,Tipo 1.2 Comfort 5p.,1394.0,5.0,3.3,,54.0,Grigio,,Airbag anteriori e laterali,2 o 3 porte,nan,Climatizzatore automatico,
10666,Giugno,2016,44668.0,75.0,Benzina,Cambio automatico,,Roma,Milano,BMW,X1,X1 1.7 Business 5p.,1084.0,5.0,6.5,,165.0,Bianco,,Airbag anteriori e laterali,nan,Euro 6,Climatizzatore automatico,
1191,Gennaio,2004,216965.0,42.0,Benzina,Cambio automatico,,Roma,Milano,VOLKSWAGEN,Passat,Passat 1.7 Base 5p.,577.0,5.0,4.8,,111.0,Grigio,,Airbag anteriori e laterali,nan,Euro 6,Climatizzatore automatico,
2375,Marzo,2010,164625.0,89.0,Diesel,Cambio manuale,,Roma,Milano,PEUGEOT,308,308 1.7 Comfort 5p.,1307.0,5.0,5.0,,147.0,Bianco,,nan,2 o 3 porte,Euro 6,Climatizzatore automatico,
5927,Gennaio,2019,500.0,101.0,Diesel,Cambio automatico,,Roma,Torino,OPEL,Corsa,Corsa 1.8 Business 5p.,1265.0,5.0,5.0,,115.0,Nero,,nan,nan,Euro 4,nan,
65737,Gennaio,2019,500.0,190.0,GPL,Cambio automatico,,Roma,Torino,PORSCHE,Cayenne,Cayenne 1.7 Business 5p.,2651.0,5.0,4.8,,157.0,Bianco,,nan,nan,Euro 5,Climatizzatore automatico,
3935,Marzo,2011,63704.0,103.0,Diesel,Cambio automatico,,Roma,Torino,VOLKSWAGEN,Passat,Passat 1.3 Base 5p.,1579.0,7.0,4.9,,131.0,Grigio,,Airbag conducente,2 o 3 porte,Euro 5,Climatizzatore automatico,
3763,Giugno,2018,5456.0,42.0,Benzina,Cambio manuale,,Roma,Torino,RENAULT,Clio,Clio 1.6 Comfort 5p.,619.0,7.0,5.3,,94.0,Nero,,nan,nan,nan,Climatizzatore manuale,
14036,Marzo,2019,500.0,85.0,Diesel,Cambio automatico,,Roma,Milano,MERCEDES-BENZ,Classe C,Classe C 1.5 Base 5p.,1111.0,7.0,5.7,,130.0,Bianco,,nan,2 o 3 porte,nan,nan,
3442,Giugno,2006,250900.0,132.0,Diesel,Cambio manuale,,Roma,Roma,AUDI,A4,A4 1.5 Comfort 5p.,2097.0,5.0,3.2,,102.0,Nero,,nan,nan,Euro 4,nan,
2328,Gennaio,2013,99323.0,50.0,Diesel,Cambio automatico,,Roma,Milano,RENAULT,Clio,Clio 1.3 Base 5p.,808.0,7.0,5.5,,123.0,Bianco,,Airbag anteriori e laterali,nan,Euro 5,nan,
3187,Giugno,2010,159309.0,116.0,Elettrico,Cambio manuale,,Roma,Milano,RENAULT,Megane,Megane 1.4 Sport 5p.,1600.0,5.0,7.5,,125.0,Bianco,,Airbag conducente,2 o 3 porte,Euro 6,Climatizzatore automatico,
4837,Marzo,2017,40972.0,62.0,Diesel,Cambio manuale,,Roma,Torino,VOLKSWAGEN,Passat,Passat 1.6 Business 5p.,828.0,7.0,5.3,,140.0,Grigio,,Airbag anteriori e laterali,nan,nan,Climatizzatore automatico,
21039,Giugno,2014,90331.0,134.0,Diesel,Cambio manuale,,Roma,Milano,PORSCHE,Cayenne,Cayenne 1.4 Sport 5p.,1870.0,5.0,2.4,,73.0,Nero,,nan,2 o 3 porte,Euro 5,nan,
2280,Gennaio,2009,118647.0,100.0,Metano,Cambio manuale,,Roma,Roma,VOLKSWAGEN,Passat,Passat 1.7 Base 5p.,,5.0,5.9,,124.0,Bianco,,Airbag conducente,2 o 3 porte,Euro 5,nan,
4279,Gennaio,2017,37012.0,61.0,Diesel,Cambio manuale,,Roma,Milano,RENAULT,Clio,Clio 1.4 Comfort 5p.,627.0,4.0,5.6,,137.0,Nero,,nan,nan,nan,Climatizzatore automatico,
8719,Marzo,2012,64637.0,124.0,Diesel,Cambio manuale,,Roma,Milano,BMW,Serie 1,Serie 1 1.3 Business 5p.,1708.0,4.0,5.6,,131.0,Grigio,,nan,2 o 3 porte,Euro 5,Climatizzatore manuale,
1531,Giugno,2005,223449.0,96.0,GPL,Cambio manuale,,Roma,Roma,VOLKSWAGEN,Passat,Passat 1.4 Sport 5p.,1518.0,5.0,4.8,,127.0,Bianco,,Airbag conducente,4 o 5 porte,Euro 4,Climatizzatore manuale,
2040,Gennaio,2008,54922.0,90.0,Diesel,Cambio automatico,,Roma,Roma,FIAT,Tipo,Tipo 1.2 Business 5p.,1071.0,5.0,6.1,,113.0,Nero,,Airbag conducente,2 o 3 porte,Euro 6,Climatizzatore manuale,
4691,Marzo,2008,167333.0,118.0,Benzina,Cambio manuale,,Roma,Roma,AUDI,A4,A4 1.5 Business 5p.,1581.0,5.0,5.0,,147.0,Nero,,nan,nan,nan,nan,
7943,No Mese,2007,183476.0,119.0,Benzina,Cambio manuale,,Roma,Milano,PORSCHE,Macan,Macan 1.2 Sport 5p.,1457.0,5.0,4.4,,155.0,Bianco,,Airbag conducente,2 o 3 porte,nan,Climatizzatore automatico,
10622,Gennaio,2010,120291.0,205.0,Diesel,Cambio manuale,,Roma,Torino,BMW,Serie 1,Serie 1 1.8 Comfort 5p.,2974.0,7.0,5.5,,107.0,Bianco,,Airbag conducente,4 o 5 porte,nan,Climatizzatore manuale,
11043,No Mese,2014,36331.0,163.0,GPL,Cambio automatico,,Roma,Roma,AUDI,Q3,Q3 1.7 Base 5p.,2481.0,7.0,4.9,,121.0,Bianco,,Airbag conducente,2 o 3 porte,Euro 6,Climatizzatore manuale,
5154,Gennaio,2013,30209.0,93.0,Diesel,Cambio automatico,,Roma,Milano,FORD,Focus,Focus 1.8 Base 5p.,1320.0,5.0,4.7,,123.0,Grigio,,nan,2 o 3 porte,nan,Climatizzatore manuale,
4488,Marzo,2018,17904.0,59.0,Elettrico,Cambio manuale,,Roma,Torino,FIAT,Panda,Panda 1.6 Business 5p.,818.0,4.0,8.4,,97.0,Grigio,,Airbag conducente,nan,Euro 6,Climatizzatore automatico,
2794,Marzo,2014,54043.0,68.0,GPL,Cambio manuale,,Roma,Torino,FIAT,500,500 1.5 Business 5p.,974.0,4.0,5.9,,123.0,Nero,,Airbag anteriori e laterali,4 o 5 porte,Euro 5,Climatizzatore automatico,
5970,Gennaio,2012,127571.0,158.0,Diesel,Cambio manuale,,Roma,Torino,VOLKSWAGEN,Passat,Passat 1.4 Comfort 5p.,2131.0,5.0,6.1,,123.0,Nero,,Airbag conducente,4 o 5 porte,Euro 5,Climatizzatore automatico,
2356,No Mese,2013,78605.0,51.0,Diesel,Cambio manuale,,Roma,Torino,FIAT,500,500 1.5 Base 5p.,768.0,4.0,6.6,,86.0,Nero,,Airbag conducente,4 o 5 porte,nan,nan,
1276,Giugno,2005,178470.0,117.0,Diesel,Cambio manuale,,Roma,Roma,RENAULT,Megane,Megane 1.5 Sport 5p.,1807.0,4.0,7.4,,127.0,Grigio,,Airbag conducente,4 o 5 porte,Euro 4,Climatizzatore automatico,
5140,Giugno,2018,3198.0,65.0,Benzina,Cambio manuale,,Roma,Torino,FORD,Focus,Focus 1.3 Sport 5p.,918.0,5.0,5.0,,108.0,Nero,,Airbag anteriori e laterali,2 o 3 porte,Euro 4,Climatizzatore manuale,
18650,No Mese,2018,17682.0,129.0,Diesel,Cambio manuale,,Roma,Torino,BMW,Serie 3,Serie 3 1.3 Base 5p.,1734.0,5.0,4.5,,131.0,Nero,,Airbag conducente,2 o 3 porte,nan,Climatizzatore automatico,
871,No Mese,2003,232080.0,95.0,Benzina,Cambio manuale,,Roma,Milano,FIAT,Panda,Panda 1.8 Comfort 5p.,1323.0,7.0,3.7,,154.0,Grigio,,nan,nan,Euro 4,nan,
3732,Gennaio,2012,78036.0,92.0,Diesel,Cambio manuale,,Roma,Milano,FORD,Fiesta,Fiesta 1.7 Sport 5p.,1355.0,4.0,4.6,,159.0,Grigio,,Airbag conducente,2 o 3 porte,Euro 6,Climatizzatore automatico,
5549,Gennaio,2012,68375.0,86.0,Diesel,Cambio automatico,,Roma,Milano,AUDI,A4,A4 1.5 Business 5p.,1193.0,7.0,6.8,,116.0,Nero,,Airbag anteriori e laterali,nan,Euro 4,Climatizzatore manuale,
5199,Giugno,2014,26782.0,110.0,GPL,Cambio manuale,,Roma,Torino,PEUGEOT,308,308 1.6 Comfort 5p.,1751.0,4.0,5.9,,119.0,Grigio,,Airbag conducente,nan,Euro 6,nan,
10942,No Mese,2016,25863.0,88.0,Benzina,Cambio automatico,,Roma,Torino,BMW,Serie 3,Serie 3 1.8 Base 5p.,1397.0,5.0,6.8,,122.0,Grigio,,nan,nan,Euro 6,Climatizzatore automatico,
5607,Gennaio,2017,40953.0,83.0,Diesel,Cambio automatico,,Roma,Torino,FIAT,500,500 1.2 Business 5p.,1027.0,5.0,3.3,,130.0,Grigio,,Airbag anteriori e laterali,4 o 5 porte,Euro 4,nan,
4264,Gennaio,2015,62208.0,109.0,Diesel,Cambio manuale,,Roma,Torino,OPEL,Corsa,Corsa 1.2 Comfort 5p.,1404.0,5.0,6.1,,108.0,Grigio,,Airbag anteriori e laterali,nan,Euro 6,nan,
805,Marzo,2003,340868.0,109.0,Diesel,Cambio manuale,,Roma,Torino,FIAT,Tipo,Tipo 1.3 Base 5p.,1220.0,4.0,5.6,,115.0,Nero,,Airbag conducente,nan,Euro 5,Climatizzatore automatico,
2836,Marzo,2007,212168.0,130.0,Diesel,Cambio manuale,,Roma,Milano,VOLKSWAGEN,Passat,Passat 1.5 Business 5p.,1960.0,4.0,7.2,,142.0,Grigio,,Airbag anteriori e laterali,nan,Euro 4,Climatizzatore manuale,
1635,Gennaio,2010,103812.0,60.0,Benzina,Cambio manuale,,Roma,Roma,RENAULT,Megane,Megane 1.4 Sport 5p.,783.0,5.0,3.9,,147.0,Bianco,,nan,4 o 5 porte,nan,Climatizzatore automatico,
2822,No Mese,2003,254634.0,99.0,Benzina,Cambio automatico,,Roma,Torino,BMW,Serie 1,Serie 1 1.6 Comfort 5p.,1551.0,5.0,5.1,,130.0,Bianco,,Airbag anteriori e laterali,4 o 5 porte,Euro 6,Climatizzatore manuale,
5158,Marzo,2016,14851.0,98.0,GPL,Cambio automatico,,Roma,Torino,OPEL,Astra,Astra 1.6 Base 5p.,1220.0,,6.6,,131.0,Nero,,nan,2 o 3 porte,Euro 6,Climatizzatore manuale,
1066,Marzo,2006,258184.0,71.0,Diesel,Cambio manuale,,Roma,Roma,PEUGEOT,208,208 1.8 Business 5p.,1015.0,5.0,6.7,,135.0,Grigio,,nan,2 o 3 porte,nan,Climatizzatore automatico,
1298,Gennaio,2004,195007.0,103.0,Diesel,Cambio manuale,,Roma,Roma,FIAT,Tipo,Tipo 1.4 Business 5p.,1254.0,4.0,4.6,,139.0,Bianco,,nan,2 o 3 porte,Euro 5,Climatizzatore automatico,
3201,No Mese,2005,195591.0,104.0,Benzina,Cambio manuale,,Roma,Torino,MERCEDES-BENZ,Classe A,Classe A 1.3 Base 5p.,1387.0,4.0,4.5,,108.0,Bianco,,nan,2 o 3 porte,nan,Climatizzatore manuale,
885,No Mese,2005,210933.0,66.0,Diesel,Cambio automatico,,Roma,Milano,FIAT,Tipo,Tipo 1.7 Comfort 5p.,962.0,4.0,3.1,,137.0,Nero,,Airbag anteriori e laterali,2 o 3 porte,Euro 4,nan,
9647,Giugno,2015,58969.0,102.0,Benzina,Cambio manuale,,Roma,Milano,MERCEDES-BENZ,Classe A,Classe A 1.2 Comfort 5p.,1471.0,7.0,6.6,,137.0,Grigio,,Airbag anteriori e laterali,4 o 5 porte,Euro 5,nan,
972,No Mese,2003,236581.0,83.0,Diesel,Cambio manuale,,Roma,Torino,OPEL,Astra,Astra 1.7 Sport 5p.,1259.0,5.0,6.9,,114.0,Grigio,,Airbag anteriori e laterali,nan,Euro 4,Climatizzatore manuale,
1737,Giugno,2009,136745.0,65.0,Diesel,Cambio manuale,,Roma,Torino,FORD,Focus,Focus 1.7 Comfort 5p.,849.0,4.0,5.5,,102.0,Nero,,Airbag conducente,4 o 5 porte,nan,nan,
1037,Giugno,2005,145195.0,90.0,Benzina,Cambio manuale,,Roma,Torino,FIAT,Panda,Panda 1.5 Sport 5p.,1153.0,5.0,6.9,,130.0,Nero,,Airbag conducente,nan,nan,Climatizzatore manuale,
4895,Marzo,2008,132976.0,112.0,Diesel,Cambio manuale,,Roma,Roma,BMW,Serie 1,Serie 1 1.4 Business 5p.,1582.0,7.0,5.0,,92.0,Bianco,,Airbag anteriori e laterali,4 o 5 porte,Euro 6,Climatizzatore manuale,
4225,Marzo,2009,55706.0,136.0,Diesel,Cambio automatico,,Roma,Torino,FORD,Focus,Focus 1.8 Sport 5p.,1962.0,5.0,8.1,,161.0,Nero,,Airbag anteriori e laterali,nan,Euro 6,Climatizzatore automatico,
666,Giugno,2003,247353.0,56.0,Benzina,Cambio manuale,,Roma,Torino,FIAT,Tipo,Tipo 1.4 Sport 5p.,761.0,5.0,7.1,,83.0,Bianco,,nan,4 o 5 porte,Euro 6,nan,
1225,No Mese,2004,90501.0,61.0,Diesel,Cambio manuale,,Roma,Torino,RENAULT,Megane,Megane 1.8 Comfort 5p.,776.0,7.0,5.0,,152.0,Grigio,,Airbag conducente,nan,Euro 6,Climatizzatore manuale,
12134,No Mese,2013,102766.0,159.0,Diesel,Cambio automatico,,Roma,Roma,MERCEDES-BENZ,Classe C,Classe C 1.8 Business 5p.,1838.0,4.0,3.8,,84.0,Bianco,,Airbag anteriori e laterali,nan,Euro 6,Climatizzatore manuale,
4941,No Mese,2016,32494.0,78.0,Benzina,Cambio automatico,,Roma,Torino,FIAT,Panda,Panda 1.4 Base 5p.,1163.0,5.0,6.3,,120.0,Grigio,,Airbag conducente,2 o 3 porte,Euro 5,nan,
3016,No Mese,2012,78744.0,87.0,Benzina,Cambio manuale,,Roma,Milano,RENAULT,Megane,Megane 1.5 Sport 5p.,1280.0,5.0,6.5,,148.0,Nero,,nan,2 o 3 porte,nan,Climatizzatore automatico,
6159,No Mese,2010,34040.0,95.0,Benzina,Cambio automatico,,Roma,Milano,AUDI,Q3,Q3 1.8 Sport 5p.,1308.0,5.0,4.6,,152.0,Nero,,nan,4 o 5 porte,Euro 4,nan,
1652,Marzo,2008,152963.0,91.0,GPL,Cambio manuale,,Roma,Torino,FIAT,500,500 1.8 Sport 5p.,1402.0,5.0,5.7,,152.0,Bianco,,Airbag anteriori e laterali,2 o 3 porte,Euro 6,nan,
4283,Giugno,2005,131086.0,134.0,Diesel,Cambio manuale,,Roma,Torino,MERCEDES-BENZ,Classe C,Classe C 1.5 Sport 5p.,1894.0,5.0,6.0,,114.0,Grigio,,Airbag anteriori e laterali,2 o 3 porte,Euro 5,Climatizzatore automatico,
1353,No Mese,2007,183126.0,59.0,Benzina,Cambio manuale,,Roma,Milano,FORD,Focus,Focus 1.7 Base 5p.,915.0,7.0,5.6,,146.0,Grigio,,Airbag anteriori e laterali,4 o 5 porte,Euro 5,Climatizzatore manuale,
7376,Giugno,2016,41398.0,149.0,Metano,Cambio automatico,,Roma,Roma,RENAULT,Megane,Megane 1.8 Sport 5p.,2141.0,5.0,4.8,,79.0,Nero,,nan,nan,Euro 5,Climatizzatore manuale,
